claim_type,collision_type,vehicle_age,repair_amount,declared_damage_count,additional_damage_count,document_count,missing_document_count,document_completeness_ratio,injuries_declared,consistency_issue_count,workflow
AUTO_COLLISION,SIDE_COLLISION,7,1428.45,3,1,4,0,1.0,False,1,STANDARD
AUTO_COLLISION,REAR_COLLISION,5,1163.28,2,0,3,0,1.0,False,0,FAST_TRACK
AUTO_COLLISION,SIDE_COLLISION,2,3250.94,4,0,3,0,1.0,False,0,STANDARD
AUTO_COLLISION,FRONT_COLLISION,5,3618.92,3,1,3,1,0.6666666666666666,False,0,EXPERT_REVIEW
AUTO_COLLISION,FRONT_COLLISION,6,976.16,4,1,4,0,1.0,False,1,EXPERT_REVIEW
AUTO_COLLISION,SIDE_COLLISION,7,7024.43,2,0,5,0,1.0,False,0,STANDARD
AUTO_COLLISION,SIDE_COLLISION,6,1470.29,2,0,4,0,1.0,False,0,FAST_TRACK
AUTO_COLLISION,PARKING_DAMAGE,3,608.91,2,1,6,0,1.0,False,0,STANDARD
AUTO_COLLISION,PARKING_DAMAGE,7,1255.13,2,0,3,0,1.0,False,1,FAST_TRACK
AUTO_COLLISION,FRONT_COLLISION,4,1378.63,2,1,6,0,1.0,False,1,STANDARD
AUTO_COLLISION,PARKING_DAMAGE,3,1174.05,3,1,4,0,1.0,False,2,EXPERT_REVIEW
AUTO_COLLISION,SIDE_COLLISION,5,1135.7,2,1,4,1,0.75,False,0,STANDARD
AUTO_COLLISION,FRONT_COLLISION,7,2358.85,2,0,4,0,1.0,True,0,EXPERT_REVIEW
AUTO_COLLISION,PARKING_DAMAGE,9,1249.07,1,0,3,0,1.0,False,0,FAST_TRACK
AUTO_COLLISION,PARKING_DAMAGE,10,470.92,3,0,5,0,1.0,False,0,EXPERT_REVIEW
AUTO_COLLISION,PARKING_DAMAGE,4,2527.26,3,1,3,0,1.0,False,0,EXPERT_REVIEW
AUTO_COLLISION,SIDE_COLLISION,6,3479.27,3,1,6,1,0.8333333333333334,False,3,INVESTIGATION
AUTO_COLLISION,FRONT_COLLISION,8,479.48,2,0,6,3,0.5,False,1,INVESTIGATION
AUTO_COLLISION,FRONT_COLLISION,3,4597.32,3,1,5,1,0.8,False,1,STANDARD
AUTO_COLLISION,SIDE_COLLISION,5,1248.06,1,1,6,0,1.0,False,1,INVESTIGATION
AUTO_COLLISION,FRONT_COLLISION,8,2659.59,2,0,6,0,1.0,False,0,STANDARD
AUTO_COLLISION,FRONT_COLLISION,10,2970.82,5,1,5,1,0.8,True,0,EXPERT_REVIEW
AUTO_COLLISION,FRONT_COLLISION,5,1507.11,1,0,5,1,0.8,False,1,STANDARD
AUTO_COLLISION,FRONT_COLLISION,8,7212.76,4,0,6,0,1.0,False,0,STANDARD
AUTO_COLLISION,SIDE_COLLISION,6,4254.16,5,1,3,0,1.0,False,0,STANDARD
AUTO_COLLISION,FRONT_COLLISION,4,2409.15,2,0,6,1,0.8333333333333334,False,2,INVESTIGATION
AUTO_COLLISION,REAR_COLLISION,8,830.93,4,1,3,0,1.0,False,2,INVESTIGATION
AUTO_COLLISION,SIDE_COLLISION,7,3203.99,2,0,6,1,0.8333333333333334,False,1,FAST_TRACK
AUTO_COLLISION,PARKING_DAMAGE,6,862.81,1,0,3,0,1.0,False,1,FAST_TRACK
AUTO_COLLISION,REAR_COLLISION,8,653.04,4,0,6,0,1.0,False,0,FAST_TRACK
AUTO_COLLISION,REAR_COLLISION,10,1751.05,1,1,4,0,1.0,False,1,EXPERT_REVIEW
AUTO_COLLISION,FRONT_COLLISION,3,4193.0,2,0,3,0,1.0,False,0,STANDARD
AUTO_COLLISION,SIDE_COLLISION,4,3644.45,1,0,4,0,1.0,False,0,EXPERT_REVIEW
AUTO_COLLISION,SIDE_COLLISION,3,2020.09,2,1,3,2,0.3333333333333333,False,2,STANDARD
AUTO_COLLISION,FRONT_COLLISION,2,1006.76,3,1,3,0,1.0,False,2,INVESTIGATION
AUTO_COLLISION,PARKING_DAMAGE,5,1457.93,2,0,3,1,0.6666666666666666,False,1,EXPERT_REVIEW
AUTO_COLLISION,PARKING_DAMAGE,3,1319.68,2,1,3,1,0.6666666666666666,False,0,STANDARD
AUTO_COLLISION,REAR_COLLISION,8,5841.3,2,1,5,2,0.6,False,1,EXPERT_REVIEW
AUTO_COLLISION,FRONT_COLLISION,4,627.26,2,0,4,0,1.0,False,0,STANDARD
AUTO_COLLISION,PARKING_DAMAGE,5,1078.06,5,0,6,0,1.0,False,0,FAST_TRACK
AUTO_COLLISION,SIDE_COLLISION,7,1686.73,1,1,4,0,1.0,False,0,STANDARD
AUTO_COLLISION,FRONT_COLLISION,8,2140.38,1,0,4,0,1.0,False,0,FAST_TRACK
AUTO_COLLISION,PARKING_DAMAGE,8,318.04,1,1,5,1,0.8,False,2,INVESTIGATION
AUTO_COLLISION,FRONT_COLLISION,3,2343.79,3,0,3,0,1.0,False,0,EXPERT_REVIEW
AUTO_COLLISION,FRONT_COLLISION,11,4394.4,4,0,5,0,1.0,True,0,EXPERT_REVIEW
AUTO_COLLISION,SIDE_COLLISION,5,4124.58,3,0,4,2,0.5,False,0,EXPERT_REVIEW
AUTO_COLLISION,FRONT_COLLISION,10,1362.87,8,0,5,0,1.0,False,0,STANDARD
AUTO_COLLISION,FRONT_COLLISION,6,803.65,1,0,3,0,1.0,False,1,STANDARD
AUTO_COLLISION,FRONT_COLLISION,10,3612.14,3,0,3,0,1.0,False,0,EXPERT_REVIEW
AUTO_COLLISION,REAR_COLLISION,4,2692.93,1,0,3,0,1.0,False,0,STANDARD
AUTO_COLLISION,SIDE_COLLISION,6,2476.5,3,0,5,0,1.0,True,0,STANDARD
AUTO_COLLISION,SIDE_COLLISION,8,891.82,3,0,3,0,1.0,False,0,STANDARD
AUTO_COLLISION,REAR_COLLISION,5,2074.05,1,1,6,1,0.8333333333333334,False,1,STANDARD
AUTO_COLLISION,FRONT_COLLISION,3,1583.78,2,0,3,0,1.0,False,0,FAST_TRACK
AUTO_COLLISION,REAR_COLLISION,6,3047.77,3,1,6,1,0.8333333333333334,False,1,STANDARD
AUTO_COLLISION,SIDE_COLLISION,9,7868.52,4,0,6,0,1.0,True,0,EXPERT_REVIEW
AUTO_COLLISION,SIDE_COLLISION,8,1714.22,3,0,3,0,1.0,True,0,EXPERT_REVIEW
AUTO_COLLISION,FRONT_COLLISION,10,3937.3,4,0,6,0,1.0,True,0,STANDARD
AUTO_COLLISION,REAR_COLLISION,6,4194.36,2,0,5,0,1.0,False,0,EXPERT_REVIEW
AUTO_COLLISION,SIDE_COLLISION,6,1558.2,3,1,3,0,1.0,False,0,STANDARD
AUTO_COLLISION,FRONT_COLLISION,5,6203.27,6,1,4,2,0.5,False,1,EXPERT_REVIEW
AUTO_COLLISION,SIDE_COLLISION,4,686.26,2,0,5,2,0.6,False,0,INVESTIGATION
AUTO_COLLISION,REAR_COLLISION,7,10404.53,6,0,3,0,1.0,False,0,STANDARD
AUTO_COLLISION,REAR_COLLISION,6,767.87,1,0,5,2,0.6,False,1,STANDARD
AUTO_COLLISION,SIDE_COLLISION,11,944.82,2,0,4,1,0.75,False,0,EXPERT_REVIEW
AUTO_COLLISION,PARKING_DAMAGE,5,1251.08,2,0,5,0,1.0,False,0,FAST_TRACK
AUTO_COLLISION,REAR_COLLISION,5,2298.95,1,0,5,0,1.0,False,1,EXPERT_REVIEW
AUTO_COLLISION,PARKING_DAMAGE,3,236.53,2,0,4,1,0.75,False,0,EXPERT_REVIEW
AUTO_COLLISION,FRONT_COLLISION,7,818.68,1,1,3,0,1.0,False,1,STANDARD
AUTO_COLLISION,FRONT_COLLISION,8,1019.49,1,0,6,0,1.0,False,0,FAST_TRACK
AUTO_COLLISION,FRONT_COLLISION,8,3004.2,2,1,4,0,1.0,False,0,STANDARD
AUTO_COLLISION,FRONT_COLLISION,6,3834.16,3,2,4,0,1.0,False,1,INVESTIGATION
AUTO_COLLISION,REAR_COLLISION,7,2172.01,3,1,6,1,0.8333333333333334,False,0,INVESTIGATION
AUTO_COLLISION,REAR_COLLISION,7,1959.82,4,0,3,0,1.0,False,0,FAST_TRACK
AUTO_COLLISION,REAR_COLLISION,4,673.64,4,0,4,0,1.0,True,1,EXPERT_REVIEW
AUTO_COLLISION,SIDE_COLLISION,9,4084.95,2,0,6,2,0.6666666666666666,True,0,EXPERT_REVIEW
AUTO_COLLISION,SIDE_COLLISION,7,1995.64,1,1,6,0,1.0,False,0,STANDARD
AUTO_COLLISION,FRONT_COLLISION,8,1186.33,2,0,5,1,0.8,False,1,INVESTIGATION
AUTO_COLLISION,REAR_COLLISION,7,5005.01,3,0,3,0,1.0,False,0,FAST_TRACK
AUTO_COLLISION,SIDE_COLLISION,10,3215.29,2,0,3,2,0.3333333333333333,False,3,INVESTIGATION
AUTO_COLLISION,PARKING_DAMAGE,9,575.11,2,0,5,0,1.0,False,0,FAST_TRACK
AUTO_COLLISION,FRONT_COLLISION,2,5364.02,2,0,6,0,1.0,False,1,STANDARD
AUTO_COLLISION,SIDE_COLLISION,7,4448.98,3,0,5,1,0.8,False,1,STANDARD
AUTO_COLLISION,REAR_COLLISION,6,3263.89,2,2,5,1,0.8,True,3,INVESTIGATION
AUTO_COLLISION,SIDE_COLLISION,7,1974.26,3,1,3,0,1.0,False,0,EXPERT_REVIEW
AUTO_COLLISION,FRONT_COLLISION,4,1579.91,3,1,6,2,0.6666666666666666,False,0,STANDARD
AUTO_COLLISION,REAR_COLLISION,3,7090.15,3,0,4,0,1.0,False,0,STANDARD
AUTO_COLLISION,REAR_COLLISION,3,4187.43,4,2,3,0,1.0,False,2,INVESTIGATION
AUTO_COLLISION,REAR_COLLISION,3,2048.16,1,0,3,1,0.6666666666666666,False,0,STANDARD
AUTO_COLLISION,REAR_COLLISION,3,2268.37,1,0,6,1,0.8333333333333334,False,0,STANDARD
AUTO_COLLISION,REAR_COLLISION,4,4814.38,3,2,3,2,0.3333333333333333,False,1,INVESTIGATION
AUTO_COLLISION,FRONT_COLLISION,2,2095.71,1,0,5,0,1.0,False,0,STANDARD
AUTO_COLLISION,PARKING_DAMAGE,13,3342.19,2,0,3,1,0.6666666666666666,False,1,STANDARD
AUTO_COLLISION,REAR_COLLISION,8,2048.26,1,0,3,0,1.0,False,0,FAST_TRACK
AUTO_COLLISION,REAR_COLLISION,5,2776.01,2,0,3,0,1.0,False,0,FAST_TRACK
AUTO_COLLISION,REAR_COLLISION,5,5333.45,3,0,6,2,0.6666666666666666,False,0,STANDARD
AUTO_COLLISION,SIDE_COLLISION,2,12158.18,6,0,6,0,1.0,True,0,EXPERT_REVIEW
AUTO_COLLISION,REAR_COLLISION,9,1528.89,4,0,4,1,0.75,False,2,STANDARD
AUTO_COLLISION,REAR_COLLISION,6,1074.93,1,1,3,2,0.3333333333333333,False,1,FAST_TRACK
AUTO_COLLISION,SIDE_COLLISION,11,2916.22,1,0,3,0,1.0,False,0,FAST_TRACK
AUTO_COLLISION,FRONT_COLLISION,7,3088.33,4,0,5,0,1.0,False,0,FAST_TRACK
AUTO_COLLISION,FRONT_COLLISION,5,10192.92,5,0,3,0,1.0,False,0,STANDARD
AUTO_COLLISION,FRONT_COLLISION,5,5196.5,3,0,3,2,0.3333333333333333,True,1,EXPERT_REVIEW
AUTO_COLLISION,PARKING_DAMAGE,4,1720.93,4,0,3,0,1.0,False,0,FAST_TRACK
AUTO_COLLISION,FRONT_COLLISION,4,2329.33,1,1,3,0,1.0,False,2,EXPERT_REVIEW
AUTO_COLLISION,REAR_COLLISION,7,1831.6,3,0,3,1,0.6666666666666666,False,0,EXPERT_REVIEW
AUTO_COLLISION,SIDE_COLLISION,7,4114.3,4,0,6,0,1.0,False,0,STANDARD
AUTO_COLLISION,SIDE_COLLISION,5,2404.56,4,1,3,0,1.0,False,1,EXPERT_REVIEW
AUTO_COLLISION,REAR_COLLISION,3,811.95,1,0,6,0,1.0,False,0,EXPERT_REVIEW
AUTO_COLLISION,SIDE_COLLISION,6,3087.42,2,0,5,0,1.0,False,0,STANDARD
AUTO_COLLISION,FRONT_COLLISION,6,3026.59,2,0,5,0,1.0,False,0,FAST_TRACK
AUTO_COLLISION,REAR_COLLISION,8,571.68,1,0,5,0,1.0,False,0,STANDARD
AUTO_COLLISION,FRONT_COLLISION,7,4460.26,2,0,4,0,1.0,False,1,STANDARD
AUTO_COLLISION,SIDE_COLLISION,10,13562.83,4,1,5,0,1.0,False,0,STANDARD
AUTO_COLLISION,PARKING_DAMAGE,12,743.63,3,0,3,1,0.6666666666666666,False,0,STANDARD
AUTO_COLLISION,REAR_COLLISION,9,5536.58,3,0,4,0,1.0,False,2,EXPERT_REVIEW
AUTO_COLLISION,REAR_COLLISION,7,11703.54,3,1,4,0,1.0,False,1,EXPERT_REVIEW
AUTO_COLLISION,FRONT_COLLISION,2,1577.88,2,0,5,0,1.0,False,0,EXPERT_REVIEW
AUTO_COLLISION,REAR_COLLISION,4,5278.76,3,2,5,1,0.8,False,1,INVESTIGATION
AUTO_COLLISION,SIDE_COLLISION,6,2384.45,2,0,5,0,1.0,False,0,EXPERT_REVIEW
AUTO_COLLISION,REAR_COLLISION,11,1130.94,2,0,5,0,1.0,False,0,FAST_TRACK
AUTO_COLLISION,REAR_COLLISION,8,1414.71,3,0,4,1,0.75,False,1,STANDARD
AUTO_COLLISION,REAR_COLLISION,4,2237.1,2,0,4,1,0.75,False,1,FAST_TRACK
AUTO_COLLISION,REAR_COLLISION,4,7242.59,2,0,6,0,1.0,False,0,STANDARD
AUTO_COLLISION,FRONT_COLLISION,4,2546.77,1,1,5,0,1.0,False,0,STANDARD
AUTO_COLLISION,PARKING_DAMAGE,7,703.5,2,0,5,1,0.8,True,2,EXPERT_REVIEW
AUTO_COLLISION,REAR_COLLISION,8,964.8,1,0,3,1,0.6666666666666666,False,0,EXPERT_REVIEW
AUTO_COLLISION,FRONT_COLLISION,6,1569.46,2,0,6,0,1.0,False,0,FAST_TRACK
AUTO_COLLISION,PARKING_DAMAGE,8,3421.14,1,0,4,0,1.0,False,0,STANDARD
AUTO_COLLISION,SIDE_COLLISION,5,739.76,1,0,3,0,1.0,True,0,EXPERT_REVIEW
AUTO_COLLISION,SIDE_COLLISION,5,570.35,2,0,4,0,1.0,False,0,STANDARD
AUTO_COLLISION,REAR_COLLISION,1,2011.31,4,0,4,0,1.0,False,1,STANDARD
AUTO_COLLISION,REAR_COLLISION,5,6745.62,4,0,3,0,1.0,False,0,STANDARD
AUTO_COLLISION,REAR_COLLISION,6,1389.76,2,2,5,3,0.4,False,0,EXPERT_REVIEW
AUTO_COLLISION,PARKING_DAMAGE,8,603.03,2,0,3,0,1.0,False,0,FAST_TRACK
AUTO_COLLISION,REAR_COLLISION,6,4882.46,3,1,3,0,1.0,False,0,EXPERT_REVIEW
AUTO_COLLISION,FRONT_COLLISION,0,730.49,2,0,4,0,1.0,False,0,STANDARD
AUTO_COLLISION,SIDE_COLLISION,2,1167.03,6,1,4,0,1.0,False,0,EXPERT_REVIEW
AUTO_COLLISION,SIDE_COLLISION,3,1458.49,3,0,5,1,0.8,False,2,STANDARD
AUTO_COLLISION,FRONT_COLLISION,7,3040.31,2,1,3,0,1.0,False,1,EXPERT_REVIEW
AUTO_COLLISION,FRONT_COLLISION,4,1590.3,4,0,6,1,0.8333333333333334,False,0,FAST_TRACK
AUTO_COLLISION,SIDE_COLLISION,3,985.96,2,0,5,0,1.0,False,0,STANDARD
AUTO_COLLISION,SIDE_COLLISION,7,3325.11,1,0,6,0,1.0,True,0,EXPERT_REVIEW
AUTO_COLLISION,PARKING_DAMAGE,5,1051.41,3,0,5,0,1.0,False,2,FAST_TRACK
AUTO_COLLISION,FRONT_COLLISION,2,3224.66,4,1,5,0,1.0,True,0,EXPERT_REVIEW
AUTO_COLLISION,REAR_COLLISION,4,1668.25,4,0,3,0,1.0,False,0,EXPERT_REVIEW
AUTO_COLLISION,FRONT_COLLISION,7,1771.81,2,1,4,0,1.0,False,0,EXPERT_REVIEW
AUTO_COLLISION,FRONT_COLLISION,8,1561.77,2,0,5,1,0.8,True,1,EXPERT_REVIEW
AUTO_COLLISION,REAR_COLLISION,4,2969.87,2,1,3,0,1.0,False,0,EXPERT_REVIEW
AUTO_COLLISION,SIDE_COLLISION,6,2974.33,1,0,6,0,1.0,True,0,EXPERT_REVIEW
AUTO_COLLISION,SIDE_COLLISION,2,1703.76,5,1,4,0,1.0,False,1,STANDARD
AUTO_COLLISION,REAR_COLLISION,13,6961.34,3,0,6,1,0.8333333333333334,True,1,EXPERT_REVIEW
AUTO_COLLISION,FRONT_COLLISION,14,1582.85,4,0,6,0,1.0,False,0,FAST_TRACK
AUTO_COLLISION,SIDE_COLLISION,6,2840.81,2,0,5,3,0.4,True,3,INVESTIGATION
AUTO_COLLISION,SIDE_COLLISION,11,2225.43,2,0,5,0,1.0,False,0,EXPERT_REVIEW
AUTO_COLLISION,SIDE_COLLISION,7,1682.58,6,0,4,0,1.0,False,0,EXPERT_REVIEW
AUTO_COLLISION,FRONT_COLLISION,9,4709.8,6,0,3,0,1.0,False,0,STANDARD
AUTO_COLLISION,FRONT_COLLISION,3,2745.18,2,0,3,0,1.0,False,0,STANDARD
AUTO_COLLISION,PARKING_DAMAGE,5,1750.19,1,0,6,0,1.0,False,0,STANDARD
AUTO_COLLISION,FRONT_COLLISION,4,6913.01,2,1,4,0,1.0,False,0,FAST_TRACK
AUTO_COLLISION,FRONT_COLLISION,5,3250.88,3,1,3,1,0.6666666666666666,False,4,INVESTIGATION
AUTO_COLLISION,SIDE_COLLISION,10,7389.37,3,0,6,1,0.8333333333333334,True,1,EXPERT_REVIEW
AUTO_COLLISION,REAR_COLLISION,6,519.81,1,0,4,1,0.75,False,0,STANDARD
AUTO_COLLISION,SIDE_COLLISION,6,6648.49,6,0,3,0,1.0,False,0,EXPERT_REVIEW
AUTO_COLLISION,REAR_COLLISION,2,1124.65,1,0,3,0,1.0,False,0,FAST_TRACK
AUTO_COLLISION,REAR_COLLISION,7,6354.53,3,1,3,0,1.0,False,0,EXPERT_REVIEW
AUTO_COLLISION,FRONT_COLLISION,10,3146.89,2,0,4,0,1.0,False,0,EXPERT_REVIEW
AUTO_COLLISION,FRONT_COLLISION,6,9413.38,3,1,3,1,0.6666666666666666,False,1,EXPERT_REVIEW
AUTO_COLLISION,FRONT_COLLISION,7,3382.62,1,1,3,0,1.0,False,1,STANDARD
AUTO_COLLISION,REAR_COLLISION,7,1838.83,1,0,5,1,0.8,False,1,STANDARD
AUTO_COLLISION,REAR_COLLISION,3,3198.75,1,0,6,0,1.0,False,1,FAST_TRACK
AUTO_COLLISION,REAR_COLLISION,5,998.16,1,0,3,0,1.0,False,0,FAST_TRACK
AUTO_COLLISION,FRONT_COLLISION,2,1248.37,2,0,3,0,1.0,True,0,EXPERT_REVIEW
AUTO_COLLISION,FRONT_COLLISION,2,789.07,2,0,5,0,1.0,False,0,FAST_TRACK
AUTO_COLLISION,REAR_COLLISION,3,945.54,2,0,6,0,1.0,False,0,STANDARD
AUTO_COLLISION,REAR_COLLISION,7,5092.86,4,0,3,0,1.0,False,0,STANDARD
AUTO_COLLISION,REAR_COLLISION,10,2447.66,2,1,6,0,1.0,False,0,STANDARD
AUTO_COLLISION,REAR_COLLISION,7,1282.02,1,0,4,0,1.0,False,0,STANDARD
AUTO_COLLISION,SIDE_COLLISION,8,5298.45,4,0,4,0,1.0,False,0,STANDARD
AUTO_COLLISION,REAR_COLLISION,7,2043.35,4,0,6,0,1.0,False,0,FAST_TRACK
AUTO_COLLISION,REAR_COLLISION,3,2493.08,1,0,3,0,1.0,False,0,FAST_TRACK
AUTO_COLLISION,REAR_COLLISION,12,607.42,3,0,3,0,1.0,False,0,FAST_TRACK
AUTO_COLLISION,PARKING_DAMAGE,4,2757.62,3,0,5,1,0.8,False,0,FAST_TRACK
AUTO_COLLISION,PARKING_DAMAGE,2,2276.31,1,0,4,0,1.0,False,0,STANDARD
AUTO_COLLISION,FRONT_COLLISION,9,2326.94,2,0,5,0,1.0,False,0,EXPERT_REVIEW
AUTO_COLLISION,FRONT_COLLISION,14,3398.63,3,0,6,0,1.0,False,0,INVESTIGATION
AUTO_COLLISION,REAR_COLLISION,2,5243.48,4,0,4,1,0.75,False,0,INVESTIGATION
AUTO_COLLISION,SIDE_COLLISION,4,7129.62,7,0,5,0,1.0,True,0,EXPERT_REVIEW
AUTO_COLLISION,REAR_COLLISION,2,2459.51,3,0,5,1,0.8,False,2,STANDARD
AUTO_COLLISION,PARKING_DAMAGE,10,2054.66,2,0,5,0,1.0,False,0,EXPERT_REVIEW
AUTO_COLLISION,FRONT_COLLISION,7,8556.46,4,1,5,1,0.8,True,3,EXPERT_REVIEW
AUTO_COLLISION,PARKING_DAMAGE,3,1391.31,1,0,4,0,1.0,True,0,EXPERT_REVIEW
AUTO_COLLISION,REAR_COLLISION,3,4435.37,5,1,4,0,1.0,False,2,FAST_TRACK
AUTO_COLLISION,SIDE_COLLISION,7,1537.68,2,0,4,0,1.0,False,0,FAST_TRACK
AUTO_COLLISION,SIDE_COLLISION,4,4959.23,5,1,4,0,1.0,False,1,EXPERT_REVIEW
AUTO_COLLISION,REAR_COLLISION,5,2018.3,2,0,6,0,1.0,False,0,FAST_TRACK
AUTO_COLLISION,FRONT_COLLISION,7,908.99,2,0,5,1,0.8,False,0,FAST_TRACK
AUTO_COLLISION,FRONT_COLLISION,7,1164.45,2,0,6,1,0.8333333333333334,False,1,STANDARD
AUTO_COLLISION,FRONT_COLLISION,5,2508.18,1,0,4,1,0.75,True,0,INVESTIGATION
AUTO_COLLISION,SIDE_COLLISION,9,9371.31,3,0,6,2,0.6666666666666666,False,2,INVESTIGATION
AUTO_COLLISION,FRONT_COLLISION,5,1475.75,2,1,6,1,0.8333333333333334,False,0,STANDARD
AUTO_COLLISION,FRONT_COLLISION,4,9207.94,2,0,6,0,1.0,False,1,FAST_TRACK
AUTO_COLLISION,FRONT_COLLISION,6,3274.72,2,0,3,0,1.0,False,0,STANDARD
AUTO_COLLISION,FRONT_COLLISION,2,3487.86,5,0,4,1,0.75,False,0,STANDARD
AUTO_COLLISION,REAR_COLLISION,7,6361.15,2,0,4,0,1.0,False,0,FAST_TRACK
AUTO_COLLISION,REAR_COLLISION,4,1531.19,1,0,6,0,1.0,False,0,FAST_TRACK
AUTO_COLLISION,FRONT_COLLISION,5,1530.32,3,0,6,0,1.0,False,1,STANDARD
AUTO_COLLISION,REAR_COLLISION,8,2320.82,1,0,3,0,1.0,False,0,EXPERT_REVIEW
AUTO_COLLISION,REAR_COLLISION,7,2548.5,3,0,4,1,0.75,False,0,STANDARD
AUTO_COLLISION,REAR_COLLISION,7,4545.48,4,0,4,1,0.75,False,0,EXPERT_REVIEW
AUTO_COLLISION,FRONT_COLLISION,5,350.42,1,1,5,0,1.0,False,0,STANDARD
AUTO_COLLISION,SIDE_COLLISION,5,2435.54,3,1,4,0,1.0,False,0,STANDARD
AUTO_COLLISION,REAR_COLLISION,5,6644.2,5,1,5,0,1.0,False,0,EXPERT_REVIEW
AUTO_COLLISION,SIDE_COLLISION,7,4006.24,2,0,6,2,0.6666666666666666,False,2,INVESTIGATION
AUTO_COLLISION,REAR_COLLISION,8,2031.01,1,0,6,0,1.0,False,0,STANDARD
AUTO_COLLISION,SIDE_COLLISION,7,1556.12,1,0,5,0,1.0,False,0,STANDARD
AUTO_COLLISION,FRONT_COLLISION,6,6053.75,5,0,6,0,1.0,False,0,STANDARD
AUTO_COLLISION,REAR_COLLISION,5,947.37,3,0,3,1,0.6666666666666666,False,1,STANDARD
AUTO_COLLISION,FRONT_COLLISION,11,1265.57,1,0,6,0,1.0,False,0,FAST_TRACK
AUTO_COLLISION,FRONT_COLLISION,6,7427.05,3,0,6,0,1.0,False,0,STANDARD
AUTO_COLLISION,FRONT_COLLISION,7,1392.01,3,0,4,1,0.75,False,0,EXPERT_REVIEW
AUTO_COLLISION,REAR_COLLISION,10,4704.1,3,0,3,0,1.0,False,0,EXPERT_REVIEW
AUTO_COLLISION,PARKING_DAMAGE,5,578.42,1,0,4,0,1.0,False,0,FAST_TRACK
AUTO_COLLISION,REAR_COLLISION,3,1066.87,3,0,5,0,1.0,False,1,STANDARD
AUTO_COLLISION,FRONT_COLLISION,1,5249.98,3,2,6,1,0.8333333333333334,False,1,STANDARD
AUTO_COLLISION,FRONT_COLLISION,2,2497.69,3,0,4,0,1.0,False,0,STANDARD
AUTO_COLLISION,FRONT_COLLISION,8,1544.4,2,0,6,0,1.0,True,0,EXPERT_REVIEW
AUTO_COLLISION,REAR_COLLISION,2,11041.74,3,1,3,0,1.0,True,0,EXPERT_REVIEW
AUTO_COLLISION,SIDE_COLLISION,4,1585.92,2,0,6,0,1.0,True,0,EXPERT_REVIEW
AUTO_COLLISION,PARKING_DAMAGE,6,964.85,2,0,5,2,0.6,False,4,INVESTIGATION
AUTO_COLLISION,PARKING_DAMAGE,5,573.26,1,0,5,1,0.8,False,1,STANDARD
AUTO_COLLISION,REAR_COLLISION,3,18073.67,4,1,4,0,1.0,True,1,STANDARD
AUTO_COLLISION,FRONT_COLLISION,7,1905.24,3,0,4,0,1.0,True,1,EXPERT_REVIEW
AUTO_COLLISION,FRONT_COLLISION,11,3222.08,7,0,6,0,1.0,False,0,EXPERT_REVIEW
AUTO_COLLISION,FRONT_COLLISION,5,4848.41,4,1,3,0,1.0,False,1,EXPERT_REVIEW
AUTO_COLLISION,SIDE_COLLISION,5,1337.04,1,0,4,0,1.0,False,0,FAST_TRACK
AUTO_COLLISION,PARKING_DAMAGE,10,542.23,1,1,3,1,0.6666666666666666,False,1,FAST_TRACK
AUTO_COLLISION,REAR_COLLISION,6,7044.27,2,0,3,0,1.0,False,0,FAST_TRACK
AUTO_COLLISION,PARKING_DAMAGE,4,2245.98,2,0,4,1,0.75,False,1,STANDARD
AUTO_COLLISION,FRONT_COLLISION,4,2413.23,1,0,4,0,1.0,False,0,FAST_TRACK
AUTO_COLLISION,REAR_COLLISION,5,1723.84,2,0,3,0,1.0,False,0,FAST_TRACK
AUTO_COLLISION,SIDE_COLLISION,4,1208.54,3,0,4,2,0.5,False,1,EXPERT_REVIEW
AUTO_COLLISION,PARKING_DAMAGE,6,1380.38,2,0,6,1,0.8333333333333334,False,0,INVESTIGATION
AUTO_COLLISION,SIDE_COLLISION,10,6609.34,4,0,3,1,0.6666666666666666,False,0,EXPERT_REVIEW
AUTO_COLLISION,REAR_COLLISION,5,1027.87,1,0,4,0,1.0,False,0,STANDARD
AUTO_COLLISION,FRONT_COLLISION,6,1774.01,1,0,5,0,1.0,False,0,STANDARD
AUTO_COLLISION,SIDE_COLLISION,4,2786.44,3,0,6,1,0.8333333333333334,True,1,EXPERT_REVIEW
AUTO_COLLISION,FRONT_COLLISION,10,2414.04,3,0,3,0,1.0,True,0,STANDARD
AUTO_COLLISION,REAR_COLLISION,6,3015.39,1,0,6,0,1.0,False,0,INVESTIGATION
AUTO_COLLISION,SIDE_COLLISION,4,1774.15,2,0,6,1,0.8333333333333334,False,1,EXPERT_REVIEW
AUTO_COLLISION,PARKING_DAMAGE,11,668.28,4,0,4,0,1.0,False,0,EXPERT_REVIEW
AUTO_COLLISION,SIDE_COLLISION,9,3640.05,2,1,6,0,1.0,False,1,INVESTIGATION
AUTO_COLLISION,SIDE_COLLISION,6,2981.05,4,0,5,0,1.0,False,0,FAST_TRACK
AUTO_COLLISION,SIDE_COLLISION,7,1290.88,2,0,6,1,0.8333333333333334,False,0,STANDARD
AUTO_COLLISION,REAR_COLLISION,5,1021.03,1,0,3,1,0.6666666666666666,False,0,STANDARD
AUTO_COLLISION,FRONT_COLLISION,6,2911.95,3,1,4,0,1.0,False,0,EXPERT_REVIEW
AUTO_COLLISION,FRONT_COLLISION,7,2304.24,1,1,3,0,1.0,False,0,FAST_TRACK
AUTO_COLLISION,SIDE_COLLISION,3,2447.8,3,0,6,0,1.0,False,0,EXPERT_REVIEW
AUTO_COLLISION,FRONT_COLLISION,3,1311.96,1,1,5,3,0.4,False,1,INVESTIGATION
AUTO_COLLISION,SIDE_COLLISION,4,2369.85,1,0,6,1,0.8333333333333334,False,0,STANDARD
AUTO_COLLISION,FRONT_COLLISION,3,648.66,1,0,3,0,1.0,False,0,EXPERT_REVIEW
AUTO_COLLISION,FRONT_COLLISION,7,5058.03,2,0,3,0,1.0,True,0,EXPERT_REVIEW
AUTO_COLLISION,SIDE_COLLISION,6,805.29,5,0,6,0,1.0,True,0,EXPERT_REVIEW
AUTO_COLLISION,FRONT_COLLISION,6,4594.65,2,0,3,1,0.6666666666666666,False,0,EXPERT_REVIEW
AUTO_COLLISION,PARKING_DAMAGE,4,1142.47,2,1,4,0,1.0,False,2,INVESTIGATION
AUTO_COLLISION,REAR_COLLISION,4,2365.59,1,1,3,0,1.0,True,1,EXPERT_REVIEW
AUTO_COLLISION,REAR_COLLISION,4,21052.93,6,0,5,1,0.8,False,0,EXPERT_REVIEW
AUTO_COLLISION,FRONT_COLLISION,6,6472.26,1,0,5,1,0.8,False,0,FAST_TRACK
AUTO_COLLISION,SIDE_COLLISION,6,1316.7,1,0,6,1,0.8333333333333334,False,1,STANDARD
AUTO_COLLISION,FRONT_COLLISION,3,2617.04,4,0,3,0,1.0,False,0,STANDARD
AUTO_COLLISION,REAR_COLLISION,6,1322.32,3,0,3,0,1.0,False,0,STANDARD
AUTO_COLLISION,SIDE_COLLISION,6,1793.62,3,0,5,0,1.0,False,0,STANDARD
AUTO_COLLISION,FRONT_COLLISION,5,391.2,2,0,4,0,1.0,False,0,EXPERT_REVIEW
AUTO_COLLISION,REAR_COLLISION,4,4346.71,6,0,4,1,0.75,False,1,FAST_TRACK
AUTO_COLLISION,SIDE_COLLISION,4,1927.62,2,0,6,1,0.8333333333333334,False,1,FAST_TRACK
AUTO_COLLISION,SIDE_COLLISION,13,598.82,1,0,3,0,1.0,False,0,FAST_TRACK
AUTO_COLLISION,SIDE_COLLISION,8,2516.05,2,0,4,0,1.0,False,0,EXPERT_REVIEW
AUTO_COLLISION,REAR_COLLISION,8,1847.09,4,0,3,1,0.6666666666666666,False,0,EXPERT_REVIEW
AUTO_COLLISION,REAR_COLLISION,5,1332.16,3,0,4,0,1.0,False,0,EXPERT_REVIEW
AUTO_COLLISION,FRONT_COLLISION,4,4714.87,1,0,4,1,0.75,True,0,EXPERT_REVIEW
AUTO_COLLISION,FRONT_COLLISION,5,2086.58,3,0,3,1,0.6666666666666666,False,0,FAST_TRACK
AUTO_COLLISION,FRONT_COLLISION,5,3723.74,3,0,4,0,1.0,False,1,STANDARD
AUTO_COLLISION,SIDE_COLLISION,7,1072.35,3,0,4,0,1.0,False,0,STANDARD
AUTO_COLLISION,PARKING_DAMAGE,3,1634.77,1,0,5,0,1.0,False,0,FAST_TRACK
AUTO_COLLISION,PARKING_DAMAGE,5,919.84,2,0,5,0,1.0,False,0,STANDARD
AUTO_COLLISION,SIDE_COLLISION,4,11721.98,5,0,6,0,1.0,False,0,INVESTIGATION
AUTO_COLLISION,SIDE_COLLISION,3,1908.78,4,1,5,0,1.0,False,1,STANDARD
AUTO_COLLISION,REAR_COLLISION,6,997.0,3,0,4,1,0.75,False,0,EXPERT_REVIEW
AUTO_COLLISION,PARKING_DAMAGE,7,1745.0,3,0,4,3,0.25,False,0,STANDARD
AUTO_COLLISION,FRONT_COLLISION,4,3921.49,1,1,4,0,1.0,False,0,EXPERT_REVIEW
AUTO_COLLISION,FRONT_COLLISION,1,2776.33,4,0,5,1,0.8,False,1,FAST_TRACK
AUTO_COLLISION,SIDE_COLLISION,4,2208.91,3,1,5,1,0.8,False,3,EXPERT_REVIEW
AUTO_COLLISION,SIDE_COLLISION,7,1764.96,1,0,6,0,1.0,False,1,INVESTIGATION
AUTO_COLLISION,REAR_COLLISION,6,5219.16,1,1,6,1,0.8333333333333334,False,0,EXPERT_REVIEW
AUTO_COLLISION,FRONT_COLLISION,9,2100.61,2,0,4,0,1.0,False,0,EXPERT_REVIEW
AUTO_COLLISION,FRONT_COLLISION,4,7383.24,2,0,4,0,1.0,False,0,EXPERT_REVIEW
AUTO_COLLISION,PARKING_DAMAGE,6,2637.39,3,0,3,1,0.6666666666666666,False,0,STANDARD
AUTO_COLLISION,REAR_COLLISION,6,2216.36,2,0,6,1,0.8333333333333334,False,0,EXPERT_REVIEW
AUTO_COLLISION,FRONT_COLLISION,8,4335.26,3,0,3,0,1.0,False,0,EXPERT_REVIEW
AUTO_COLLISION,REAR_COLLISION,3,4521.03,4,0,4,0,1.0,False,0,INVESTIGATION
AUTO_COLLISION,SIDE_COLLISION,4,3917.3,5,0,3,0,1.0,False,0,STANDARD
AUTO_COLLISION,REAR_COLLISION,6,6687.73,3,0,4,0,1.0,True,0,EXPERT_REVIEW
AUTO_COLLISION,FRONT_COLLISION,5,3522.94,1,1,6,0,1.0,False,1,INVESTIGATION
AUTO_COLLISION,REAR_COLLISION,12,1884.2,2,0,5,0,1.0,False,0,STANDARD
AUTO_COLLISION,PARKING_DAMAGE,5,4886.57,5,1,5,1,0.8,False,1,STANDARD
AUTO_COLLISION,REAR_COLLISION,4,8332.91,4,1,6,1,0.8333333333333334,False,4,STANDARD
AUTO_COLLISION,FRONT_COLLISION,2,1623.27,4,0,6,1,0.8333333333333334,False,0,FAST_TRACK
AUTO_COLLISION,FRONT_COLLISION,3,9075.97,4,0,6,3,0.5,False,1,FAST_TRACK
AUTO_COLLISION,FRONT_COLLISION,4,7703.32,5,0,3,0,1.0,False,0,EXPERT_REVIEW
AUTO_COLLISION,FRONT_COLLISION,5,2843.83,2,0,6,1,0.8333333333333334,False,0,EXPERT_REVIEW
AUTO_COLLISION,REAR_COLLISION,8,2171.06,2,0,6,1,0.8333333333333334,False,1,FAST_TRACK
AUTO_COLLISION,FRONT_COLLISION,3,1466.91,3,0,4,0,1.0,False,0,FAST_TRACK
AUTO_COLLISION,SIDE_COLLISION,3,4560.81,3,1,6,0,1.0,False,0,STANDARD
AUTO_COLLISION,REAR_COLLISION,9,5912.24,7,0,4,0,1.0,False,0,STANDARD
AUTO_COLLISION,FRONT_COLLISION,5,3550.49,4,0,4,0,1.0,False,0,STANDARD
AUTO_COLLISION,REAR_COLLISION,9,6117.12,4,0,5,0,1.0,False,0,STANDARD
AUTO_COLLISION,FRONT_COLLISION,4,3817.76,1,0,3,2,0.3333333333333333,False,0,EXPERT_REVIEW
AUTO_COLLISION,SIDE_COLLISION,10,5274.12,5,0,4,1,0.75,False,0,EXPERT_REVIEW
AUTO_COLLISION,FRONT_COLLISION,6,6176.85,5,1,3,0,1.0,False,2,INVESTIGATION
AUTO_COLLISION,FRONT_COLLISION,10,1420.71,1,0,3,0,1.0,False,0,STANDARD
AUTO_COLLISION,PARKING_DAMAGE,3,944.99,3,1,3,0,1.0,False,0,STANDARD
AUTO_COLLISION,FRONT_COLLISION,5,2853.57,2,0,4,0,1.0,False,1,STANDARD
AUTO_COLLISION,SIDE_COLLISION,6,1748.1,3,1,3,0,1.0,True,1,STANDARD
AUTO_COLLISION,FRONT_COLLISION,3,1122.89,1,0,6,1,0.8333333333333334,False,1,STANDARD
AUTO_COLLISION,REAR_COLLISION,4,1638.0,2,0,5,0,1.0,False,0,STANDARD
AUTO_COLLISION,SIDE_COLLISION,8,2841.36,2,0,5,1,0.8,False,1,STANDARD
AUTO_COLLISION,REAR_COLLISION,9,1741.62,3,2,5,1,0.8,False,0,STANDARD
AUTO_COLLISION,REAR_COLLISION,9,2023.72,1,0,3,3,0.0,False,0,EXPERT_REVIEW
AUTO_COLLISION,FRONT_COLLISION,10,4107.32,1,1,6,1,0.8333333333333334,False,0,STANDARD
AUTO_COLLISION,FRONT_COLLISION,5,1967.71,1,0,5,0,1.0,False,0,INVESTIGATION
AUTO_COLLISION,REAR_COLLISION,3,2029.33,3,0,5,0,1.0,False,0,STANDARD
AUTO_COLLISION,FRONT_COLLISION,7,921.94,1,2,5,0,1.0,False,1,INVESTIGATION
AUTO_COLLISION,REAR_COLLISION,13,1215.9,4,0,6,1,0.8333333333333334,False,0,STANDARD
AUTO_COLLISION,SIDE_COLLISION,4,6145.65,3,1,6,2,0.6666666666666666,False,0,EXPERT_REVIEW
AUTO_COLLISION,FRONT_COLLISION,5,2264.06,2,1,4,0,1.0,False,2,INVESTIGATION
AUTO_COLLISION,FRONT_COLLISION,9,2174.58,3,2,5,2,0.6,True,3,EXPERT_REVIEW
AUTO_COLLISION,REAR_COLLISION,5,4173.24,3,0,5,1,0.8,False,1,INVESTIGATION
AUTO_COLLISION,SIDE_COLLISION,4,24898.46,5,2,4,1,0.75,False,2,INVESTIGATION
AUTO_COLLISION,SIDE_COLLISION,11,3935.12,3,1,5,0,1.0,False,0,FAST_TRACK
AUTO_COLLISION,PARKING_DAMAGE,7,1065.06,1,0,4,1,0.75,False,0,STANDARD
AUTO_COLLISION,SIDE_COLLISION,7,1619.52,1,0,5,2,0.6,True,0,EXPERT_REVIEW
AUTO_COLLISION,REAR_COLLISION,8,1555.51,1,1,6,1,0.8333333333333334,False,2,INVESTIGATION
AUTO_COLLISION,FRONT_COLLISION,3,2591.97,2,0,4,0,1.0,False,0,EXPERT_REVIEW
AUTO_COLLISION,REAR_COLLISION,2,21279.06,3,2,5,0,1.0,True,1,EXPERT_REVIEW
AUTO_COLLISION,FRONT_COLLISION,4,5914.22,5,0,6,1,0.8333333333333334,True,1,EXPERT_REVIEW
AUTO_COLLISION,FRONT_COLLISION,11,4037.12,3,1,4,0,1.0,False,0,FAST_TRACK
AUTO_COLLISION,FRONT_COLLISION,4,1089.87,1,0,3,0,1.0,False,1,EXPERT_REVIEW
AUTO_COLLISION,FRONT_COLLISION,6,2423.2,3,1,5,0,1.0,True,1,EXPERT_REVIEW
AUTO_COLLISION,PARKING_DAMAGE,14,588.21,1,0,4,0,1.0,False,0,STANDARD
AUTO_COLLISION,REAR_COLLISION,7,4280.7,4,0,3,1,0.6666666666666666,False,0,STANDARD
AUTO_COLLISION,REAR_COLLISION,3,375.02,2,0,3,0,1.0,False,0,STANDARD
AUTO_COLLISION,SIDE_COLLISION,11,4952.49,3,0,6,0,1.0,False,0,STANDARD
AUTO_COLLISION,FRONT_COLLISION,5,3957.99,1,2,5,0,1.0,True,0,EXPERT_REVIEW
AUTO_COLLISION,REAR_COLLISION,6,1859.7,4,0,4,1,0.75,False,1,EXPERT_REVIEW
AUTO_COLLISION,SIDE_COLLISION,9,4590.95,2,0,3,0,1.0,False,0,STANDARD
AUTO_COLLISION,FRONT_COLLISION,9,7068.83,3,0,3,0,1.0,False,0,STANDARD
AUTO_COLLISION,REAR_COLLISION,7,1989.31,2,0,3,0,1.0,False,0,STANDARD
AUTO_COLLISION,REAR_COLLISION,4,546.08,1,0,6,0,1.0,False,0,STANDARD
AUTO_COLLISION,REAR_COLLISION,5,1069.67,2,1,4,0,1.0,False,1,STANDARD
AUTO_COLLISION,PARKING_DAMAGE,8,1440.25,1,0,3,0,1.0,False,0,FAST_TRACK
AUTO_COLLISION,SIDE_COLLISION,8,8543.17,3,2,5,1,0.8,False,1,EXPERT_REVIEW
AUTO_COLLISION,REAR_COLLISION,6,820.95,2,0,4,0,1.0,False,0,STANDARD
AUTO_COLLISION,SIDE_COLLISION,5,4456.4,4,0,6,0,1.0,False,1,STANDARD
AUTO_COLLISION,SIDE_COLLISION,5,3661.52,2,0,3,0,1.0,False,0,EXPERT_REVIEW
AUTO_COLLISION,PARKING_DAMAGE,7,953.59,3,0,6,1,0.8333333333333334,False,0,STANDARD
AUTO_COLLISION,REAR_COLLISION,7,3095.79,4,0,6,0,1.0,False,0,INVESTIGATION
AUTO_COLLISION,SIDE_COLLISION,10,2641.01,2,0,4,1,0.75,False,0,STANDARD
AUTO_COLLISION,REAR_COLLISION,4,2894.38,5,2,6,0,1.0,False,2,STANDARD
AUTO_COLLISION,PARKING_DAMAGE,8,359.29,2,0,3,0,1.0,False,0,STANDARD
AUTO_COLLISION,REAR_COLLISION,3,2801.29,5,1,5,2,0.6,False,3,INVESTIGATION
AUTO_COLLISION,FRONT_COLLISION,8,2545.29,3,1,6,1,0.8333333333333334,False,2,INVESTIGATION
AUTO_COLLISION,FRONT_COLLISION,6,2380.58,1,0,5,2,0.6,False,1,EXPERT_REVIEW
AUTO_COLLISION,SIDE_COLLISION,8,9635.72,3,1,6,1,0.8333333333333334,False,1,EXPERT_REVIEW
AUTO_COLLISION,FRONT_COLLISION,3,10104.87,3,0,5,0,1.0,True,1,EXPERT_REVIEW
AUTO_COLLISION,REAR_COLLISION,5,4814.89,3,0,3,0,1.0,True,0,EXPERT_REVIEW
AUTO_COLLISION,REAR_COLLISION,3,2571.54,4,0,5,0,1.0,False,0,FAST_TRACK
AUTO_COLLISION,PARKING_DAMAGE,3,540.47,1,0,3,1,0.6666666666666666,False,0,STANDARD
AUTO_COLLISION,REAR_COLLISION,6,2321.82,3,0,5,0,1.0,False,0,FAST_TRACK
AUTO_COLLISION,REAR_COLLISION,6,4749.05,3,0,3,0,1.0,False,0,FAST_TRACK
AUTO_COLLISION,REAR_COLLISION,2,1214.87,2,0,6,1,0.8333333333333334,True,0,EXPERT_REVIEW
AUTO_COLLISION,REAR_COLLISION,8,1654.87,2,0,3,0,1.0,False,0,STANDARD
AUTO_COLLISION,REAR_COLLISION,9,2425.65,1,0,4,0,1.0,False,0,INVESTIGATION
AUTO_COLLISION,REAR_COLLISION,6,970.77,3,0,4,0,1.0,False,0,EXPERT_REVIEW
AUTO_COLLISION,SIDE_COLLISION,7,2384.33,2,0,3,0,1.0,True,0,EXPERT_REVIEW
AUTO_COLLISION,PARKING_DAMAGE,14,1979.8,1,0,5,0,1.0,False,0,FAST_TRACK
AUTO_COLLISION,FRONT_COLLISION,9,3776.01,2,2,3,0,1.0,False,2,INVESTIGATION
AUTO_COLLISION,REAR_COLLISION,3,1555.25,3,0,3,0,1.0,True,0,FAST_TRACK
AUTO_COLLISION,SIDE_COLLISION,5,2018.59,2,0,5,1,0.8,False,1,STANDARD
AUTO_COLLISION,REAR_COLLISION,7,1384.76,2,0,5,1,0.8,False,0,EXPERT_REVIEW
AUTO_COLLISION,SIDE_COLLISION,3,4265.42,1,0,4,1,0.75,False,1,EXPERT_REVIEW
AUTO_COLLISION,FRONT_COLLISION,5,522.7,1,0,4,0,1.0,False,0,FAST_TRACK
AUTO_COLLISION,SIDE_COLLISION,2,3610.43,5,0,5,1,0.8,False,0,STANDARD
AUTO_COLLISION,FRONT_COLLISION,10,2851.39,2,0,6,0,1.0,False,1,STANDARD
AUTO_COLLISION,SIDE_COLLISION,8,903.71,3,1,5,2,0.6,False,1,EXPERT_REVIEW
AUTO_COLLISION,FRONT_COLLISION,5,1672.07,6,1,5,1,0.8,False,1,EXPERT_REVIEW
AUTO_COLLISION,SIDE_COLLISION,5,1824.78,2,0,6,0,1.0,True,0,EXPERT_REVIEW
AUTO_COLLISION,FRONT_COLLISION,7,2225.21,4,0,5,0,1.0,False,0,FAST_TRACK
AUTO_COLLISION,REAR_COLLISION,11,950.26,3,0,4,0,1.0,False,0,STANDARD
AUTO_COLLISION,FRONT_COLLISION,5,411.79,3,1,3,0,1.0,False,2,STANDARD
AUTO_COLLISION,FRONT_COLLISION,3,827.61,2,0,3,0,1.0,False,0,STANDARD
AUTO_COLLISION,SIDE_COLLISION,6,3437.35,2,0,4,0,1.0,False,0,EXPERT_REVIEW
AUTO_COLLISION,PARKING_DAMAGE,3,482.02,4,1,3,0,1.0,False,4,EXPERT_REVIEW
AUTO_COLLISION,FRONT_COLLISION,6,2596.23,3,0,4,0,1.0,False,0,EXPERT_REVIEW
AUTO_COLLISION,REAR_COLLISION,7,2893.94,3,1,5,1,0.8,True,1,EXPERT_REVIEW
AUTO_COLLISION,FRONT_COLLISION,5,1737.95,3,0,5,1,0.8,False,0,FAST_TRACK
AUTO_COLLISION,REAR_COLLISION,8,1209.13,3,0,4,0,1.0,False,0,FAST_TRACK
AUTO_COLLISION,REAR_COLLISION,6,2932.22,2,0,6,0,1.0,False,0,STANDARD
AUTO_COLLISION,REAR_COLLISION,7,1548.31,3,0,3,0,1.0,False,0,EXPERT_REVIEW
AUTO_COLLISION,REAR_COLLISION,4,1111.3,2,1,5,1,0.8,False,0,EXPERT_REVIEW
AUTO_COLLISION,SIDE_COLLISION,11,690.12,2,0,5,2,0.6,False,1,STANDARD
AUTO_COLLISION,REAR_COLLISION,7,9435.46,5,1,5,2,0.6,False,1,EXPERT_REVIEW
AUTO_COLLISION,PARKING_DAMAGE,5,1711.14,4,0,3,1,0.6666666666666666,False,0,FAST_TRACK
AUTO_COLLISION,FRONT_COLLISION,8,586.97,3,0,3,1,0.6666666666666666,False,2,INVESTIGATION
AUTO_COLLISION,FRONT_COLLISION,7,753.23,1,0,5,0,1.0,False,0,FAST_TRACK
AUTO_COLLISION,PARKING_DAMAGE,3,429.88,2,0,3,0,1.0,False,0,FAST_TRACK
AUTO_COLLISION,FRONT_COLLISION,9,4730.9,1,0,4,0,1.0,True,0,STANDARD
AUTO_COLLISION,FRONT_COLLISION,6,1207.93,2,0,5,0,1.0,False,0,EXPERT_REVIEW
AUTO_COLLISION,SIDE_COLLISION,6,1621.7,3,0,3,0,1.0,False,0,EXPERT_REVIEW
AUTO_COLLISION,REAR_COLLISION,7,1241.07,1,0,3,0,1.0,False,1,EXPERT_REVIEW
AUTO_COLLISION,SIDE_COLLISION,5,4402.63,3,1,5,1,0.8,False,1,EXPERT_REVIEW
AUTO_COLLISION,SIDE_COLLISION,5,3081.73,3,1,6,2,0.6666666666666666,False,3,INVESTIGATION
AUTO_COLLISION,REAR_COLLISION,3,2290.24,3,0,6,0,1.0,False,0,FAST_TRACK
AUTO_COLLISION,FRONT_COLLISION,3,1628.74,1,0,5,1,0.8,False,0,STANDARD
AUTO_COLLISION,FRONT_COLLISION,4,590.54,3,0,6,2,0.6666666666666666,False,0,FAST_TRACK
AUTO_COLLISION,FRONT_COLLISION,11,1759.76,3,0,5,0,1.0,True,0,EXPERT_REVIEW
AUTO_COLLISION,REAR_COLLISION,6,1496.43,2,0,4,1,0.75,False,0,STANDARD
AUTO_COLLISION,FRONT_COLLISION,4,3997.96,1,0,3,0,1.0,True,0,STANDARD
AUTO_COLLISION,SIDE_COLLISION,5,2748.72,1,1,5,0,1.0,False,3,INVESTIGATION
AUTO_COLLISION,REAR_COLLISION,6,803.87,4,0,6,0,1.0,False,0,STANDARD
AUTO_COLLISION,REAR_COLLISION,2,3540.18,3,0,3,0,1.0,False,0,EXPERT_REVIEW
AUTO_COLLISION,SIDE_COLLISION,5,8456.65,2,1,4,1,0.75,False,0,INVESTIGATION
AUTO_COLLISION,REAR_COLLISION,10,1402.09,2,1,3,1,0.6666666666666666,False,0,EXPERT_REVIEW
AUTO_COLLISION,FRONT_COLLISION,3,1656.47,2,1,6,1,0.8333333333333334,False,1,INVESTIGATION
AUTO_COLLISION,FRONT_COLLISION,5,2368.1,2,2,3,0,1.0,False,0,STANDARD
AUTO_COLLISION,PARKING_DAMAGE,1,376.39,2,0,6,2,0.6666666666666666,False,1,STANDARD
AUTO_COLLISION,FRONT_COLLISION,10,2198.59,2,0,5,0,1.0,False,0,FAST_TRACK
AUTO_COLLISION,REAR_COLLISION,5,2542.69,2,0,5,1,0.8,False,0,INVESTIGATION
AUTO_COLLISION,FRONT_COLLISION,12,773.63,2,0,6,0,1.0,False,0,STANDARD
AUTO_COLLISION,FRONT_COLLISION,5,1913.65,1,0,5,2,0.6,False,0,STANDARD
AUTO_COLLISION,SIDE_COLLISION,6,3393.44,5,0,6,0,1.0,True,0,EXPERT_REVIEW
AUTO_COLLISION,FRONT_COLLISION,11,7493.49,2,0,5,0,1.0,False,0,STANDARD
AUTO_COLLISION,FRONT_COLLISION,5,975.0,2,0,6,0,1.0,True,0,EXPERT_REVIEW
AUTO_COLLISION,FRONT_COLLISION,5,9504.87,4,0,6,0,1.0,False,0,EXPERT_REVIEW
AUTO_COLLISION,FRONT_COLLISION,6,1211.92,1,0,5,1,0.8,False,0,STANDARD
AUTO_COLLISION,FRONT_COLLISION,4,2074.98,1,0,6,1,0.8333333333333334,False,0,FAST_TRACK
AUTO_COLLISION,FRONT_COLLISION,2,2492.5,4,0,5,1,0.8,False,1,FAST_TRACK
AUTO_COLLISION,FRONT_COLLISION,7,4833.58,3,0,3,0,1.0,False,0,INVESTIGATION
AUTO_COLLISION,PARKING_DAMAGE,9,349.74,1,0,3,0,1.0,False,0,FAST_TRACK
AUTO_COLLISION,FRONT_COLLISION,8,3679.22,4,0,3,0,1.0,True,0,EXPERT_REVIEW
AUTO_COLLISION,REAR_COLLISION,6,592.36,5,0,6,0,1.0,False,0,FAST_TRACK
AUTO_COLLISION,FRONT_COLLISION,5,5436.22,5,2,6,2,0.6666666666666666,False,3,INVESTIGATION
AUTO_COLLISION,REAR_COLLISION,7,795.87,3,1,6,0,1.0,False,2,INVESTIGATION
AUTO_COLLISION,FRONT_COLLISION,6,1522.38,4,0,3,1,0.6666666666666666,False,1,EXPERT_REVIEW
AUTO_COLLISION,FRONT_COLLISION,2,2423.68,3,0,3,0,1.0,False,0,FAST_TRACK
AUTO_COLLISION,SIDE_COLLISION,2,2622.72,2,0,5,1,0.8,False,0,STANDARD
AUTO_COLLISION,FRONT_COLLISION,3,8245.54,4,1,6,0,1.0,False,2,STANDARD
AUTO_COLLISION,REAR_COLLISION,6,4333.55,2,2,4,0,1.0,False,0,EXPERT_REVIEW
AUTO_COLLISION,PARKING_DAMAGE,8,641.23,4,0,6,1,0.8333333333333334,False,1,EXPERT_REVIEW
AUTO_COLLISION,REAR_COLLISION,6,1367.91,2,0,3,0,1.0,False,0,EXPERT_REVIEW
AUTO_COLLISION,PARKING_DAMAGE,7,1949.37,2,1,5,2,0.6,False,0,INVESTIGATION
AUTO_COLLISION,FRONT_COLLISION,8,2239.61,4,0,5,0,1.0,False,0,FAST_TRACK
AUTO_COLLISION,REAR_COLLISION,6,1420.36,1,1,3,1,0.6666666666666666,False,1,STANDARD
AUTO_COLLISION,FRONT_COLLISION,8,3990.81,5,0,4,0,1.0,False,1,EXPERT_REVIEW
AUTO_COLLISION,FRONT_COLLISION,9,1887.54,3,0,6,1,0.8333333333333334,False,0,STANDARD
AUTO_COLLISION,FRONT_COLLISION,3,5304.02,3,2,3,0,1.0,False,3,INVESTIGATION
AUTO_COLLISION,PARKING_DAMAGE,5,1842.93,5,0,4,0,1.0,False,1,STANDARD
AUTO_COLLISION,FRONT_COLLISION,4,3682.04,1,0,5,2,0.6,False,2,INVESTIGATION
AUTO_COLLISION,FRONT_COLLISION,7,1766.36,3,1,3,0,1.0,False,1,INVESTIGATION
AUTO_COLLISION,PARKING_DAMAGE,6,2336.03,3,0,3,0,1.0,False,1,FAST_TRACK
AUTO_COLLISION,FRONT_COLLISION,5,3017.26,4,0,4,0,1.0,False,1,STANDARD
AUTO_COLLISION,FRONT_COLLISION,6,472.31,2,0,6,0,1.0,False,0,FAST_TRACK
AUTO_COLLISION,SIDE_COLLISION,4,6811.07,2,1,6,0,1.0,False,0,STANDARD
AUTO_COLLISION,REAR_COLLISION,10,1742.1,1,0,5,0,1.0,False,1,STANDARD
AUTO_COLLISION,FRONT_COLLISION,8,2140.68,3,0,4,1,0.75,False,2,EXPERT_REVIEW
AUTO_COLLISION,REAR_COLLISION,4,3801.69,5,2,5,0,1.0,False,2,INVESTIGATION
AUTO_COLLISION,REAR_COLLISION,7,2099.93,5,3,5,0,1.0,False,6,INVESTIGATION
AUTO_COLLISION,SIDE_COLLISION,9,1353.33,1,0,6,1,0.8333333333333334,False,0,FAST_TRACK
AUTO_COLLISION,PARKING_DAMAGE,9,964.58,3,2,3,1,0.6666666666666666,False,2,INVESTIGATION
AUTO_COLLISION,REAR_COLLISION,8,2686.51,4,0,5,1,0.8,False,0,STANDARD
AUTO_COLLISION,SIDE_COLLISION,7,10091.06,5,0,6,0,1.0,False,0,EXPERT_REVIEW
AUTO_COLLISION,REAR_COLLISION,7,1568.66,2,0,3,0,1.0,False,0,FAST_TRACK
AUTO_COLLISION,REAR_COLLISION,4,2834.06,2,0,5,0,1.0,False,0,STANDARD
AUTO_COLLISION,REAR_COLLISION,6,920.35,2,1,4,2,0.5,False,1,STANDARD
AUTO_COLLISION,PARKING_DAMAGE,9,928.7,2,0,5,1,0.8,False,0,EXPERT_REVIEW
AUTO_COLLISION,PARKING_DAMAGE,4,1832.35,3,1,4,1,0.75,False,2,EXPERT_REVIEW
AUTO_COLLISION,FRONT_COLLISION,6,6844.32,2,1,6,1,0.8333333333333334,True,0,EXPERT_REVIEW
AUTO_COLLISION,FRONT_COLLISION,5,4651.62,3,0,6,0,1.0,False,0,FAST_TRACK
AUTO_COLLISION,FRONT_COLLISION,6,7452.74,6,1,3,0,1.0,False,0,STANDARD
AUTO_COLLISION,SIDE_COLLISION,3,3859.96,3,0,5,0,1.0,True,0,EXPERT_REVIEW
AUTO_COLLISION,FRONT_COLLISION,4,2585.49,2,0,6,0,1.0,True,1,EXPERT_REVIEW
AUTO_COLLISION,REAR_COLLISION,13,1878.11,2,0,6,1,0.8333333333333334,False,0,FAST_TRACK
AUTO_COLLISION,REAR_COLLISION,6,1046.48,4,0,4,0,1.0,False,0,STANDARD
AUTO_COLLISION,FRONT_COLLISION,6,1882.53,1,0,3,0,1.0,False,0,FAST_TRACK
AUTO_COLLISION,SIDE_COLLISION,7,1448.33,1,0,4,0,1.0,False,0,FAST_TRACK
AUTO_COLLISION,FRONT_COLLISION,4,766.93,2,1,6,0,1.0,False,1,EXPERT_REVIEW
AUTO_COLLISION,REAR_COLLISION,3,4529.14,6,2,6,0,1.0,True,2,EXPERT_REVIEW
AUTO_COLLISION,SIDE_COLLISION,7,2102.06,1,0,4,0,1.0,False,0,STANDARD
AUTO_COLLISION,FRONT_COLLISION,3,1647.98,3,1,3,0,1.0,False,1,FAST_TRACK
AUTO_COLLISION,FRONT_COLLISION,10,614.01,2,0,6,1,0.8333333333333334,False,0,STANDARD
AUTO_COLLISION,REAR_COLLISION,4,1690.12,3,0,3,0,1.0,False,0,EXPERT_REVIEW
AUTO_COLLISION,FRONT_COLLISION,7,4591.59,2,0,5,1,0.8,False,1,EXPERT_REVIEW
AUTO_COLLISION,REAR_COLLISION,5,4371.78,2,2,4,1,0.75,False,0,EXPERT_REVIEW
AUTO_COLLISION,REAR_COLLISION,7,2902.65,4,0,6,1,0.8333333333333334,False,0,EXPERT_REVIEW
AUTO_COLLISION,REAR_COLLISION,6,1790.63,2,0,6,0,1.0,False,0,EXPERT_REVIEW
AUTO_COLLISION,FRONT_COLLISION,5,1101.69,3,0,6,1,0.8333333333333334,False,0,EXPERT_REVIEW
AUTO_COLLISION,SIDE_COLLISION,7,1525.92,2,1,6,1,0.8333333333333334,False,0,INVESTIGATION
AUTO_COLLISION,SIDE_COLLISION,9,2993.77,3,0,4,0,1.0,False,0,EXPERT_REVIEW
AUTO_COLLISION,FRONT_COLLISION,6,3594.57,6,1,4,0,1.0,False,1,STANDARD
AUTO_COLLISION,REAR_COLLISION,9,1754.64,1,0,6,0,1.0,False,0,FAST_TRACK
AUTO_COLLISION,SIDE_COLLISION,7,3231.1,3,0,5,1,0.8,False,1,STANDARD
AUTO_COLLISION,FRONT_COLLISION,4,7956.84,3,1,5,0,1.0,False,1,FAST_TRACK
AUTO_COLLISION,SIDE_COLLISION,6,1490.26,3,0,3,0,1.0,False,0,STANDARD
AUTO_COLLISION,FRONT_COLLISION,9,1483.3,2,0,4,0,1.0,False,0,STANDARD
AUTO_COLLISION,FRONT_COLLISION,7,3498.13,3,0,5,0,1.0,True,0,STANDARD
AUTO_COLLISION,REAR_COLLISION,10,945.82,1,0,5,0,1.0,False,0,STANDARD
AUTO_COLLISION,REAR_COLLISION,6,4590.75,2,1,5,0,1.0,False,0,STANDARD
AUTO_COLLISION,FRONT_COLLISION,15,1184.99,3,0,6,1,0.8333333333333334,False,1,INVESTIGATION
AUTO_COLLISION,PARKING_DAMAGE,6,1180.65,1,0,4,0,1.0,False,0,STANDARD
AUTO_COLLISION,FRONT_COLLISION,5,1664.35,2,0,6,2,0.6666666666666666,False,0,INVESTIGATION
AUTO_COLLISION,REAR_COLLISION,4,670.5,1,1,6,0,1.0,False,0,STANDARD
AUTO_COLLISION,REAR_COLLISION,4,2144.02,1,1,3,0,1.0,False,0,STANDARD
AUTO_COLLISION,FRONT_COLLISION,3,3255.89,4,0,4,0,1.0,False,0,EXPERT_REVIEW
AUTO_COLLISION,REAR_COLLISION,4,1302.84,2,0,5,0,1.0,False,0,FAST_TRACK
AUTO_COLLISION,REAR_COLLISION,6,603.0,1,0,5,0,1.0,False,0,FAST_TRACK
AUTO_COLLISION,REAR_COLLISION,8,3374.07,2,0,4,0,1.0,False,0,FAST_TRACK
AUTO_COLLISION,REAR_COLLISION,5,3830.46,3,0,4,0,1.0,False,0,INVESTIGATION
AUTO_COLLISION,SIDE_COLLISION,5,6260.85,7,0,5,0,1.0,False,0,FAST_TRACK
AUTO_COLLISION,PARKING_DAMAGE,6,395.31,1,0,5,1,0.8,False,0,STANDARD
AUTO_COLLISION,SIDE_COLLISION,8,1479.76,4,0,4,0,1.0,False,0,FAST_TRACK
AUTO_COLLISION,FRONT_COLLISION,10,2075.41,2,0,3,0,1.0,True,0,EXPERT_REVIEW
AUTO_COLLISION,SIDE_COLLISION,3,2762.66,5,0,4,1,0.75,False,2,EXPERT_REVIEW
AUTO_COLLISION,REAR_COLLISION,4,2343.82,1,0,6,1,0.8333333333333334,True,0,STANDARD
AUTO_COLLISION,SIDE_COLLISION,3,3289.58,2,0,3,0,1.0,False,0,EXPERT_REVIEW
AUTO_COLLISION,FRONT_COLLISION,8,2582.4,4,0,3,0,1.0,False,1,EXPERT_REVIEW
AUTO_COLLISION,REAR_COLLISION,8,466.27,2,0,6,0,1.0,False,0,STANDARD
AUTO_COLLISION,FRONT_COLLISION,3,16579.95,7,0,4,1,0.75,True,1,EXPERT_REVIEW
AUTO_COLLISION,FRONT_COLLISION,7,1331.63,1,0,5,0,1.0,False,0,STANDARD
AUTO_COLLISION,FRONT_COLLISION,7,2501.68,3,1,3,0,1.0,False,0,STANDARD
AUTO_COLLISION,REAR_COLLISION,13,2250.7,1,0,4,0,1.0,False,0,FAST_TRACK
AUTO_COLLISION,SIDE_COLLISION,5,1970.57,3,0,4,0,1.0,False,0,EXPERT_REVIEW
AUTO_COLLISION,SIDE_COLLISION,8,2628.11,1,1,4,0,1.0,False,1,EXPERT_REVIEW
AUTO_COLLISION,REAR_COLLISION,8,1531.5,2,0,4,0,1.0,False,0,FAST_TRACK
AUTO_COLLISION,SIDE_COLLISION,4,1906.35,4,0,4,0,1.0,False,0,STANDARD
AUTO_COLLISION,PARKING_DAMAGE,4,1176.0,1,0,4,0,1.0,False,0,FAST_TRACK
AUTO_COLLISION,FRONT_COLLISION,6,9849.63,4,1,6,0,1.0,False,0,STANDARD
AUTO_COLLISION,FRONT_COLLISION,9,1498.84,3,0,4,0,1.0,False,0,EXPERT_REVIEW
AUTO_COLLISION,SIDE_COLLISION,12,1459.86,4,1,6,1,0.8333333333333334,False,2,INVESTIGATION
AUTO_COLLISION,REAR_COLLISION,9,521.55,2,0,3,0,1.0,False,0,FAST_TRACK
AUTO_COLLISION,FRONT_COLLISION,4,4029.8,2,0,3,0,1.0,False,0,FAST_TRACK
AUTO_COLLISION,SIDE_COLLISION,6,4066.19,1,0,5,0,1.0,False,0,STANDARD
AUTO_COLLISION,FRONT_COLLISION,6,2357.93,4,0,3,0,1.0,False,0,STANDARD
AUTO_COLLISION,SIDE_COLLISION,6,2240.41,1,0,5,0,1.0,True,1,EXPERT_REVIEW
AUTO_COLLISION,SIDE_COLLISION,8,1408.31,2,1,6,2,0.6666666666666666,False,1,EXPERT_REVIEW
AUTO_COLLISION,REAR_COLLISION,6,2586.81,2,0,4,0,1.0,True,0,EXPERT_REVIEW
AUTO_COLLISION,FRONT_COLLISION,10,764.99,1,0,4,0,1.0,False,0,STANDARD
AUTO_COLLISION,FRONT_COLLISION,7,4239.56,4,0,5,0,1.0,True,0,EXPERT_REVIEW
AUTO_COLLISION,FRONT_COLLISION,3,3634.61,1,1,5,1,0.8,False,1,FAST_TRACK
AUTO_COLLISION,REAR_COLLISION,6,1299.89,3,1,5,1,0.8,False,0,STANDARD
AUTO_COLLISION,FRONT_COLLISION,7,6835.27,5,0,6,1,0.8333333333333334,False,0,STANDARD
AUTO_COLLISION,FRONT_COLLISION,8,2717.71,2,1,6,1,0.8333333333333334,False,0,STANDARD
AUTO_COLLISION,PARKING_DAMAGE,3,2039.75,3,0,3,0,1.0,False,0,EXPERT_REVIEW
AUTO_COLLISION,REAR_COLLISION,6,920.12,3,0,6,2,0.6666666666666666,False,0,EXPERT_REVIEW
AUTO_COLLISION,REAR_COLLISION,3,1746.87,3,0,6,0,1.0,False,0,EXPERT_REVIEW
AUTO_COLLISION,FRONT_COLLISION,5,1402.61,3,1,5,1,0.8,False,1,STANDARD
AUTO_COLLISION,REAR_COLLISION,6,11043.61,4,0,5,0,1.0,False,0,FAST_TRACK
AUTO_COLLISION,SIDE_COLLISION,7,9222.73,5,0,3,0,1.0,False,0,EXPERT_REVIEW
AUTO_COLLISION,FRONT_COLLISION,4,3017.66,2,0,3,0,1.0,False,0,INVESTIGATION
AUTO_COLLISION,REAR_COLLISION,6,12493.76,6,1,5,1,0.8,False,0,EXPERT_REVIEW
AUTO_COLLISION,SIDE_COLLISION,4,1727.82,1,0,4,1,0.75,False,1,STANDARD
AUTO_COLLISION,SIDE_COLLISION,7,3928.18,1,0,6,1,0.8333333333333334,False,0,INVESTIGATION
AUTO_COLLISION,FRONT_COLLISION,10,3646.31,1,0,4,0,1.0,False,0,FAST_TRACK
AUTO_COLLISION,SIDE_COLLISION,4,8103.35,4,0,6,0,1.0,True,0,EXPERT_REVIEW
AUTO_COLLISION,REAR_COLLISION,4,1722.97,2,0,5,0,1.0,False,1,STANDARD
AUTO_COLLISION,SIDE_COLLISION,8,2000.05,2,0,4,1,0.75,False,0,FAST_TRACK
AUTO_COLLISION,SIDE_COLLISION,3,623.63,1,0,5,0,1.0,False,0,STANDARD
AUTO_COLLISION,FRONT_COLLISION,5,1422.4,2,0,6,0,1.0,False,0,STANDARD
AUTO_COLLISION,PARKING_DAMAGE,5,207.69,1,1,3,0,1.0,False,1,STANDARD
AUTO_COLLISION,FRONT_COLLISION,10,2186.33,3,1,6,0,1.0,False,1,EXPERT_REVIEW
AUTO_COLLISION,REAR_COLLISION,4,1157.93,2,0,4,1,0.75,False,0,FAST_TRACK
AUTO_COLLISION,SIDE_COLLISION,11,1501.87,1,0,4,0,1.0,False,0,STANDARD
AUTO_COLLISION,FRONT_COLLISION,5,1427.6,3,0,5,0,1.0,False,0,STANDARD
AUTO_COLLISION,SIDE_COLLISION,3,3176.72,2,0,3,0,1.0,False,0,STANDARD
AUTO_COLLISION,SIDE_COLLISION,6,567.47,2,0,3,0,1.0,False,1,STANDARD
AUTO_COLLISION,SIDE_COLLISION,5,2125.87,1,0,6,0,1.0,False,1,STANDARD
AUTO_COLLISION,REAR_COLLISION,6,1698.6,2,0,3,0,1.0,False,0,STANDARD
AUTO_COLLISION,SIDE_COLLISION,5,2805.71,3,0,5,0,1.0,False,0,STANDARD
AUTO_COLLISION,FRONT_COLLISION,6,2732.53,2,1,6,1,0.8333333333333334,False,1,INVESTIGATION
AUTO_COLLISION,REAR_COLLISION,4,648.71,3,0,4,0,1.0,False,0,EXPERT_REVIEW
AUTO_COLLISION,FRONT_COLLISION,5,2197.37,1,1,4,0,1.0,False,3,INVESTIGATION
AUTO_COLLISION,REAR_COLLISION,4,1280.3,4,2,6,0,1.0,False,3,INVESTIGATION
AUTO_COLLISION,SIDE_COLLISION,7,4651.24,2,0,6,2,0.6666666666666666,False,0,EXPERT_REVIEW
AUTO_COLLISION,FRONT_COLLISION,2,1628.86,3,1,5,1,0.8,False,2,STANDARD
AUTO_COLLISION,FRONT_COLLISION,5,2021.2,1,1,6,0,1.0,False,0,INVESTIGATION
AUTO_COLLISION,REAR_COLLISION,7,717.3,6,0,6,3,0.5,False,1,INVESTIGATION
AUTO_COLLISION,FRONT_COLLISION,5,6855.37,2,0,3,0,1.0,False,0,FAST_TRACK
AUTO_COLLISION,SIDE_COLLISION,4,5192.34,4,0,4,0,1.0,True,0,EXPERT_REVIEW
AUTO_COLLISION,FRONT_COLLISION,12,2660.31,5,0,5,0,1.0,False,0,FAST_TRACK
AUTO_COLLISION,REAR_COLLISION,7,4776.46,3,0,5,1,0.8,False,0,INVESTIGATION
AUTO_COLLISION,SIDE_COLLISION,4,3131.13,4,0,4,0,1.0,False,0,STANDARD
AUTO_COLLISION,REAR_COLLISION,1,2632.37,3,0,3,0,1.0,False,1,EXPERT_REVIEW
AUTO_COLLISION,FRONT_COLLISION,6,8502.66,1,0,6,1,0.8333333333333334,False,0,STANDARD
AUTO_COLLISION,REAR_COLLISION,6,380.77,1,0,6,0,1.0,False,0,STANDARD
AUTO_COLLISION,REAR_COLLISION,4,2665.99,2,2,3,0,1.0,False,1,STANDARD
AUTO_COLLISION,PARKING_DAMAGE,9,4125.35,3,1,4,0,1.0,False,0,FAST_TRACK
AUTO_COLLISION,PARKING_DAMAGE,4,627.91,4,1,3,0,1.0,False,2,INVESTIGATION
AUTO_COLLISION,FRONT_COLLISION,6,4546.66,2,1,5,1,0.8,False,3,EXPERT_REVIEW
AUTO_COLLISION,PARKING_DAMAGE,9,773.27,1,0,3,2,0.3333333333333333,False,1,FAST_TRACK
AUTO_COLLISION,PARKING_DAMAGE,3,2455.01,2,0,4,0,1.0,False,0,FAST_TRACK
AUTO_COLLISION,SIDE_COLLISION,12,5337.67,3,0,4,0,1.0,False,0,STANDARD
AUTO_COLLISION,REAR_COLLISION,13,2827.12,4,0,5,0,1.0,False,0,FAST_TRACK
AUTO_COLLISION,REAR_COLLISION,11,7929.38,4,0,5,0,1.0,True,0,FAST_TRACK
AUTO_COLLISION,REAR_COLLISION,5,3088.8,5,0,4,2,0.5,False,1,EXPERT_REVIEW
AUTO_COLLISION,FRONT_COLLISION,9,4280.1,6,1,6,0,1.0,False,1,EXPERT_REVIEW
AUTO_COLLISION,FRONT_COLLISION,9,455.25,2,0,6,1,0.8333333333333334,False,2,EXPERT_REVIEW
AUTO_COLLISION,SIDE_COLLISION,7,1778.65,4,1,4,1,0.75,False,0,INVESTIGATION
AUTO_COLLISION,SIDE_COLLISION,5,3236.14,2,0,6,0,1.0,False,0,EXPERT_REVIEW
AUTO_COLLISION,PARKING_DAMAGE,3,1419.66,3,1,4,2,0.5,False,1,EXPERT_REVIEW
AUTO_COLLISION,REAR_COLLISION,2,1460.16,2,0,3,1,0.6666666666666666,False,0,FAST_TRACK
AUTO_COLLISION,FRONT_COLLISION,11,4376.8,2,0,5,0,1.0,False,0,STANDARD
AUTO_COLLISION,REAR_COLLISION,8,2903.18,4,1,4,2,0.5,False,1,STANDARD
AUTO_COLLISION,REAR_COLLISION,10,5250.02,2,0,6,0,1.0,True,0,STANDARD
AUTO_COLLISION,REAR_COLLISION,3,1833.77,3,0,3,0,1.0,False,0,FAST_TRACK
AUTO_COLLISION,FRONT_COLLISION,11,4382.55,2,0,3,0,1.0,False,0,STANDARD
AUTO_COLLISION,FRONT_COLLISION,6,3296.19,1,0,6,0,1.0,False,1,STANDARD
AUTO_COLLISION,SIDE_COLLISION,1,6217.51,2,0,6,0,1.0,True,1,STANDARD
AUTO_COLLISION,FRONT_COLLISION,6,2784.3,1,0,6,1,0.8333333333333334,False,1,INVESTIGATION
AUTO_COLLISION,SIDE_COLLISION,7,2076.07,2,0,6,0,1.0,False,0,FAST_TRACK
AUTO_COLLISION,FRONT_COLLISION,2,1561.62,3,0,5,1,0.8,False,0,STANDARD
AUTO_COLLISION,FRONT_COLLISION,10,1378.32,3,0,5,0,1.0,False,2,STANDARD
AUTO_COLLISION,REAR_COLLISION,8,3035.85,2,0,6,1,0.8333333333333334,False,0,INVESTIGATION
AUTO_COLLISION,REAR_COLLISION,4,3205.86,1,0,5,1,0.8,False,1,INVESTIGATION
AUTO_COLLISION,PARKING_DAMAGE,8,180.24,1,0,3,0,1.0,False,0,STANDARD
AUTO_COLLISION,SIDE_COLLISION,9,3661.92,2,0,5,1,0.8,False,3,STANDARD
AUTO_COLLISION,REAR_COLLISION,5,2765.12,6,1,5,0,1.0,False,0,EXPERT_REVIEW
AUTO_COLLISION,REAR_COLLISION,8,633.06,4,0,6,0,1.0,False,0,STANDARD
AUTO_COLLISION,REAR_COLLISION,2,5449.21,1,0,5,0,1.0,False,0,FAST_TRACK
AUTO_COLLISION,SIDE_COLLISION,11,4931.76,3,0,5,0,1.0,False,0,STANDARD
AUTO_COLLISION,REAR_COLLISION,7,1507.11,2,0,6,0,1.0,False,0,INVESTIGATION
AUTO_COLLISION,REAR_COLLISION,6,1958.52,3,0,6,2,0.6666666666666666,False,0,STANDARD
AUTO_COLLISION,REAR_COLLISION,6,2144.11,3,0,6,0,1.0,False,0,FAST_TRACK
AUTO_COLLISION,SIDE_COLLISION,4,1617.2,4,0,4,0,1.0,False,0,STANDARD
AUTO_COLLISION,FRONT_COLLISION,5,9907.65,3,1,6,0,1.0,False,0,EXPERT_REVIEW
AUTO_COLLISION,REAR_COLLISION,7,5832.56,5,1,3,0,1.0,True,0,EXPERT_REVIEW
AUTO_COLLISION,FRONT_COLLISION,6,1263.17,3,0,5,0,1.0,False,0,FAST_TRACK
AUTO_COLLISION,REAR_COLLISION,9,1860.94,1,0,5,1,0.8,False,0,STANDARD
AUTO_COLLISION,FRONT_COLLISION,4,3780.83,4,0,3,0,1.0,False,0,STANDARD
AUTO_COLLISION,REAR_COLLISION,3,1226.0,2,0,3,0,1.0,False,0,FAST_TRACK
AUTO_COLLISION,SIDE_COLLISION,2,2349.36,1,1,4,1,0.75,False,0,INVESTIGATION
AUTO_COLLISION,REAR_COLLISION,7,2075.73,2,0,6,1,0.8333333333333334,False,1,STANDARD
AUTO_COLLISION,SIDE_COLLISION,6,1396.34,6,0,3,1,0.6666666666666666,False,0,EXPERT_REVIEW
AUTO_COLLISION,REAR_COLLISION,4,2665.78,3,0,3,1,0.6666666666666666,False,1,INVESTIGATION
AUTO_COLLISION,SIDE_COLLISION,9,1363.85,2,1,4,1,0.75,False,1,STANDARD
AUTO_COLLISION,SIDE_COLLISION,13,5445.99,5,0,5,0,1.0,False,0,FAST_TRACK
AUTO_COLLISION,REAR_COLLISION,7,2829.9,2,0,3,0,1.0,False,0,FAST_TRACK
AUTO_COLLISION,SIDE_COLLISION,4,3927.14,3,2,6,2,0.6666666666666666,False,1,EXPERT_REVIEW
AUTO_COLLISION,SIDE_COLLISION,4,3748.6,3,0,5,1,0.8,False,0,FAST_TRACK
AUTO_COLLISION,PARKING_DAMAGE,6,3459.15,3,0,3,0,1.0,False,0,FAST_TRACK
AUTO_COLLISION,SIDE_COLLISION,6,3789.14,2,0,3,1,0.6666666666666666,False,1,FAST_TRACK
AUTO_COLLISION,FRONT_COLLISION,6,15077.39,4,0,6,1,0.8333333333333334,False,1,STANDARD
AUTO_COLLISION,REAR_COLLISION,1,2068.16,1,0,5,0,1.0,False,0,STANDARD
AUTO_COLLISION,FRONT_COLLISION,6,639.95,2,2,3,0,1.0,False,1,STANDARD
AUTO_COLLISION,FRONT_COLLISION,5,878.55,1,0,6,0,1.0,False,0,STANDARD
AUTO_COLLISION,SIDE_COLLISION,7,1698.68,3,0,5,1,0.8,False,0,EXPERT_REVIEW
AUTO_COLLISION,FRONT_COLLISION,8,796.88,2,0,5,0,1.0,False,0,FAST_TRACK
AUTO_COLLISION,FRONT_COLLISION,5,1671.26,1,0,3,1,0.6666666666666666,False,0,INVESTIGATION
AUTO_COLLISION,REAR_COLLISION,7,2719.75,1,0,5,0,1.0,False,0,EXPERT_REVIEW
AUTO_COLLISION,REAR_COLLISION,5,4078.37,3,0,5,0,1.0,False,0,STANDARD
AUTO_COLLISION,FRONT_COLLISION,7,3667.43,2,0,6,1,0.8333333333333334,False,1,INVESTIGATION
AUTO_COLLISION,SIDE_COLLISION,6,3517.6,2,0,4,1,0.75,False,0,EXPERT_REVIEW
AUTO_COLLISION,FRONT_COLLISION,8,1862.24,2,0,5,0,1.0,False,0,STANDARD
AUTO_COLLISION,REAR_COLLISION,6,2229.53,1,0,3,0,1.0,False,1,STANDARD
AUTO_COLLISION,FRONT_COLLISION,3,4191.49,1,0,3,1,0.6666666666666666,False,0,EXPERT_REVIEW
AUTO_COLLISION,FRONT_COLLISION,6,3404.72,3,0,6,3,0.5,False,0,EXPERT_REVIEW
AUTO_COLLISION,FRONT_COLLISION,8,3940.64,2,2,3,0,1.0,False,2,EXPERT_REVIEW
AUTO_COLLISION,REAR_COLLISION,10,4929.97,1,1,4,1,0.75,False,1,INVESTIGATION
AUTO_COLLISION,REAR_COLLISION,5,6796.05,2,1,6,0,1.0,True,1,STANDARD
AUTO_COLLISION,FRONT_COLLISION,6,1357.79,2,0,6,0,1.0,False,0,FAST_TRACK
AUTO_COLLISION,FRONT_COLLISION,5,4809.73,4,0,3,0,1.0,False,0,STANDARD
AUTO_COLLISION,FRONT_COLLISION,2,3572.73,1,0,4,0,1.0,False,0,FAST_TRACK
AUTO_COLLISION,SIDE_COLLISION,11,2299.12,1,0,6,0,1.0,False,0,STANDARD
AUTO_COLLISION,FRONT_COLLISION,5,1550.81,1,0,5,1,0.8,False,1,STANDARD
AUTO_COLLISION,SIDE_COLLISION,5,6367.3,4,0,4,1,0.75,False,1,STANDARD
AUTO_COLLISION,FRONT_COLLISION,11,1092.78,3,0,5,0,1.0,False,0,STANDARD
AUTO_COLLISION,FRONT_COLLISION,7,2428.81,5,0,3,0,1.0,False,0,STANDARD
AUTO_COLLISION,REAR_COLLISION,2,750.83,3,2,6,0,1.0,False,0,INVESTIGATION
AUTO_COLLISION,SIDE_COLLISION,3,1528.26,3,1,4,0,1.0,False,0,EXPERT_REVIEW
AUTO_COLLISION,REAR_COLLISION,9,7040.47,4,0,6,0,1.0,False,0,FAST_TRACK
AUTO_COLLISION,FRONT_COLLISION,10,1262.65,2,0,5,0,1.0,False,0,STANDARD
AUTO_COLLISION,PARKING_DAMAGE,5,1812.63,4,1,6,0,1.0,False,2,STANDARD
AUTO_COLLISION,SIDE_COLLISION,2,1688.84,1,0,4,1,0.75,False,0,STANDARD
AUTO_COLLISION,FRONT_COLLISION,1,1286.61,1,0,5,1,0.8,False,0,EXPERT_REVIEW
AUTO_COLLISION,FRONT_COLLISION,0,1769.84,3,0,5,0,1.0,False,0,EXPERT_REVIEW
AUTO_COLLISION,REAR_COLLISION,7,8052.64,6,0,3,0,1.0,False,0,FAST_TRACK
AUTO_COLLISION,PARKING_DAMAGE,3,1001.77,1,0,5,0,1.0,False,0,STANDARD
AUTO_COLLISION,PARKING_DAMAGE,6,4846.01,4,1,4,0,1.0,False,0,STANDARD
AUTO_COLLISION,SIDE_COLLISION,12,11973.02,4,2,4,1,0.75,False,1,INVESTIGATION
AUTO_COLLISION,SIDE_COLLISION,9,1277.31,2,1,4,0,1.0,False,0,FAST_TRACK
AUTO_COLLISION,FRONT_COLLISION,7,2875.27,2,1,3,1,0.6666666666666666,False,1,STANDARD
AUTO_COLLISION,REAR_COLLISION,10,1434.43,1,2,5,0,1.0,False,3,INVESTIGATION
AUTO_COLLISION,FRONT_COLLISION,7,1577.46,3,0,4,0,1.0,False,0,EXPERT_REVIEW
AUTO_COLLISION,FRONT_COLLISION,7,1360.58,3,1,6,0,1.0,False,2,EXPERT_REVIEW
AUTO_COLLISION,FRONT_COLLISION,2,1302.74,2,0,3,2,0.3333333333333333,False,1,STANDARD
AUTO_COLLISION,REAR_COLLISION,7,566.22,2,0,5,1,0.8,False,1,STANDARD
AUTO_COLLISION,REAR_COLLISION,7,7628.94,3,0,5,1,0.8,False,1,STANDARD
AUTO_COLLISION,SIDE_COLLISION,4,3231.34,2,1,4,2,0.5,True,2,INVESTIGATION
AUTO_COLLISION,FRONT_COLLISION,5,5936.43,5,1,3,0,1.0,False,0,STANDARD
AUTO_COLLISION,FRONT_COLLISION,6,2528.85,3,2,4,2,0.5,True,4,INVESTIGATION
AUTO_COLLISION,REAR_COLLISION,4,7947.95,5,1,6,1,0.8333333333333334,False,0,EXPERT_REVIEW
AUTO_COLLISION,PARKING_DAMAGE,3,1054.95,2,0,3,1,0.6666666666666666,False,0,FAST_TRACK
AUTO_COLLISION,REAR_COLLISION,8,2929.6,1,0,4,0,1.0,False,0,STANDARD
AUTO_COLLISION,REAR_COLLISION,7,2563.34,3,1,3,0,1.0,False,1,EXPERT_REVIEW
AUTO_COLLISION,SIDE_COLLISION,9,3436.01,1,0,4,1,0.75,False,2,STANDARD
AUTO_COLLISION,FRONT_COLLISION,6,2513.12,2,0,5,0,1.0,False,0,EXPERT_REVIEW
AUTO_COLLISION,FRONT_COLLISION,6,2588.25,2,1,3,1,0.6666666666666666,False,1,INVESTIGATION
AUTO_COLLISION,PARKING_DAMAGE,5,2919.04,2,0,3,2,0.3333333333333333,False,1,STANDARD
AUTO_COLLISION,FRONT_COLLISION,4,2197.9,1,0,5,0,1.0,False,0,STANDARD
AUTO_COLLISION,REAR_COLLISION,2,1169.8,2,1,3,0,1.0,False,0,INVESTIGATION
AUTO_COLLISION,REAR_COLLISION,5,2611.51,3,0,4,0,1.0,True,0,EXPERT_REVIEW
AUTO_COLLISION,FRONT_COLLISION,6,3656.03,2,0,3,0,1.0,False,0,INVESTIGATION
AUTO_COLLISION,SIDE_COLLISION,7,5505.63,4,0,4,0,1.0,True,1,EXPERT_REVIEW
AUTO_COLLISION,SIDE_COLLISION,10,7660.38,3,0,5,0,1.0,True,0,EXPERT_REVIEW
AUTO_COLLISION,REAR_COLLISION,9,2449.01,3,1,3,0,1.0,False,0,FAST_TRACK
AUTO_COLLISION,SIDE_COLLISION,9,2800.41,3,0,5,0,1.0,False,1,EXPERT_REVIEW
AUTO_COLLISION,FRONT_COLLISION,7,854.01,2,0,4,0,1.0,False,0,FAST_TRACK
AUTO_COLLISION,FRONT_COLLISION,6,3138.53,4,1,6,1,0.8333333333333334,False,2,INVESTIGATION
AUTO_COLLISION,PARKING_DAMAGE,5,668.09,1,0,3,0,1.0,False,0,EXPERT_REVIEW
AUTO_COLLISION,SIDE_COLLISION,4,3129.8,2,3,4,1,0.75,False,1,INVESTIGATION
AUTO_COLLISION,REAR_COLLISION,3,2407.09,3,0,4,0,1.0,False,0,STANDARD
AUTO_COLLISION,FRONT_COLLISION,10,2527.0,1,1,5,1,0.8,False,0,EXPERT_REVIEW
AUTO_COLLISION,FRONT_COLLISION,7,5758.12,3,1,4,0,1.0,True,0,EXPERT_REVIEW
AUTO_COLLISION,SIDE_COLLISION,3,1249.4,3,0,4,0,1.0,False,0,INVESTIGATION
AUTO_COLLISION,SIDE_COLLISION,2,4943.32,2,0,6,0,1.0,False,0,FAST_TRACK
AUTO_COLLISION,FRONT_COLLISION,7,2858.97,1,0,5,0,1.0,False,1,EXPERT_REVIEW
AUTO_COLLISION,SIDE_COLLISION,3,1145.4,1,0,6,1,0.8333333333333334,False,2,STANDARD
AUTO_COLLISION,REAR_COLLISION,8,727.15,4,0,3,1,0.6666666666666666,False,1,STANDARD
AUTO_COLLISION,PARKING_DAMAGE,7,949.38,4,1,3,1,0.6666666666666666,False,2,STANDARD
AUTO_COLLISION,REAR_COLLISION,7,949.95,2,0,3,0,1.0,False,0,FAST_TRACK
AUTO_COLLISION,FRONT_COLLISION,4,2101.53,3,0,5,0,1.0,False,0,EXPERT_REVIEW
AUTO_COLLISION,SIDE_COLLISION,6,3184.87,4,0,4,0,1.0,False,0,STANDARD
AUTO_COLLISION,REAR_COLLISION,8,2036.67,2,0,5,0,1.0,False,0,FAST_TRACK
AUTO_COLLISION,SIDE_COLLISION,9,3357.98,2,1,6,1,0.8333333333333334,False,3,EXPERT_REVIEW
AUTO_COLLISION,PARKING_DAMAGE,1,2494.48,3,1,3,0,1.0,True,2,INVESTIGATION
AUTO_COLLISION,FRONT_COLLISION,6,3498.49,3,0,6,0,1.0,False,0,STANDARD
AUTO_COLLISION,FRONT_COLLISION,9,1882.69,3,0,3,0,1.0,False,0,STANDARD
AUTO_COLLISION,REAR_COLLISION,6,675.63,1,0,3,1,0.6666666666666666,False,0,FAST_TRACK
AUTO_COLLISION,SIDE_COLLISION,6,3198.0,2,1,5,1,0.8,False,3,INVESTIGATION
AUTO_COLLISION,SIDE_COLLISION,5,4498.03,3,2,6,1,0.8333333333333334,False,1,INVESTIGATION
AUTO_COLLISION,FRONT_COLLISION,4,9948.72,5,0,5,1,0.8,False,0,FAST_TRACK
AUTO_COLLISION,FRONT_COLLISION,4,2830.05,1,0,5,0,1.0,True,0,STANDARD
AUTO_COLLISION,REAR_COLLISION,7,4466.23,3,0,6,0,1.0,False,0,EXPERT_REVIEW
AUTO_COLLISION,PARKING_DAMAGE,7,1047.3,2,0,6,0,1.0,False,0,FAST_TRACK
AUTO_COLLISION,FRONT_COLLISION,6,6898.91,2,0,6,0,1.0,False,0,STANDARD
AUTO_COLLISION,FRONT_COLLISION,8,1523.69,2,1,6,0,1.0,False,1,EXPERT_REVIEW
AUTO_COLLISION,REAR_COLLISION,5,757.01,4,0,5,0,1.0,False,1,EXPERT_REVIEW
AUTO_COLLISION,REAR_COLLISION,6,5415.35,2,0,5,0,1.0,False,0,FAST_TRACK
AUTO_COLLISION,PARKING_DAMAGE,4,883.82,1,0,5,0,1.0,False,0,FAST_TRACK
AUTO_COLLISION,SIDE_COLLISION,7,2362.81,2,0,4,0,1.0,False,0,STANDARD
AUTO_COLLISION,REAR_COLLISION,5,2055.74,3,0,6,1,0.8333333333333334,False,0,FAST_TRACK
AUTO_COLLISION,REAR_COLLISION,7,1602.94,3,0,6,0,1.0,False,0,FAST_TRACK
AUTO_COLLISION,SIDE_COLLISION,6,1998.51,3,1,4,1,0.75,False,1,INVESTIGATION
AUTO_COLLISION,SIDE_COLLISION,6,1589.76,3,0,4,0,1.0,True,0,STANDARD
AUTO_COLLISION,SIDE_COLLISION,6,4262.76,2,0,3,0,1.0,False,0,INVESTIGATION
AUTO_COLLISION,REAR_COLLISION,5,2692.27,3,0,6,0,1.0,False,0,FAST_TRACK
AUTO_COLLISION,FRONT_COLLISION,5,1399.65,1,0,6,1,0.8333333333333334,False,0,STANDARD
AUTO_COLLISION,SIDE_COLLISION,12,2093.08,7,0,4,0,1.0,False,0,EXPERT_REVIEW
AUTO_COLLISION,REAR_COLLISION,3,4302.63,1,1,5,0,1.0,False,1,EXPERT_REVIEW
AUTO_COLLISION,FRONT_COLLISION,10,3460.94,1,0,3,0,1.0,False,0,EXPERT_REVIEW
AUTO_COLLISION,FRONT_COLLISION,4,4373.0,6,0,6,1,0.8333333333333334,False,0,STANDARD
AUTO_COLLISION,SIDE_COLLISION,6,3621.34,3,0,6,0,1.0,False,0,EXPERT_REVIEW
AUTO_COLLISION,REAR_COLLISION,7,1877.43,1,0,4,0,1.0,False,0,FAST_TRACK
AUTO_COLLISION,REAR_COLLISION,7,457.88,1,0,4,2,0.5,False,0,INVESTIGATION
AUTO_COLLISION,FRONT_COLLISION,6,2158.28,3,0,6,4,0.3333333333333333,False,1,INVESTIGATION
AUTO_COLLISION,SIDE_COLLISION,6,2307.29,4,0,3,0,1.0,False,0,STANDARD
AUTO_COLLISION,REAR_COLLISION,7,4596.24,1,0,5,1,0.8,False,0,FAST_TRACK
AUTO_COLLISION,SIDE_COLLISION,5,4038.67,2,2,5,0,1.0,True,0,EXPERT_REVIEW
AUTO_COLLISION,REAR_COLLISION,1,933.61,4,0,4,2,0.5,False,0,STANDARD
AUTO_COLLISION,REAR_COLLISION,4,2194.76,6,1,3,0,1.0,False,0,EXPERT_REVIEW
AUTO_COLLISION,REAR_COLLISION,6,5737.99,2,0,4,0,1.0,False,0,EXPERT_REVIEW
AUTO_COLLISION,REAR_COLLISION,8,1587.24,4,1,4,1,0.75,False,1,INVESTIGATION
AUTO_COLLISION,PARKING_DAMAGE,11,1557.83,3,0,6,0,1.0,False,0,FAST_TRACK
AUTO_COLLISION,SIDE_COLLISION,7,3195.4,3,0,6,0,1.0,False,0,EXPERT_REVIEW
AUTO_COLLISION,PARKING_DAMAGE,6,905.79,2,0,5,1,0.8,False,0,FAST_TRACK
AUTO_COLLISION,FRONT_COLLISION,6,690.08,1,0,6,1,0.8333333333333334,False,0,FAST_TRACK
AUTO_COLLISION,REAR_COLLISION,9,3766.23,7,0,4,0,1.0,False,0,FAST_TRACK
AUTO_COLLISION,FRONT_COLLISION,7,3092.07,1,0,5,1,0.8,False,1,STANDARD
AUTO_COLLISION,SIDE_COLLISION,6,2427.96,4,0,5,2,0.6,False,0,EXPERT_REVIEW
AUTO_COLLISION,PARKING_DAMAGE,8,1334.62,2,0,3,2,0.3333333333333333,False,4,INVESTIGATION
AUTO_COLLISION,SIDE_COLLISION,5,786.59,3,0,5,1,0.8,False,0,EXPERT_REVIEW
AUTO_COLLISION,FRONT_COLLISION,4,1451.49,2,1,6,0,1.0,False,2,STANDARD
AUTO_COLLISION,PARKING_DAMAGE,7,1311.04,3,0,4,0,1.0,False,0,STANDARD
AUTO_COLLISION,SIDE_COLLISION,3,808.39,2,0,3,1,0.6666666666666666,False,0,FAST_TRACK
AUTO_COLLISION,REAR_COLLISION,9,1289.06,1,0,5,2,0.6,False,0,FAST_TRACK
AUTO_COLLISION,FRONT_COLLISION,6,1096.42,1,1,3,0,1.0,False,1,STANDARD
AUTO_COLLISION,FRONT_COLLISION,7,3642.04,2,0,4,0,1.0,False,0,STANDARD
AUTO_COLLISION,REAR_COLLISION,5,1540.48,3,0,3,1,0.6666666666666666,False,0,STANDARD
AUTO_COLLISION,SIDE_COLLISION,6,5094.96,1,0,4,0,1.0,True,0,EXPERT_REVIEW
AUTO_COLLISION,PARKING_DAMAGE,4,2104.86,2,0,4,1,0.75,False,0,FAST_TRACK
AUTO_COLLISION,PARKING_DAMAGE,5,2237.6,3,0,5,0,1.0,False,0,FAST_TRACK
AUTO_COLLISION,REAR_COLLISION,5,2584.28,2,0,4,1,0.75,True,1,EXPERT_REVIEW
AUTO_COLLISION,REAR_COLLISION,8,2450.44,2,0,6,1,0.8333333333333334,True,0,EXPERT_REVIEW
AUTO_COLLISION,SIDE_COLLISION,9,1174.27,3,0,5,0,1.0,False,0,STANDARD
AUTO_COLLISION,SIDE_COLLISION,6,958.14,1,0,6,0,1.0,False,0,STANDARD
AUTO_COLLISION,PARKING_DAMAGE,8,969.47,3,1,5,1,0.8,False,1,STANDARD
AUTO_COLLISION,REAR_COLLISION,3,4175.8,2,1,4,0,1.0,False,1,EXPERT_REVIEW
AUTO_COLLISION,SIDE_COLLISION,6,1262.69,4,0,4,1,0.75,False,0,EXPERT_REVIEW
AUTO_COLLISION,REAR_COLLISION,7,3113.52,2,1,6,1,0.8333333333333334,False,0,STANDARD
AUTO_COLLISION,REAR_COLLISION,2,2684.47,2,0,4,0,1.0,False,0,EXPERT_REVIEW
AUTO_COLLISION,REAR_COLLISION,5,702.72,3,0,6,0,1.0,False,0,FAST_TRACK
AUTO_COLLISION,SIDE_COLLISION,8,1834.78,2,0,4,1,0.75,False,0,EXPERT_REVIEW
AUTO_COLLISION,REAR_COLLISION,5,1418.93,2,0,4,1,0.75,False,0,INVESTIGATION
AUTO_COLLISION,FRONT_COLLISION,6,2888.74,3,0,6,0,1.0,False,0,STANDARD
AUTO_COLLISION,REAR_COLLISION,6,1347.33,1,1,5,0,1.0,True,1,EXPERT_REVIEW
AUTO_COLLISION,PARKING_DAMAGE,8,1024.96,1,2,4,1,0.75,False,0,STANDARD
AUTO_COLLISION,PARKING_DAMAGE,4,3017.81,2,0,3,0,1.0,False,0,STANDARD
AUTO_COLLISION,REAR_COLLISION,8,1381.37,2,0,4,0,1.0,False,0,FAST_TRACK
AUTO_COLLISION,PARKING_DAMAGE,10,2591.93,1,0,3,0,1.0,False,0,STANDARD
AUTO_COLLISION,PARKING_DAMAGE,5,650.15,1,0,3,0,1.0,False,0,STANDARD
AUTO_COLLISION,SIDE_COLLISION,5,2240.18,3,0,6,0,1.0,False,1,EXPERT_REVIEW
AUTO_COLLISION,SIDE_COLLISION,10,2211.97,2,0,6,1,0.8333333333333334,False,0,STANDARD
AUTO_COLLISION,FRONT_COLLISION,7,3188.26,1,0,4,0,1.0,False,0,STANDARD
AUTO_COLLISION,FRONT_COLLISION,5,2242.95,2,0,5,1,0.8,False,0,FAST_TRACK
AUTO_COLLISION,PARKING_DAMAGE,6,2768.96,4,0,6,1,0.8333333333333334,False,1,EXPERT_REVIEW
AUTO_COLLISION,SIDE_COLLISION,6,3108.95,3,0,4,0,1.0,False,0,STANDARD
AUTO_COLLISION,FRONT_COLLISION,3,1827.25,1,0,4,0,1.0,False,0,STANDARD
AUTO_COLLISION,FRONT_COLLISION,7,2337.85,2,0,4,2,0.5,False,0,FAST_TRACK
AUTO_COLLISION,SIDE_COLLISION,5,12806.93,3,1,5,1,0.8,False,1,EXPERT_REVIEW
AUTO_COLLISION,SIDE_COLLISION,8,1079.65,2,1,3,0,1.0,False,0,STANDARD
AUTO_COLLISION,FRONT_COLLISION,9,2905.86,6,0,4,1,0.75,True,0,EXPERT_REVIEW
AUTO_COLLISION,REAR_COLLISION,6,996.21,1,0,5,0,1.0,False,0,FAST_TRACK
AUTO_COLLISION,SIDE_COLLISION,6,1574.6,1,0,4,0,1.0,False,0,STANDARD
AUTO_COLLISION,FRONT_COLLISION,7,3424.39,3,0,3,0,1.0,False,0,FAST_TRACK
AUTO_COLLISION,REAR_COLLISION,8,2799.46,3,0,5,1,0.8,False,1,INVESTIGATION
AUTO_COLLISION,FRONT_COLLISION,6,491.85,5,0,3,0,1.0,False,1,STANDARD
AUTO_COLLISION,REAR_COLLISION,4,3118.76,4,1,6,2,0.6666666666666666,False,2,EXPERT_REVIEW
AUTO_COLLISION,REAR_COLLISION,3,6341.83,5,1,6,1,0.8333333333333334,False,2,STANDARD
AUTO_COLLISION,REAR_COLLISION,4,1258.1,3,0,4,0,1.0,False,0,FAST_TRACK
AUTO_COLLISION,FRONT_COLLISION,3,2339.37,1,0,3,0,1.0,False,0,STANDARD
AUTO_COLLISION,FRONT_COLLISION,4,2090.23,2,0,5,1,0.8,False,4,STANDARD
AUTO_COLLISION,SIDE_COLLISION,6,1219.83,1,0,4,2,0.5,True,1,EXPERT_REVIEW
AUTO_COLLISION,REAR_COLLISION,11,3483.47,1,1,5,0,1.0,False,0,EXPERT_REVIEW
AUTO_COLLISION,REAR_COLLISION,6,2456.57,6,0,6,2,0.6666666666666666,False,1,INVESTIGATION
AUTO_COLLISION,SIDE_COLLISION,4,560.97,2,0,4,0,1.0,False,0,STANDARD
AUTO_COLLISION,SIDE_COLLISION,7,2757.8,3,0,4,1,0.75,False,1,INVESTIGATION
AUTO_COLLISION,FRONT_COLLISION,7,1534.2,1,0,6,0,1.0,False,0,EXPERT_REVIEW
AUTO_COLLISION,FRONT_COLLISION,8,639.36,2,0,5,2,0.6,False,0,STANDARD
AUTO_COLLISION,SIDE_COLLISION,7,1347.89,4,1,6,0,1.0,False,1,INVESTIGATION
AUTO_COLLISION,FRONT_COLLISION,9,4329.87,3,0,5,0,1.0,False,1,STANDARD
AUTO_COLLISION,SIDE_COLLISION,9,1474.79,1,0,3,0,1.0,False,1,FAST_TRACK
AUTO_COLLISION,REAR_COLLISION,3,2003.16,2,0,5,0,1.0,False,0,EXPERT_REVIEW
AUTO_COLLISION,REAR_COLLISION,5,917.22,2,0,6,1,0.8333333333333334,False,0,FAST_TRACK
AUTO_COLLISION,FRONT_COLLISION,10,1063.94,3,0,6,0,1.0,False,0,STANDARD
AUTO_COLLISION,SIDE_COLLISION,3,2428.87,3,1,3,0,1.0,False,2,EXPERT_REVIEW
AUTO_COLLISION,FRONT_COLLISION,4,1234.2,1,0,6,2,0.6666666666666666,False,2,EXPERT_REVIEW
AUTO_COLLISION,REAR_COLLISION,5,2187.8,3,0,4,0,1.0,False,0,FAST_TRACK
AUTO_COLLISION,REAR_COLLISION,3,1564.06,4,0,4,0,1.0,False,0,STANDARD
AUTO_COLLISION,REAR_COLLISION,5,439.96,1,0,4,1,0.75,False,1,FAST_TRACK
AUTO_COLLISION,REAR_COLLISION,4,930.36,2,0,3,1,0.6666666666666666,False,0,FAST_TRACK
AUTO_COLLISION,SIDE_COLLISION,4,3735.71,3,0,5,0,1.0,False,0,STANDARD
AUTO_COLLISION,PARKING_DAMAGE,3,670.26,1,0,4,0,1.0,False,0,FAST_TRACK
AUTO_COLLISION,FRONT_COLLISION,6,3945.86,2,1,5,0,1.0,False,0,FAST_TRACK
AUTO_COLLISION,SIDE_COLLISION,4,21135.83,5,3,5,1,0.8,False,2,INVESTIGATION
AUTO_COLLISION,SIDE_COLLISION,11,9121.37,6,0,3,1,0.6666666666666666,False,0,EXPERT_REVIEW
AUTO_COLLISION,REAR_COLLISION,8,8813.81,4,0,5,0,1.0,False,0,STANDARD
AUTO_COLLISION,SIDE_COLLISION,7,6126.36,3,0,4,1,0.75,True,1,EXPERT_REVIEW
AUTO_COLLISION,SIDE_COLLISION,2,6664.27,1,2,3,1,0.6666666666666666,False,4,EXPERT_REVIEW
AUTO_COLLISION,REAR_COLLISION,5,3476.25,2,0,3,1,0.6666666666666666,False,0,STANDARD
AUTO_COLLISION,FRONT_COLLISION,8,3474.86,3,1,4,1,0.75,False,1,EXPERT_REVIEW
AUTO_COLLISION,REAR_COLLISION,6,4040.57,6,2,3,0,1.0,False,3,STANDARD
AUTO_COLLISION,FRONT_COLLISION,7,12174.44,3,1,6,1,0.8333333333333334,False,1,INVESTIGATION
AUTO_COLLISION,FRONT_COLLISION,6,2576.95,2,1,3,0,1.0,False,4,INVESTIGATION
AUTO_COLLISION,REAR_COLLISION,4,2713.81,3,0,5,1,0.8,False,0,STANDARD
AUTO_COLLISION,FRONT_COLLISION,4,4477.06,3,0,3,1,0.6666666666666666,False,2,INVESTIGATION
AUTO_COLLISION,REAR_COLLISION,5,1077.81,1,1,4,1,0.75,False,0,EXPERT_REVIEW
AUTO_COLLISION,SIDE_COLLISION,3,1284.83,3,0,6,1,0.8333333333333334,True,1,EXPERT_REVIEW
AUTO_COLLISION,SIDE_COLLISION,8,3424.79,4,0,5,1,0.8,False,1,STANDARD
AUTO_COLLISION,SIDE_COLLISION,6,7154.37,4,1,5,1,0.8,False,0,INVESTIGATION
AUTO_COLLISION,SIDE_COLLISION,8,1869.91,4,2,5,2,0.6,False,4,INVESTIGATION
AUTO_COLLISION,REAR_COLLISION,7,5599.96,1,0,6,0,1.0,False,0,FAST_TRACK
AUTO_COLLISION,SIDE_COLLISION,5,4400.06,3,1,5,1,0.8,True,0,STANDARD
AUTO_COLLISION,SIDE_COLLISION,3,3050.65,4,0,4,1,0.75,False,0,INVESTIGATION
AUTO_COLLISION,FRONT_COLLISION,9,1998.85,2,0,5,1,0.8,False,0,STANDARD
AUTO_COLLISION,PARKING_DAMAGE,6,1615.46,1,0,6,0,1.0,False,0,FAST_TRACK
AUTO_COLLISION,SIDE_COLLISION,7,7591.93,1,0,6,0,1.0,False,0,EXPERT_REVIEW
AUTO_COLLISION,FRONT_COLLISION,4,1434.46,3,1,3,0,1.0,False,1,FAST_TRACK
AUTO_COLLISION,REAR_COLLISION,7,3163.14,1,0,5,0,1.0,False,0,FAST_TRACK
AUTO_COLLISION,FRONT_COLLISION,7,1696.93,3,0,3,0,1.0,False,0,EXPERT_REVIEW
AUTO_COLLISION,REAR_COLLISION,6,3923.95,2,0,6,1,0.8333333333333334,False,1,INVESTIGATION
AUTO_COLLISION,SIDE_COLLISION,9,4226.67,1,2,3,1,0.6666666666666666,False,4,INVESTIGATION
AUTO_COLLISION,PARKING_DAMAGE,6,1054.99,4,0,6,0,1.0,False,0,FAST_TRACK
AUTO_COLLISION,FRONT_COLLISION,2,30000.0,8,3,6,3,0.5,False,2,INVESTIGATION
AUTO_COLLISION,FRONT_COLLISION,4,7300.58,5,0,6,0,1.0,False,0,EXPERT_REVIEW
AUTO_COLLISION,REAR_COLLISION,8,537.53,2,0,5,1,0.8,False,0,STANDARD
AUTO_COLLISION,FRONT_COLLISION,3,4158.7,4,0,4,1,0.75,False,1,EXPERT_REVIEW
AUTO_COLLISION,FRONT_COLLISION,6,738.32,4,0,6,1,0.8333333333333334,False,0,INVESTIGATION
AUTO_COLLISION,FRONT_COLLISION,6,1624.25,5,1,4,0,1.0,True,0,EXPERT_REVIEW
AUTO_COLLISION,SIDE_COLLISION,4,4515.34,6,0,6,0,1.0,False,0,EXPERT_REVIEW
AUTO_COLLISION,FRONT_COLLISION,7,1015.63,3,0,5,0,1.0,False,0,STANDARD
AUTO_COLLISION,REAR_COLLISION,10,3692.74,4,0,6,0,1.0,True,0,EXPERT_REVIEW
AUTO_COLLISION,SIDE_COLLISION,8,6879.94,3,0,4,0,1.0,False,0,EXPERT_REVIEW
AUTO_COLLISION,FRONT_COLLISION,4,2001.34,2,0,6,1,0.8333333333333334,False,0,INVESTIGATION
AUTO_COLLISION,SIDE_COLLISION,11,3432.89,4,1,3,1,0.6666666666666666,False,1,STANDARD
AUTO_COLLISION,PARKING_DAMAGE,6,852.07,5,1,3,0,1.0,False,0,INVESTIGATION
AUTO_COLLISION,REAR_COLLISION,3,3554.52,5,0,5,0,1.0,False,0,EXPERT_REVIEW
AUTO_COLLISION,SIDE_COLLISION,4,3316.88,1,0,3,0,1.0,True,0,INVESTIGATION
AUTO_COLLISION,FRONT_COLLISION,8,6308.03,3,1,6,0,1.0,False,1,EXPERT_REVIEW
AUTO_COLLISION,REAR_COLLISION,4,1211.97,1,0,4,1,0.75,False,1,STANDARD
AUTO_COLLISION,SIDE_COLLISION,3,2531.8,2,0,4,0,1.0,False,0,STANDARD
AUTO_COLLISION,SIDE_COLLISION,10,2459.2,1,0,6,2,0.6666666666666666,False,0,STANDARD
AUTO_COLLISION,PARKING_DAMAGE,6,623.27,1,0,4,0,1.0,False,1,INVESTIGATION
AUTO_COLLISION,SIDE_COLLISION,7,7901.46,4,2,6,0,1.0,False,4,INVESTIGATION
AUTO_COLLISION,PARKING_DAMAGE,7,709.01,2,0,5,1,0.8,False,1,STANDARD
AUTO_COLLISION,FRONT_COLLISION,7,2708.52,3,0,5,0,1.0,False,0,FAST_TRACK
AUTO_COLLISION,SIDE_COLLISION,7,2248.49,1,0,4,1,0.75,False,0,STANDARD
AUTO_COLLISION,REAR_COLLISION,9,1544.77,3,0,6,0,1.0,False,0,EXPERT_REVIEW
AUTO_COLLISION,FRONT_COLLISION,6,4750.64,2,0,6,0,1.0,False,0,STANDARD
AUTO_COLLISION,FRONT_COLLISION,8,7870.45,6,0,6,1,0.8333333333333334,True,0,STANDARD
AUTO_COLLISION,FRONT_COLLISION,6,2058.64,2,1,3,1,0.6666666666666666,False,1,INVESTIGATION
AUTO_COLLISION,REAR_COLLISION,2,1692.07,2,1,5,2,0.6,False,1,EXPERT_REVIEW
AUTO_COLLISION,SIDE_COLLISION,1,2425.67,4,0,4,0,1.0,False,0,STANDARD
AUTO_COLLISION,SIDE_COLLISION,3,4625.86,2,0,5,0,1.0,False,0,STANDARD
AUTO_COLLISION,REAR_COLLISION,5,2104.05,4,0,3,0,1.0,False,0,FAST_TRACK
AUTO_COLLISION,FRONT_COLLISION,4,1921.19,2,1,6,2,0.6666666666666666,False,1,INVESTIGATION
AUTO_COLLISION,REAR_COLLISION,6,1816.92,3,0,4,1,0.75,False,0,EXPERT_REVIEW
AUTO_COLLISION,PARKING_DAMAGE,9,5384.62,3,1,3,0,1.0,False,0,STANDARD
AUTO_COLLISION,REAR_COLLISION,11,2014.15,3,0,4,0,1.0,False,0,EXPERT_REVIEW
AUTO_COLLISION,SIDE_COLLISION,2,4234.57,5,0,6,3,0.5,False,2,EXPERT_REVIEW
AUTO_COLLISION,PARKING_DAMAGE,5,2093.91,3,0,6,0,1.0,False,0,FAST_TRACK
AUTO_COLLISION,REAR_COLLISION,3,2470.27,3,2,6,2,0.6666666666666666,False,5,INVESTIGATION
AUTO_COLLISION,SIDE_COLLISION,5,3211.48,3,0,4,0,1.0,True,0,EXPERT_REVIEW
AUTO_COLLISION,REAR_COLLISION,6,3689.9,2,0,4,0,1.0,False,0,FAST_TRACK
AUTO_COLLISION,REAR_COLLISION,6,3176.13,3,0,3,0,1.0,False,1,STANDARD
AUTO_COLLISION,REAR_COLLISION,8,11205.73,8,1,5,0,1.0,False,2,INVESTIGATION
AUTO_COLLISION,SIDE_COLLISION,7,2607.16,1,0,3,0,1.0,True,0,EXPERT_REVIEW
AUTO_COLLISION,FRONT_COLLISION,5,2513.01,3,1,5,1,0.8,False,2,EXPERT_REVIEW
AUTO_COLLISION,SIDE_COLLISION,5,1215.17,3,0,4,1,0.75,False,0,STANDARD
AUTO_COLLISION,SIDE_COLLISION,9,6079.36,3,0,4,0,1.0,False,0,EXPERT_REVIEW
AUTO_COLLISION,FRONT_COLLISION,7,1243.44,1,0,4,0,1.0,False,0,STANDARD
AUTO_COLLISION,REAR_COLLISION,3,561.3,4,1,5,0,1.0,False,2,STANDARD
AUTO_COLLISION,REAR_COLLISION,6,4088.96,3,0,4,1,0.75,False,1,EXPERT_REVIEW
AUTO_COLLISION,FRONT_COLLISION,8,3653.04,4,0,4,1,0.75,False,2,EXPERT_REVIEW
AUTO_COLLISION,REAR_COLLISION,7,970.54,3,0,3,0,1.0,False,0,STANDARD
AUTO_COLLISION,SIDE_COLLISION,0,3684.75,5,0,6,1,0.8333333333333334,False,0,EXPERT_REVIEW
AUTO_COLLISION,SIDE_COLLISION,5,2022.25,3,1,5,0,1.0,True,0,EXPERT_REVIEW
AUTO_COLLISION,REAR_COLLISION,12,436.61,2,0,4,1,0.75,False,0,STANDARD
AUTO_COLLISION,FRONT_COLLISION,6,1736.52,1,1,4,0,1.0,False,0,FAST_TRACK
AUTO_COLLISION,PARKING_DAMAGE,12,1108.64,1,0,5,0,1.0,False,0,EXPERT_REVIEW
AUTO_COLLISION,FRONT_COLLISION,7,495.66,2,0,3,0,1.0,False,0,STANDARD
AUTO_COLLISION,SIDE_COLLISION,9,5941.05,2,2,6,3,0.5,False,1,EXPERT_REVIEW
AUTO_COLLISION,REAR_COLLISION,4,2305.36,1,0,4,0,1.0,False,0,FAST_TRACK
AUTO_COLLISION,REAR_COLLISION,7,2520.63,1,0,4,0,1.0,False,0,EXPERT_REVIEW
AUTO_COLLISION,REAR_COLLISION,6,3070.87,3,0,6,0,1.0,True,0,STANDARD
AUTO_COLLISION,REAR_COLLISION,5,3322.05,1,0,3,0,1.0,False,0,STANDARD
AUTO_COLLISION,FRONT_COLLISION,3,5101.75,2,0,5,0,1.0,False,0,EXPERT_REVIEW
AUTO_COLLISION,REAR_COLLISION,7,5709.45,3,0,5,2,0.6,False,0,EXPERT_REVIEW
AUTO_COLLISION,REAR_COLLISION,9,1481.07,1,1,4,1,0.75,False,1,INVESTIGATION
AUTO_COLLISION,SIDE_COLLISION,7,2573.72,2,0,4,0,1.0,False,0,INVESTIGATION
AUTO_COLLISION,SIDE_COLLISION,6,736.19,1,0,3,1,0.6666666666666666,False,1,EXPERT_REVIEW
AUTO_COLLISION,FRONT_COLLISION,5,2112.41,4,0,5,0,1.0,False,1,FAST_TRACK
AUTO_COLLISION,REAR_COLLISION,4,1562.49,2,0,6,2,0.6666666666666666,False,1,INVESTIGATION
AUTO_COLLISION,FRONT_COLLISION,6,955.67,2,0,3,0,1.0,False,0,STANDARD
AUTO_COLLISION,SIDE_COLLISION,7,1165.82,2,0,3,0,1.0,False,0,FAST_TRACK
AUTO_COLLISION,SIDE_COLLISION,2,1008.79,1,1,5,0,1.0,False,2,INVESTIGATION
AUTO_COLLISION,FRONT_COLLISION,6,4071.29,2,0,5,0,1.0,True,0,EXPERT_REVIEW
AUTO_COLLISION,SIDE_COLLISION,7,1612.23,3,0,4,0,1.0,True,0,EXPERT_REVIEW
AUTO_COLLISION,SIDE_COLLISION,5,2486.69,7,0,5,0,1.0,False,0,FAST_TRACK
AUTO_COLLISION,PARKING_DAMAGE,7,1406.92,2,0,4,0,1.0,False,0,STANDARD
AUTO_COLLISION,FRONT_COLLISION,4,3075.24,5,0,6,0,1.0,False,0,EXPERT_REVIEW
AUTO_COLLISION,SIDE_COLLISION,7,1051.42,1,0,6,1,0.8333333333333334,True,1,EXPERT_REVIEW
AUTO_COLLISION,FRONT_COLLISION,9,2396.61,2,0,3,0,1.0,False,1,EXPERT_REVIEW
AUTO_COLLISION,REAR_COLLISION,8,1577.28,2,1,4,1,0.75,False,1,STANDARD
AUTO_COLLISION,REAR_COLLISION,11,6977.91,4,0,5,0,1.0,False,0,EXPERT_REVIEW
AUTO_COLLISION,REAR_COLLISION,7,3310.5,1,1,5,0,1.0,False,0,FAST_TRACK
AUTO_COLLISION,FRONT_COLLISION,4,2302.87,4,1,3,0,1.0,False,1,EXPERT_REVIEW
AUTO_COLLISION,SIDE_COLLISION,9,3731.04,4,1,6,1,0.8333333333333334,False,2,EXPERT_REVIEW
AUTO_COLLISION,SIDE_COLLISION,10,759.76,1,0,5,1,0.8,False,1,EXPERT_REVIEW
AUTO_COLLISION,SIDE_COLLISION,5,2110.73,3,0,3,0,1.0,False,0,STANDARD
AUTO_COLLISION,REAR_COLLISION,5,891.61,3,0,5,0,1.0,False,1,STANDARD
AUTO_COLLISION,SIDE_COLLISION,2,1261.37,1,2,5,1,0.8,False,1,STANDARD
AUTO_COLLISION,FRONT_COLLISION,6,2615.73,2,0,5,0,1.0,False,0,STANDARD
AUTO_COLLISION,REAR_COLLISION,3,2526.24,1,0,6,0,1.0,False,0,FAST_TRACK
AUTO_COLLISION,REAR_COLLISION,7,900.88,4,0,6,0,1.0,False,0,STANDARD
AUTO_COLLISION,SIDE_COLLISION,8,1812.43,2,0,3,0,1.0,False,0,STANDARD
AUTO_COLLISION,REAR_COLLISION,7,3227.01,2,1,6,0,1.0,False,0,INVESTIGATION
AUTO_COLLISION,REAR_COLLISION,5,2275.33,4,0,5,0,1.0,False,0,INVESTIGATION
AUTO_COLLISION,FRONT_COLLISION,7,2542.35,1,0,5,1,0.8,False,1,INVESTIGATION
AUTO_COLLISION,SIDE_COLLISION,7,5057.28,3,2,5,0,1.0,True,0,EXPERT_REVIEW
AUTO_COLLISION,FRONT_COLLISION,2,581.86,1,0,5,0,1.0,False,0,FAST_TRACK
AUTO_COLLISION,FRONT_COLLISION,8,767.93,3,0,5,1,0.8,False,2,EXPERT_REVIEW
AUTO_COLLISION,SIDE_COLLISION,6,3580.92,3,0,4,1,0.75,True,0,EXPERT_REVIEW
AUTO_COLLISION,SIDE_COLLISION,9,2453.56,1,1,6,2,0.6666666666666666,False,1,INVESTIGATION
AUTO_COLLISION,SIDE_COLLISION,7,834.95,2,1,3,0,1.0,False,0,EXPERT_REVIEW
AUTO_COLLISION,SIDE_COLLISION,4,767.79,1,0,3,1,0.6666666666666666,False,0,STANDARD
AUTO_COLLISION,REAR_COLLISION,5,4885.28,3,1,5,0,1.0,False,0,STANDARD
AUTO_COLLISION,REAR_COLLISION,4,2046.91,1,0,5,1,0.8,False,0,STANDARD
AUTO_COLLISION,SIDE_COLLISION,8,3809.54,1,0,5,0,1.0,True,0,EXPERT_REVIEW
AUTO_COLLISION,SIDE_COLLISION,3,2149.52,6,0,5,0,1.0,False,0,EXPERT_REVIEW
AUTO_COLLISION,REAR_COLLISION,4,976.7,3,0,4,0,1.0,False,0,STANDARD
AUTO_COLLISION,FRONT_COLLISION,8,2946.03,3,0,6,0,1.0,False,0,FAST_TRACK
AUTO_COLLISION,SIDE_COLLISION,10,4337.43,3,1,3,1,0.6666666666666666,False,1,INVESTIGATION
AUTO_COLLISION,REAR_COLLISION,8,721.69,1,0,5,1,0.8,False,1,FAST_TRACK
AUTO_COLLISION,SIDE_COLLISION,8,3205.89,1,0,6,0,1.0,False,0,FAST_TRACK
AUTO_COLLISION,REAR_COLLISION,6,3669.72,2,0,3,1,0.6666666666666666,False,1,STANDARD
AUTO_COLLISION,SIDE_COLLISION,7,1404.09,1,1,3,1,0.6666666666666666,True,1,EXPERT_REVIEW
AUTO_COLLISION,FRONT_COLLISION,3,9302.68,5,1,6,2,0.6666666666666666,False,1,STANDARD
AUTO_COLLISION,SIDE_COLLISION,7,1248.12,1,1,5,0,1.0,False,1,STANDARD
AUTO_COLLISION,REAR_COLLISION,8,3980.21,2,0,4,0,1.0,False,1,EXPERT_REVIEW
AUTO_COLLISION,FRONT_COLLISION,14,6441.11,1,1,6,2,0.6666666666666666,False,2,INVESTIGATION
AUTO_COLLISION,REAR_COLLISION,6,1004.94,4,0,5,1,0.8,False,0,FAST_TRACK
AUTO_COLLISION,REAR_COLLISION,6,5706.9,4,0,5,0,1.0,False,1,EXPERT_REVIEW
AUTO_COLLISION,REAR_COLLISION,5,3270.46,3,1,3,1,0.6666666666666666,False,2,INVESTIGATION
AUTO_COLLISION,SIDE_COLLISION,4,2217.03,1,1,6,0,1.0,False,0,STANDARD
AUTO_COLLISION,REAR_COLLISION,9,6102.19,3,0,3,1,0.6666666666666666,False,0,FAST_TRACK
AUTO_COLLISION,PARKING_DAMAGE,5,1237.87,2,0,6,1,0.8333333333333334,False,0,FAST_TRACK
AUTO_COLLISION,REAR_COLLISION,10,1795.77,1,0,5,0,1.0,False,0,FAST_TRACK
AUTO_COLLISION,SIDE_COLLISION,5,1457.11,3,0,3,0,1.0,False,0,FAST_TRACK
AUTO_COLLISION,FRONT_COLLISION,7,5130.88,3,1,6,1,0.8333333333333334,False,0,STANDARD
AUTO_COLLISION,FRONT_COLLISION,6,4517.27,2,1,3,0,1.0,True,1,EXPERT_REVIEW
AUTO_COLLISION,REAR_COLLISION,2,4820.31,4,2,3,0,1.0,True,0,EXPERT_REVIEW
AUTO_COLLISION,REAR_COLLISION,10,1959.31,3,0,6,2,0.6666666666666666,False,3,INVESTIGATION
AUTO_COLLISION,PARKING_DAMAGE,6,2238.98,3,0,6,0,1.0,True,0,EXPERT_REVIEW
AUTO_COLLISION,SIDE_COLLISION,3,5056.88,2,0,4,0,1.0,False,0,EXPERT_REVIEW
AUTO_COLLISION,FRONT_COLLISION,10,2244.65,2,0,4,1,0.75,False,3,EXPERT_REVIEW
AUTO_COLLISION,FRONT_COLLISION,4,5040.25,2,0,4,0,1.0,False,0,FAST_TRACK
AUTO_COLLISION,PARKING_DAMAGE,4,3378.44,1,0,5,0,1.0,False,0,FAST_TRACK
AUTO_COLLISION,REAR_COLLISION,7,967.85,1,0,6,2,0.6666666666666666,False,2,STANDARD
AUTO_COLLISION,SIDE_COLLISION,8,2315.79,4,0,3,0,1.0,False,0,EXPERT_REVIEW
AUTO_COLLISION,SIDE_COLLISION,6,2944.84,2,0,3,0,1.0,False,0,FAST_TRACK
AUTO_COLLISION,FRONT_COLLISION,6,995.74,4,0,6,0,1.0,True,0,EXPERT_REVIEW
AUTO_COLLISION,SIDE_COLLISION,6,4546.55,2,1,5,2,0.6,True,0,EXPERT_REVIEW
AUTO_COLLISION,SIDE_COLLISION,3,5339.1,6,0,4,0,1.0,False,0,STANDARD
AUTO_COLLISION,FRONT_COLLISION,4,3746.35,3,1,3,0,1.0,False,0,EXPERT_REVIEW
AUTO_COLLISION,REAR_COLLISION,5,7882.96,1,0,6,0,1.0,True,0,FAST_TRACK
AUTO_COLLISION,SIDE_COLLISION,6,5343.81,2,0,5,0,1.0,False,0,FAST_TRACK
AUTO_COLLISION,SIDE_COLLISION,7,2747.27,2,0,4,1,0.75,False,2,EXPERT_REVIEW
AUTO_COLLISION,REAR_COLLISION,5,2880.17,5,0,5,0,1.0,False,1,INVESTIGATION
AUTO_COLLISION,PARKING_DAMAGE,6,4378.72,1,1,3,0,1.0,False,3,INVESTIGATION
AUTO_COLLISION,REAR_COLLISION,6,4716.4,2,0,4,0,1.0,True,0,EXPERT_REVIEW
AUTO_COLLISION,REAR_COLLISION,8,1080.32,2,1,5,1,0.8,False,0,STANDARD
AUTO_COLLISION,REAR_COLLISION,11,3435.78,1,0,5,0,1.0,False,0,FAST_TRACK
AUTO_COLLISION,SIDE_COLLISION,9,2692.21,3,0,6,0,1.0,False,0,STANDARD
AUTO_COLLISION,SIDE_COLLISION,3,3789.02,3,0,4,2,0.5,True,1,EXPERT_REVIEW
AUTO_COLLISION,FRONT_COLLISION,3,5209.36,2,1,5,1,0.8,False,1,STANDARD
AUTO_COLLISION,SIDE_COLLISION,5,504.43,3,0,4,1,0.75,False,0,STANDARD
AUTO_COLLISION,PARKING_DAMAGE,9,3234.38,3,0,5,1,0.8,False,0,EXPERT_REVIEW
AUTO_COLLISION,FRONT_COLLISION,5,2964.32,2,1,4,1,0.75,False,0,INVESTIGATION
AUTO_COLLISION,SIDE_COLLISION,6,529.37,1,1,6,0,1.0,False,0,FAST_TRACK
AUTO_COLLISION,FRONT_COLLISION,7,3398.62,1,0,4,0,1.0,False,0,FAST_TRACK
AUTO_COLLISION,FRONT_COLLISION,8,3234.38,3,0,3,0,1.0,False,0,STANDARD
AUTO_COLLISION,FRONT_COLLISION,5,2426.47,2,0,5,1,0.8,False,1,FAST_TRACK
AUTO_COLLISION,REAR_COLLISION,9,2247.99,1,0,3,0,1.0,False,0,FAST_TRACK
AUTO_COLLISION,REAR_COLLISION,4,6335.07,5,0,5,0,1.0,False,0,EXPERT_REVIEW
AUTO_COLLISION,SIDE_COLLISION,5,4954.78,2,0,5,0,1.0,False,0,STANDARD
AUTO_COLLISION,SIDE_COLLISION,5,1594.67,2,2,5,1,0.8,False,3,INVESTIGATION
AUTO_COLLISION,FRONT_COLLISION,6,8448.55,5,1,5,2,0.6,True,2,INVESTIGATION
AUTO_COLLISION,REAR_COLLISION,8,2622.82,2,0,6,1,0.8333333333333334,False,1,STANDARD
AUTO_COLLISION,SIDE_COLLISION,3,1917.45,3,0,3,0,1.0,True,0,EXPERT_REVIEW
AUTO_COLLISION,FRONT_COLLISION,4,2064.82,2,0,4,1,0.75,False,1,INVESTIGATION
AUTO_COLLISION,FRONT_COLLISION,9,1683.83,3,0,4,0,1.0,False,0,STANDARD
AUTO_COLLISION,FRONT_COLLISION,13,2950.85,4,0,6,0,1.0,True,1,EXPERT_REVIEW
AUTO_COLLISION,SIDE_COLLISION,8,1746.71,3,1,3,0,1.0,False,0,STANDARD
AUTO_COLLISION,FRONT_COLLISION,11,2073.82,3,1,3,0,1.0,False,3,INVESTIGATION
AUTO_COLLISION,REAR_COLLISION,8,718.87,2,0,6,0,1.0,False,0,FAST_TRACK
AUTO_COLLISION,PARKING_DAMAGE,5,539.84,4,0,5,1,0.8,False,0,STANDARD
AUTO_COLLISION,FRONT_COLLISION,8,2353.13,2,0,5,1,0.8,False,1,STANDARD
AUTO_COLLISION,REAR_COLLISION,5,1639.2,1,0,4,2,0.5,False,1,STANDARD
AUTO_COLLISION,REAR_COLLISION,4,1704.27,5,0,3,0,1.0,False,0,FAST_TRACK
AUTO_COLLISION,PARKING_DAMAGE,8,1211.75,3,0,5,0,1.0,True,0,STANDARD
AUTO_COLLISION,SIDE_COLLISION,5,1525.1,1,1,4,0,1.0,False,0,EXPERT_REVIEW
AUTO_COLLISION,SIDE_COLLISION,2,2229.09,1,2,3,0,1.0,False,2,INVESTIGATION
AUTO_COLLISION,PARKING_DAMAGE,9,2727.3,2,0,5,1,0.8,False,0,FAST_TRACK
AUTO_COLLISION,REAR_COLLISION,3,3059.4,1,1,3,0,1.0,False,1,STANDARD
AUTO_COLLISION,PARKING_DAMAGE,4,1017.99,3,0,3,0,1.0,False,1,FAST_TRACK
AUTO_COLLISION,PARKING_DAMAGE,7,2327.14,1,0,3,1,0.6666666666666666,False,2,STANDARD
AUTO_COLLISION,REAR_COLLISION,2,2970.01,2,0,6,1,0.8333333333333334,False,1,STANDARD
AUTO_COLLISION,PARKING_DAMAGE,6,1507.15,1,1,5,0,1.0,False,1,STANDARD
AUTO_COLLISION,REAR_COLLISION,6,4815.96,2,0,3,1,0.6666666666666666,False,0,EXPERT_REVIEW
AUTO_COLLISION,SIDE_COLLISION,5,9837.42,6,0,4,0,1.0,False,0,EXPERT_REVIEW
AUTO_COLLISION,FRONT_COLLISION,5,870.28,1,1,6,0,1.0,True,0,EXPERT_REVIEW
AUTO_COLLISION,FRONT_COLLISION,5,1482.36,2,0,3,0,1.0,False,0,FAST_TRACK
AUTO_COLLISION,FRONT_COLLISION,8,7146.38,4,0,3,0,1.0,False,1,EXPERT_REVIEW
AUTO_COLLISION,REAR_COLLISION,3,1247.6,2,0,5,0,1.0,False,0,FAST_TRACK
AUTO_COLLISION,REAR_COLLISION,8,6881.77,4,0,5,1,0.8,False,0,STANDARD
AUTO_COLLISION,SIDE_COLLISION,10,3967.54,2,0,3,0,1.0,False,0,EXPERT_REVIEW
AUTO_COLLISION,REAR_COLLISION,5,2987.1,2,0,5,1,0.8,False,0,FAST_TRACK
AUTO_COLLISION,PARKING_DAMAGE,7,1165.6,2,1,5,3,0.4,False,0,INVESTIGATION
AUTO_COLLISION,FRONT_COLLISION,4,607.06,2,1,3,0,1.0,False,2,STANDARD
AUTO_COLLISION,FRONT_COLLISION,8,6648.95,2,0,4,2,0.5,False,1,STANDARD
AUTO_COLLISION,REAR_COLLISION,8,798.04,2,0,5,1,0.8,False,0,STANDARD
AUTO_COLLISION,SIDE_COLLISION,7,815.06,1,0,4,0,1.0,False,0,EXPERT_REVIEW
AUTO_COLLISION,SIDE_COLLISION,7,780.12,2,1,3,0,1.0,True,0,STANDARD
AUTO_COLLISION,SIDE_COLLISION,5,2335.1,1,1,6,1,0.8333333333333334,False,0,FAST_TRACK
AUTO_COLLISION,REAR_COLLISION,7,1823.09,3,0,5,0,1.0,False,0,EXPERT_REVIEW
AUTO_COLLISION,FRONT_COLLISION,7,1616.29,4,0,3,1,0.6666666666666666,False,0,STANDARD
AUTO_COLLISION,FRONT_COLLISION,2,1581.7,2,0,3,1,0.6666666666666666,False,2,INVESTIGATION
AUTO_COLLISION,REAR_COLLISION,9,4350.01,4,1,3,0,1.0,False,1,EXPERT_REVIEW
AUTO_COLLISION,SIDE_COLLISION,4,914.34,4,0,6,0,1.0,False,0,STANDARD
AUTO_COLLISION,FRONT_COLLISION,9,674.17,2,2,3,0,1.0,False,1,STANDARD
AUTO_COLLISION,FRONT_COLLISION,7,4470.89,2,0,6,1,0.8333333333333334,False,1,STANDARD
AUTO_COLLISION,FRONT_COLLISION,7,8151.42,8,0,6,0,1.0,False,0,STANDARD
AUTO_COLLISION,SIDE_COLLISION,14,2032.91,2,0,4,0,1.0,False,0,FAST_TRACK
AUTO_COLLISION,FRONT_COLLISION,5,722.86,1,0,4,0,1.0,False,0,FAST_TRACK
AUTO_COLLISION,REAR_COLLISION,1,3387.59,2,0,5,0,1.0,False,0,STANDARD
AUTO_COLLISION,FRONT_COLLISION,6,4728.74,2,0,3,0,1.0,True,0,EXPERT_REVIEW
AUTO_COLLISION,SIDE_COLLISION,3,3588.55,1,1,4,2,0.5,False,2,INVESTIGATION
AUTO_COLLISION,SIDE_COLLISION,7,4546.45,1,1,4,0,1.0,False,1,EXPERT_REVIEW
AUTO_COLLISION,FRONT_COLLISION,7,5112.1,1,1,5,0,1.0,False,0,STANDARD
AUTO_COLLISION,SIDE_COLLISION,4,3805.79,2,0,3,0,1.0,False,0,FAST_TRACK
AUTO_COLLISION,SIDE_COLLISION,7,2175.58,1,1,3,1,0.6666666666666666,False,1,INVESTIGATION
AUTO_COLLISION,SIDE_COLLISION,5,1386.7,5,1,3,0,1.0,False,1,STANDARD
AUTO_COLLISION,FRONT_COLLISION,4,1017.73,3,1,6,0,1.0,False,1,STANDARD
AUTO_COLLISION,REAR_COLLISION,8,881.81,1,0,6,1,0.8333333333333334,False,1,FAST_TRACK
AUTO_COLLISION,PARKING_DAMAGE,7,1649.9,1,0,3,0,1.0,False,1,STANDARD
AUTO_COLLISION,PARKING_DAMAGE,7,1122.66,1,0,5,0,1.0,False,0,FAST_TRACK
AUTO_COLLISION,FRONT_COLLISION,4,5089.65,4,0,6,1,0.8333333333333334,False,0,EXPERT_REVIEW
AUTO_COLLISION,REAR_COLLISION,3,4965.4,1,0,5,1,0.8,False,0,STANDARD
AUTO_COLLISION,SIDE_COLLISION,3,3741.02,2,0,4,1,0.75,False,1,STANDARD
AUTO_COLLISION,FRONT_COLLISION,7,3707.12,5,1,6,1,0.8333333333333334,True,2,INVESTIGATION
AUTO_COLLISION,REAR_COLLISION,5,1373.11,3,0,6,1,0.8333333333333334,False,0,FAST_TRACK
AUTO_COLLISION,FRONT_COLLISION,7,1857.75,3,0,3,1,0.6666666666666666,False,0,INVESTIGATION
AUTO_COLLISION,PARKING_DAMAGE,5,1120.81,1,0,4,0,1.0,False,0,STANDARD
AUTO_COLLISION,REAR_COLLISION,6,1169.0,1,0,4,0,1.0,True,0,FAST_TRACK
AUTO_COLLISION,SIDE_COLLISION,9,1860.04,1,0,6,0,1.0,False,0,FAST_TRACK
AUTO_COLLISION,SIDE_COLLISION,4,4711.05,5,0,4,0,1.0,False,0,STANDARD
AUTO_COLLISION,REAR_COLLISION,7,2306.01,2,0,5,0,1.0,False,0,STANDARD
AUTO_COLLISION,FRONT_COLLISION,8,2718.49,3,0,4,0,1.0,False,0,EXPERT_REVIEW
AUTO_COLLISION,REAR_COLLISION,8,2166.18,2,0,5,0,1.0,False,0,FAST_TRACK
AUTO_COLLISION,PARKING_DAMAGE,9,438.17,2,0,3,0,1.0,False,0,STANDARD
AUTO_COLLISION,FRONT_COLLISION,4,4682.91,3,0,3,1,0.6666666666666666,False,0,STANDARD
AUTO_COLLISION,REAR_COLLISION,3,1686.41,1,1,5,0,1.0,False,0,INVESTIGATION
AUTO_COLLISION,SIDE_COLLISION,5,8119.5,2,0,4,0,1.0,True,1,STANDARD
AUTO_COLLISION,SIDE_COLLISION,7,2356.91,3,0,4,0,1.0,False,0,FAST_TRACK
AUTO_COLLISION,FRONT_COLLISION,9,3530.04,2,0,6,2,0.6666666666666666,False,1,INVESTIGATION
AUTO_COLLISION,FRONT_COLLISION,1,5615.17,1,0,3,0,1.0,False,0,STANDARD
AUTO_COLLISION,REAR_COLLISION,3,769.18,1,1,3,1,0.6666666666666666,False,2,STANDARD
AUTO_COLLISION,SIDE_COLLISION,6,2967.31,1,0,4,1,0.75,False,1,STANDARD
AUTO_COLLISION,SIDE_COLLISION,6,4211.37,5,1,3,0,1.0,False,4,INVESTIGATION
AUTO_COLLISION,FRONT_COLLISION,3,1933.78,3,0,5,0,1.0,False,1,EXPERT_REVIEW
AUTO_COLLISION,FRONT_COLLISION,3,1705.86,2,1,5,1,0.8,False,1,EXPERT_REVIEW
AUTO_COLLISION,SIDE_COLLISION,8,2685.72,1,1,3,0,1.0,False,0,STANDARD
AUTO_COLLISION,FRONT_COLLISION,6,790.36,1,0,6,0,1.0,False,0,FAST_TRACK
AUTO_COLLISION,FRONT_COLLISION,3,669.21,1,0,6,0,1.0,True,0,EXPERT_REVIEW
AUTO_COLLISION,PARKING_DAMAGE,12,1057.3,3,0,6,0,1.0,False,0,FAST_TRACK
AUTO_COLLISION,SIDE_COLLISION,7,662.41,1,0,6,1,0.8333333333333334,False,1,STANDARD
AUTO_COLLISION,FRONT_COLLISION,17,1722.83,3,1,5,1,0.8,False,1,INVESTIGATION
AUTO_COLLISION,REAR_COLLISION,3,563.14,2,0,6,0,1.0,False,0,FAST_TRACK
AUTO_COLLISION,REAR_COLLISION,5,412.7,1,1,5,1,0.8,False,1,EXPERT_REVIEW
AUTO_COLLISION,FRONT_COLLISION,9,3569.88,1,1,3,0,1.0,False,3,FAST_TRACK
AUTO_COLLISION,SIDE_COLLISION,3,745.48,1,0,4,1,0.75,False,2,EXPERT_REVIEW
AUTO_COLLISION,PARKING_DAMAGE,9,198.25,1,1,4,1,0.75,False,0,FAST_TRACK
AUTO_COLLISION,SIDE_COLLISION,4,2194.7,3,1,5,0,1.0,False,0,STANDARD
AUTO_COLLISION,SIDE_COLLISION,9,717.7,1,0,6,2,0.6666666666666666,False,0,STANDARD
AUTO_COLLISION,SIDE_COLLISION,7,3289.59,3,0,3,0,1.0,False,1,INVESTIGATION
AUTO_COLLISION,SIDE_COLLISION,4,2213.53,1,0,5,0,1.0,False,0,INVESTIGATION
AUTO_COLLISION,SIDE_COLLISION,7,2928.7,1,1,5,1,0.8,False,0,STANDARD
AUTO_COLLISION,SIDE_COLLISION,7,3137.08,2,1,5,2,0.6,False,3,STANDARD
AUTO_COLLISION,SIDE_COLLISION,7,2535.05,2,2,6,1,0.8333333333333334,False,3,INVESTIGATION
AUTO_COLLISION,SIDE_COLLISION,5,1762.35,3,1,5,1,0.8,False,2,INVESTIGATION
AUTO_COLLISION,SIDE_COLLISION,4,3264.47,3,0,5,0,1.0,False,0,FAST_TRACK
AUTO_COLLISION,REAR_COLLISION,1,3088.53,2,0,3,0,1.0,False,0,FAST_TRACK
AUTO_COLLISION,PARKING_DAMAGE,7,1802.24,2,1,6,0,1.0,False,0,FAST_TRACK
AUTO_COLLISION,REAR_COLLISION,5,883.65,1,0,4,0,1.0,False,0,INVESTIGATION
AUTO_COLLISION,PARKING_DAMAGE,1,1263.02,2,0,5,0,1.0,False,0,FAST_TRACK
AUTO_COLLISION,REAR_COLLISION,4,884.16,3,0,6,1,0.8333333333333334,False,1,INVESTIGATION
AUTO_COLLISION,REAR_COLLISION,7,5605.73,2,0,6,0,1.0,False,0,STANDARD
AUTO_COLLISION,PARKING_DAMAGE,9,1995.96,3,0,5,0,1.0,True,0,EXPERT_REVIEW
AUTO_COLLISION,REAR_COLLISION,6,2512.99,1,1,6,1,0.8333333333333334,True,0,EXPERT_REVIEW
AUTO_COLLISION,SIDE_COLLISION,7,5154.71,4,1,6,0,1.0,False,1,EXPERT_REVIEW
AUTO_COLLISION,REAR_COLLISION,5,2721.23,4,0,5,2,0.6,False,1,INVESTIGATION
AUTO_COLLISION,SIDE_COLLISION,7,2646.66,5,0,6,1,0.8333333333333334,False,1,STANDARD
AUTO_COLLISION,FRONT_COLLISION,11,1695.22,2,0,5,0,1.0,True,0,STANDARD
AUTO_COLLISION,REAR_COLLISION,14,1582.54,3,0,5,0,1.0,False,0,STANDARD
AUTO_COLLISION,REAR_COLLISION,8,1616.35,1,1,6,1,0.8333333333333334,False,2,INVESTIGATION
AUTO_COLLISION,SIDE_COLLISION,8,1009.13,1,0,5,0,1.0,True,0,EXPERT_REVIEW
AUTO_COLLISION,PARKING_DAMAGE,5,1910.96,2,0,5,0,1.0,False,0,STANDARD
AUTO_COLLISION,FRONT_COLLISION,8,1204.47,2,1,6,1,0.8333333333333334,False,2,STANDARD
AUTO_COLLISION,SIDE_COLLISION,10,543.2,3,1,6,0,1.0,True,1,STANDARD
AUTO_COLLISION,PARKING_DAMAGE,2,1865.74,1,0,3,0,1.0,False,1,STANDARD
AUTO_COLLISION,FRONT_COLLISION,8,2583.87,3,1,4,0,1.0,False,0,EXPERT_REVIEW
AUTO_COLLISION,FRONT_COLLISION,5,829.26,2,0,3,0,1.0,False,0,STANDARD
AUTO_COLLISION,REAR_COLLISION,4,649.6,1,0,3,0,1.0,False,0,INVESTIGATION
AUTO_COLLISION,FRONT_COLLISION,8,19307.43,3,1,3,0,1.0,True,1,EXPERT_REVIEW
AUTO_COLLISION,SIDE_COLLISION,5,1357.1,1,0,4,0,1.0,False,0,STANDARD
AUTO_COLLISION,REAR_COLLISION,6,3883.18,1,0,5,2,0.6,False,0,EXPERT_REVIEW
AUTO_COLLISION,REAR_COLLISION,10,1401.69,3,0,3,0,1.0,False,0,EXPERT_REVIEW
AUTO_COLLISION,REAR_COLLISION,7,1654.25,2,0,6,2,0.6666666666666666,False,1,STANDARD
AUTO_COLLISION,FRONT_COLLISION,8,3388.36,4,1,5,0,1.0,False,0,EXPERT_REVIEW
AUTO_COLLISION,REAR_COLLISION,6,3167.87,2,0,4,0,1.0,False,0,FAST_TRACK
AUTO_COLLISION,FRONT_COLLISION,6,3000.12,4,0,6,0,1.0,False,0,EXPERT_REVIEW
AUTO_COLLISION,FRONT_COLLISION,5,4302.88,4,2,4,1,0.75,False,0,STANDARD
AUTO_COLLISION,FRONT_COLLISION,3,12694.9,4,1,6,2,0.6666666666666666,False,0,EXPERT_REVIEW
AUTO_COLLISION,FRONT_COLLISION,7,2116.74,3,0,5,1,0.8,False,1,INVESTIGATION
AUTO_COLLISION,REAR_COLLISION,8,1249.49,5,1,4,1,0.75,False,1,INVESTIGATION
AUTO_COLLISION,FRONT_COLLISION,5,1341.38,2,0,5,0,1.0,False,0,FAST_TRACK
AUTO_COLLISION,REAR_COLLISION,4,1130.93,1,1,5,0,1.0,False,1,INVESTIGATION
AUTO_COLLISION,REAR_COLLISION,6,8466.27,5,0,6,2,0.6666666666666666,False,2,STANDARD
AUTO_COLLISION,FRONT_COLLISION,3,1319.76,1,0,6,0,1.0,False,0,EXPERT_REVIEW
AUTO_COLLISION,FRONT_COLLISION,9,456.13,3,0,6,1,0.8333333333333334,False,1,EXPERT_REVIEW
AUTO_COLLISION,REAR_COLLISION,9,1194.53,5,0,4,0,1.0,False,0,FAST_TRACK
AUTO_COLLISION,FRONT_COLLISION,8,2767.64,2,1,3,0,1.0,False,2,INVESTIGATION
AUTO_COLLISION,REAR_COLLISION,10,1580.98,3,0,6,0,1.0,False,0,FAST_TRACK
AUTO_COLLISION,FRONT_COLLISION,9,741.19,2,0,4,1,0.75,False,0,INVESTIGATION
AUTO_COLLISION,REAR_COLLISION,7,443.63,1,0,3,0,1.0,False,0,FAST_TRACK
AUTO_COLLISION,SIDE_COLLISION,4,1177.24,1,0,6,1,0.8333333333333334,False,0,STANDARD
AUTO_COLLISION,SIDE_COLLISION,9,1928.71,2,0,5,0,1.0,False,0,EXPERT_REVIEW
AUTO_COLLISION,PARKING_DAMAGE,4,462.65,5,0,6,0,1.0,False,0,STANDARD
AUTO_COLLISION,PARKING_DAMAGE,6,2042.8,2,0,6,0,1.0,False,0,EXPERT_REVIEW
AUTO_COLLISION,REAR_COLLISION,5,1518.23,3,1,6,1,0.8333333333333334,False,1,EXPERT_REVIEW
AUTO_COLLISION,SIDE_COLLISION,7,5031.1,3,1,3,0,1.0,False,1,FAST_TRACK
AUTO_COLLISION,REAR_COLLISION,6,2046.11,1,0,4,0,1.0,False,0,FAST_TRACK
AUTO_COLLISION,REAR_COLLISION,4,1738.09,3,0,5,0,1.0,False,0,FAST_TRACK
AUTO_COLLISION,FRONT_COLLISION,4,1034.93,1,0,5,0,1.0,False,1,STANDARD
AUTO_COLLISION,PARKING_DAMAGE,11,893.3,4,0,4,0,1.0,False,1,STANDARD
AUTO_COLLISION,REAR_COLLISION,7,1874.74,4,0,3,0,1.0,False,0,EXPERT_REVIEW
AUTO_COLLISION,FRONT_COLLISION,6,2216.68,2,0,3,0,1.0,False,1,FAST_TRACK
AUTO_COLLISION,FRONT_COLLISION,5,3874.09,5,2,4,0,1.0,False,1,INVESTIGATION
AUTO_COLLISION,REAR_COLLISION,8,1544.45,2,0,4,1,0.75,False,0,FAST_TRACK
AUTO_COLLISION,REAR_COLLISION,5,2875.31,2,0,5,1,0.8,False,0,STANDARD
AUTO_COLLISION,REAR_COLLISION,8,2204.93,3,0,5,0,1.0,True,0,EXPERT_REVIEW
AUTO_COLLISION,REAR_COLLISION,6,3389.34,1,0,6,1,0.8333333333333334,False,0,STANDARD
AUTO_COLLISION,SIDE_COLLISION,2,1137.57,2,1,6,0,1.0,False,0,EXPERT_REVIEW
AUTO_COLLISION,SIDE_COLLISION,8,6753.25,2,0,3,1,0.6666666666666666,False,2,EXPERT_REVIEW
AUTO_COLLISION,PARKING_DAMAGE,7,1342.68,2,0,4,0,1.0,False,0,INVESTIGATION
AUTO_COLLISION,PARKING_DAMAGE,4,1053.06,3,1,3,0,1.0,False,3,STANDARD
AUTO_COLLISION,SIDE_COLLISION,2,5034.27,4,0,4,1,0.75,False,1,STANDARD
AUTO_COLLISION,FRONT_COLLISION,6,3188.94,3,1,6,1,0.8333333333333334,False,0,INVESTIGATION
AUTO_COLLISION,SIDE_COLLISION,2,1416.23,1,0,5,0,1.0,False,0,FAST_TRACK
AUTO_COLLISION,SIDE_COLLISION,9,8350.93,4,0,6,0,1.0,False,0,STANDARD
AUTO_COLLISION,REAR_COLLISION,5,2556.42,3,0,5,0,1.0,False,0,STANDARD
AUTO_COLLISION,SIDE_COLLISION,6,2865.48,5,0,4,1,0.75,False,1,STANDARD
AUTO_COLLISION,PARKING_DAMAGE,11,588.5,2,0,3,0,1.0,False,0,FAST_TRACK
AUTO_COLLISION,REAR_COLLISION,6,2647.54,3,0,5,2,0.6,False,1,FAST_TRACK
AUTO_COLLISION,FRONT_COLLISION,5,2410.23,2,0,6,0,1.0,False,0,STANDARD
AUTO_COLLISION,SIDE_COLLISION,5,882.65,3,0,3,1,0.6666666666666666,False,0,STANDARD
AUTO_COLLISION,SIDE_COLLISION,4,1475.54,3,0,5,1,0.8,False,1,STANDARD
AUTO_COLLISION,REAR_COLLISION,8,850.28,1,0,6,1,0.8333333333333334,False,0,FAST_TRACK
AUTO_COLLISION,SIDE_COLLISION,6,5524.4,7,1,4,1,0.75,False,0,EXPERT_REVIEW
AUTO_COLLISION,REAR_COLLISION,7,4521.62,2,0,6,1,0.8333333333333334,False,0,FAST_TRACK
AUTO_COLLISION,REAR_COLLISION,10,2025.77,2,0,6,0,1.0,False,0,STANDARD
AUTO_COLLISION,REAR_COLLISION,7,993.67,2,1,3,0,1.0,False,0,STANDARD
AUTO_COLLISION,FRONT_COLLISION,6,8033.15,4,0,4,0,1.0,False,0,EXPERT_REVIEW
AUTO_COLLISION,FRONT_COLLISION,11,7442.68,2,0,3,0,1.0,False,1,FAST_TRACK
AUTO_COLLISION,FRONT_COLLISION,4,4506.72,3,0,4,1,0.75,False,1,EXPERT_REVIEW
AUTO_COLLISION,FRONT_COLLISION,6,10021.57,4,1,6,0,1.0,False,1,EXPERT_REVIEW
AUTO_COLLISION,FRONT_COLLISION,5,2533.47,2,0,4,0,1.0,False,0,FAST_TRACK
AUTO_COLLISION,FRONT_COLLISION,8,770.17,4,0,5,0,1.0,False,0,STANDARD
AUTO_COLLISION,REAR_COLLISION,2,909.52,1,0,3,0,1.0,False,0,STANDARD
AUTO_COLLISION,REAR_COLLISION,7,886.31,1,1,5,1,0.8,False,0,STANDARD
AUTO_COLLISION,REAR_COLLISION,13,4112.94,2,0,6,0,1.0,False,0,FAST_TRACK
AUTO_COLLISION,FRONT_COLLISION,6,1876.2,1,1,4,0,1.0,False,1,STANDARD
AUTO_COLLISION,PARKING_DAMAGE,2,651.85,3,0,4,0,1.0,False,0,STANDARD
AUTO_COLLISION,FRONT_COLLISION,6,3370.44,2,0,3,0,1.0,False,1,STANDARD
AUTO_COLLISION,SIDE_COLLISION,2,1636.43,2,0,4,0,1.0,False,0,FAST_TRACK
AUTO_COLLISION,REAR_COLLISION,3,2224.34,4,0,3,0,1.0,False,0,FAST_TRACK
AUTO_COLLISION,REAR_COLLISION,7,457.1,2,0,5,0,1.0,False,0,STANDARD
AUTO_COLLISION,FRONT_COLLISION,7,4810.0,2,1,3,0,1.0,False,0,EXPERT_REVIEW
AUTO_COLLISION,SIDE_COLLISION,6,1084.78,2,1,5,3,0.4,False,2,INVESTIGATION
AUTO_COLLISION,PARKING_DAMAGE,6,684.85,3,0,3,1,0.6666666666666666,False,1,INVESTIGATION
AUTO_COLLISION,SIDE_COLLISION,9,3487.69,5,0,4,1,0.75,False,0,EXPERT_REVIEW
AUTO_COLLISION,PARKING_DAMAGE,7,1067.02,1,0,3,0,1.0,False,0,EXPERT_REVIEW
AUTO_COLLISION,PARKING_DAMAGE,4,440.66,3,0,5,0,1.0,False,1,INVESTIGATION
AUTO_COLLISION,REAR_COLLISION,5,2093.5,2,2,5,1,0.8,False,1,INVESTIGATION
AUTO_COLLISION,FRONT_COLLISION,10,3472.31,3,1,4,0,1.0,False,0,EXPERT_REVIEW
AUTO_COLLISION,SIDE_COLLISION,3,3240.91,4,0,3,0,1.0,False,0,FAST_TRACK
AUTO_COLLISION,REAR_COLLISION,3,1567.97,2,0,3,1,0.6666666666666666,False,1,INVESTIGATION
AUTO_COLLISION,SIDE_COLLISION,7,5301.14,2,0,3,0,1.0,False,1,INVESTIGATION
AUTO_COLLISION,FRONT_COLLISION,7,1394.57,1,1,6,0,1.0,False,0,STANDARD
AUTO_COLLISION,SIDE_COLLISION,5,3821.3,1,2,4,2,0.5,False,2,INVESTIGATION
AUTO_COLLISION,FRONT_COLLISION,6,3087.62,2,0,3,0,1.0,False,0,INVESTIGATION
AUTO_COLLISION,FRONT_COLLISION,5,1708.2,1,0,4,0,1.0,False,0,STANDARD
AUTO_COLLISION,REAR_COLLISION,9,1702.76,1,0,6,0,1.0,False,0,FAST_TRACK
AUTO_COLLISION,FRONT_COLLISION,7,1039.97,2,0,6,0,1.0,False,0,FAST_TRACK
AUTO_COLLISION,PARKING_DAMAGE,4,2535.75,3,0,6,0,1.0,False,0,STANDARD
AUTO_COLLISION,FRONT_COLLISION,6,974.88,8,0,4,1,0.75,False,2,EXPERT_REVIEW
AUTO_COLLISION,FRONT_COLLISION,8,4355.92,2,1,3,0,1.0,False,1,EXPERT_REVIEW
AUTO_COLLISION,PARKING_DAMAGE,5,1208.92,3,0,3,0,1.0,True,0,STANDARD
AUTO_COLLISION,SIDE_COLLISION,8,741.17,1,0,6,0,1.0,False,0,INVESTIGATION
AUTO_COLLISION,SIDE_COLLISION,8,4037.14,3,0,3,0,1.0,False,0,STANDARD
AUTO_COLLISION,FRONT_COLLISION,6,4907.07,2,0,4,0,1.0,False,1,INVESTIGATION
AUTO_COLLISION,REAR_COLLISION,5,946.78,1,0,4,0,1.0,False,0,FAST_TRACK
AUTO_COLLISION,REAR_COLLISION,2,1019.83,2,1,4,2,0.5,False,2,INVESTIGATION
AUTO_COLLISION,REAR_COLLISION,8,2304.11,1,0,3,1,0.6666666666666666,False,0,STANDARD
AUTO_COLLISION,SIDE_COLLISION,8,1996.72,2,0,6,0,1.0,False,0,EXPERT_REVIEW
AUTO_COLLISION,SIDE_COLLISION,4,2687.84,3,0,6,0,1.0,False,0,STANDARD
AUTO_COLLISION,REAR_COLLISION,6,2007.38,4,0,6,1,0.8333333333333334,False,0,STANDARD
AUTO_COLLISION,SIDE_COLLISION,2,2680.29,7,0,5,1,0.8,False,0,STANDARD
AUTO_COLLISION,REAR_COLLISION,3,3658.63,3,0,6,0,1.0,True,0,EXPERT_REVIEW
AUTO_COLLISION,REAR_COLLISION,11,1970.63,2,0,3,0,1.0,False,0,STANDARD
AUTO_COLLISION,SIDE_COLLISION,5,2235.13,2,0,4,0,1.0,False,0,FAST_TRACK
AUTO_COLLISION,PARKING_DAMAGE,7,1048.86,3,0,4,0,1.0,False,0,FAST_TRACK
AUTO_COLLISION,FRONT_COLLISION,6,985.91,3,0,5,1,0.8,False,0,EXPERT_REVIEW
AUTO_COLLISION,REAR_COLLISION,8,3430.6,2,0,6,1,0.8333333333333334,False,2,EXPERT_REVIEW
AUTO_COLLISION,FRONT_COLLISION,4,5965.72,4,1,3,1,0.6666666666666666,False,2,INVESTIGATION
AUTO_COLLISION,REAR_COLLISION,3,2091.49,1,0,3,0,1.0,False,0,EXPERT_REVIEW
AUTO_COLLISION,REAR_COLLISION,9,3383.31,5,0,4,0,1.0,False,0,STANDARD
AUTO_COLLISION,PARKING_DAMAGE,10,297.32,2,1,4,0,1.0,False,0,FAST_TRACK
AUTO_COLLISION,REAR_COLLISION,7,2022.32,4,1,3,0,1.0,False,2,INVESTIGATION
AUTO_COLLISION,SIDE_COLLISION,2,667.68,2,0,3,0,1.0,False,0,FAST_TRACK
AUTO_COLLISION,FRONT_COLLISION,7,1717.02,2,0,6,1,0.8333333333333334,True,0,EXPERT_REVIEW
AUTO_COLLISION,FRONT_COLLISION,10,12154.43,4,1,4,0,1.0,False,0,STANDARD
AUTO_COLLISION,REAR_COLLISION,4,2875.74,2,1,3,1,0.6666666666666666,False,0,STANDARD
AUTO_COLLISION,FRONT_COLLISION,4,7822.2,2,0,6,0,1.0,False,0,EXPERT_REVIEW
AUTO_COLLISION,SIDE_COLLISION,8,1829.25,1,0,3,0,1.0,False,0,STANDARD
AUTO_COLLISION,FRONT_COLLISION,7,3857.24,1,0,6,1,0.8333333333333334,False,0,FAST_TRACK
AUTO_COLLISION,FRONT_COLLISION,13,4545.35,2,0,3,0,1.0,False,2,INVESTIGATION
AUTO_COLLISION,REAR_COLLISION,8,4871.26,5,2,5,1,0.8,False,1,INVESTIGATION
AUTO_COLLISION,REAR_COLLISION,3,3691.75,1,0,5,1,0.8,False,2,STANDARD
AUTO_COLLISION,FRONT_COLLISION,6,6866.72,4,2,6,2,0.6666666666666666,False,2,EXPERT_REVIEW
AUTO_COLLISION,REAR_COLLISION,9,2688.79,2,2,6,1,0.8333333333333334,False,2,INVESTIGATION
AUTO_COLLISION,FRONT_COLLISION,4,3012.31,4,0,5,0,1.0,False,0,EXPERT_REVIEW
AUTO_COLLISION,FRONT_COLLISION,7,3731.85,4,1,5,0,1.0,False,1,INVESTIGATION
AUTO_COLLISION,FRONT_COLLISION,2,4092.66,2,0,3,0,1.0,False,0,EXPERT_REVIEW
AUTO_COLLISION,SIDE_COLLISION,3,4098.2,2,0,5,1,0.8,False,1,INVESTIGATION
AUTO_COLLISION,REAR_COLLISION,3,1906.31,3,1,3,1,0.6666666666666666,False,4,INVESTIGATION
AUTO_COLLISION,REAR_COLLISION,7,8093.72,3,0,3,0,1.0,True,0,EXPERT_REVIEW
AUTO_COLLISION,PARKING_DAMAGE,6,1463.73,2,1,4,1,0.75,False,3,INVESTIGATION
AUTO_COLLISION,FRONT_COLLISION,2,1728.06,2,1,6,1,0.8333333333333334,False,0,STANDARD
AUTO_COLLISION,FRONT_COLLISION,5,552.91,3,0,5,1,0.8,False,1,STANDARD
AUTO_COLLISION,REAR_COLLISION,10,1442.84,2,0,3,0,1.0,False,1,EXPERT_REVIEW
AUTO_COLLISION,SIDE_COLLISION,6,12370.68,4,2,5,1,0.8,True,1,INVESTIGATION
AUTO_COLLISION,REAR_COLLISION,10,2640.42,1,0,3,0,1.0,True,0,EXPERT_REVIEW
AUTO_COLLISION,PARKING_DAMAGE,9,580.54,1,0,6,1,0.8333333333333334,False,3,INVESTIGATION
AUTO_COLLISION,PARKING_DAMAGE,10,1798.28,4,0,5,0,1.0,False,0,STANDARD
AUTO_COLLISION,PARKING_DAMAGE,7,150.0,2,0,6,0,1.0,False,0,FAST_TRACK
AUTO_COLLISION,PARKING_DAMAGE,5,1942.23,1,0,4,0,1.0,False,0,STANDARD
AUTO_COLLISION,FRONT_COLLISION,5,2728.54,3,0,5,0,1.0,False,1,EXPERT_REVIEW
AUTO_COLLISION,PARKING_DAMAGE,5,513.53,3,1,3,1,0.6666666666666666,False,2,INVESTIGATION
AUTO_COLLISION,SIDE_COLLISION,3,2319.4,2,0,5,0,1.0,True,0,FAST_TRACK
AUTO_COLLISION,REAR_COLLISION,7,3527.32,2,0,4,0,1.0,False,0,FAST_TRACK
AUTO_COLLISION,PARKING_DAMAGE,6,838.2,3,1,4,1,0.75,False,0,EXPERT_REVIEW
AUTO_COLLISION,REAR_COLLISION,5,4136.71,2,0,3,0,1.0,False,0,STANDARD
AUTO_COLLISION,FRONT_COLLISION,3,6319.55,5,0,5,0,1.0,True,0,EXPERT_REVIEW
AUTO_COLLISION,FRONT_COLLISION,5,6300.64,3,1,4,0,1.0,False,1,STANDARD
AUTO_COLLISION,PARKING_DAMAGE,7,1037.96,4,1,6,0,1.0,False,1,EXPERT_REVIEW
AUTO_COLLISION,SIDE_COLLISION,11,2688.8,3,1,6,1,0.8333333333333334,False,2,STANDARD
AUTO_COLLISION,PARKING_DAMAGE,2,1071.67,3,1,5,1,0.8,False,1,STANDARD
AUTO_COLLISION,FRONT_COLLISION,6,2489.84,4,0,3,0,1.0,False,0,FAST_TRACK
AUTO_COLLISION,PARKING_DAMAGE,4,945.87,1,0,3,0,1.0,False,0,FAST_TRACK
AUTO_COLLISION,FRONT_COLLISION,5,6995.11,6,0,4,1,0.75,False,0,EXPERT_REVIEW
AUTO_COLLISION,REAR_COLLISION,7,805.8,2,0,5,0,1.0,False,1,STANDARD
AUTO_COLLISION,SIDE_COLLISION,6,1901.78,2,0,4,0,1.0,False,0,FAST_TRACK
AUTO_COLLISION,FRONT_COLLISION,5,5074.38,1,0,3,1,0.6666666666666666,False,0,STANDARD
AUTO_COLLISION,REAR_COLLISION,14,2922.64,2,0,5,0,1.0,False,0,INVESTIGATION
AUTO_COLLISION,PARKING_DAMAGE,8,656.73,1,0,6,1,0.8333333333333334,True,2,STANDARD
AUTO_COLLISION,SIDE_COLLISION,8,5114.77,2,0,3,1,0.6666666666666666,False,0,STANDARD
AUTO_COLLISION,REAR_COLLISION,8,2014.29,2,0,5,1,0.8,False,2,INVESTIGATION
AUTO_COLLISION,FRONT_COLLISION,5,3831.86,1,1,4,1,0.75,False,1,INVESTIGATION
AUTO_COLLISION,FRONT_COLLISION,6,8239.73,1,0,6,0,1.0,True,1,STANDARD
AUTO_COLLISION,REAR_COLLISION,5,938.81,1,0,6,0,1.0,False,0,INVESTIGATION
AUTO_COLLISION,FRONT_COLLISION,3,5879.34,2,0,4,0,1.0,False,2,INVESTIGATION
AUTO_COLLISION,SIDE_COLLISION,6,1125.19,2,0,4,0,1.0,False,0,FAST_TRACK
AUTO_COLLISION,FRONT_COLLISION,2,1714.5,4,1,6,2,0.6666666666666666,False,2,STANDARD
AUTO_COLLISION,SIDE_COLLISION,11,4284.73,2,1,5,1,0.8,False,0,STANDARD
AUTO_COLLISION,SIDE_COLLISION,6,18451.64,7,1,3,0,1.0,False,1,INVESTIGATION
AUTO_COLLISION,SIDE_COLLISION,8,6130.33,2,0,4,0,1.0,False,0,FAST_TRACK
AUTO_COLLISION,FRONT_COLLISION,9,2407.99,3,1,5,2,0.6,False,1,STANDARD
AUTO_COLLISION,SIDE_COLLISION,5,2077.78,4,1,6,1,0.8333333333333334,False,1,INVESTIGATION
AUTO_COLLISION,FRONT_COLLISION,6,1332.77,3,0,5,1,0.8,False,1,EXPERT_REVIEW
AUTO_COLLISION,SIDE_COLLISION,8,3572.57,1,1,6,0,1.0,False,0,EXPERT_REVIEW
AUTO_COLLISION,FRONT_COLLISION,4,2578.01,4,0,4,1,0.75,False,0,STANDARD
AUTO_COLLISION,REAR_COLLISION,5,730.89,4,0,6,0,1.0,False,0,STANDARD
AUTO_COLLISION,PARKING_DAMAGE,7,1921.58,1,0,6,2,0.6666666666666666,False,1,STANDARD
AUTO_COLLISION,FRONT_COLLISION,11,1203.0,4,0,6,0,1.0,False,0,STANDARD
AUTO_COLLISION,FRONT_COLLISION,8,6823.15,3,0,5,0,1.0,False,0,FAST_TRACK
AUTO_COLLISION,PARKING_DAMAGE,4,921.21,3,0,5,0,1.0,False,1,STANDARD
AUTO_COLLISION,SIDE_COLLISION,8,9918.21,6,0,3,0,1.0,True,0,FAST_TRACK
AUTO_COLLISION,PARKING_DAMAGE,1,1469.57,1,0,3,0,1.0,False,0,FAST_TRACK
AUTO_COLLISION,PARKING_DAMAGE,6,343.19,2,0,6,0,1.0,False,0,FAST_TRACK
AUTO_COLLISION,FRONT_COLLISION,4,1274.06,1,0,5,1,0.8,False,0,FAST_TRACK
AUTO_COLLISION,REAR_COLLISION,6,485.74,2,0,4,1,0.75,False,1,FAST_TRACK
AUTO_COLLISION,FRONT_COLLISION,2,2354.23,2,0,3,0,1.0,False,1,STANDARD
AUTO_COLLISION,REAR_COLLISION,4,202.54,1,0,5,0,1.0,False,1,FAST_TRACK
AUTO_COLLISION,PARKING_DAMAGE,5,2238.92,2,0,3,0,1.0,False,0,FAST_TRACK
AUTO_COLLISION,FRONT_COLLISION,0,8387.78,4,0,4,0,1.0,False,0,EXPERT_REVIEW
AUTO_COLLISION,FRONT_COLLISION,1,1509.37,3,1,6,1,0.8333333333333334,False,1,STANDARD
AUTO_COLLISION,SIDE_COLLISION,7,1068.08,4,0,4,0,1.0,True,0,EXPERT_REVIEW
AUTO_COLLISION,SIDE_COLLISION,10,1636.7,2,0,4,1,0.75,True,0,EXPERT_REVIEW
AUTO_COLLISION,REAR_COLLISION,5,3727.87,4,0,4,0,1.0,False,0,FAST_TRACK
AUTO_COLLISION,FRONT_COLLISION,10,1356.23,2,0,3,0,1.0,False,0,FAST_TRACK
AUTO_COLLISION,REAR_COLLISION,2,4351.58,4,0,3,0,1.0,False,0,STANDARD
AUTO_COLLISION,FRONT_COLLISION,1,1749.96,6,0,4,2,0.5,False,0,EXPERT_REVIEW
AUTO_COLLISION,FRONT_COLLISION,3,1102.8,3,0,6,1,0.8333333333333334,False,0,STANDARD
AUTO_COLLISION,SIDE_COLLISION,8,821.22,2,0,6,1,0.8333333333333334,False,1,EXPERT_REVIEW
AUTO_COLLISION,SIDE_COLLISION,6,731.6,2,0,4,0,1.0,False,0,STANDARD
AUTO_COLLISION,FRONT_COLLISION,10,662.23,3,0,5,1,0.8,False,0,EXPERT_REVIEW
AUTO_COLLISION,FRONT_COLLISION,4,2380.55,2,0,5,2,0.6,False,0,EXPERT_REVIEW
AUTO_COLLISION,SIDE_COLLISION,7,3862.91,1,1,3,2,0.3333333333333333,False,4,INVESTIGATION
AUTO_COLLISION,FRONT_COLLISION,6,1599.22,2,1,6,1,0.8333333333333334,True,0,EXPERT_REVIEW
AUTO_COLLISION,PARKING_DAMAGE,1,1259.86,1,0,6,1,0.8333333333333334,False,1,FAST_TRACK
AUTO_COLLISION,REAR_COLLISION,7,1421.39,4,1,3,0,1.0,False,0,STANDARD
AUTO_COLLISION,FRONT_COLLISION,4,2343.48,4,0,4,0,1.0,False,0,EXPERT_REVIEW
AUTO_COLLISION,REAR_COLLISION,12,1929.76,2,0,5,1,0.8,False,1,INVESTIGATION
AUTO_COLLISION,FRONT_COLLISION,8,9016.84,2,1,4,0,1.0,False,1,STANDARD
AUTO_COLLISION,FRONT_COLLISION,5,2130.61,2,0,4,1,0.75,False,0,STANDARD
AUTO_COLLISION,SIDE_COLLISION,6,1341.81,1,0,6,0,1.0,False,0,STANDARD
AUTO_COLLISION,REAR_COLLISION,7,2454.43,2,0,5,0,1.0,True,0,FAST_TRACK
AUTO_COLLISION,FRONT_COLLISION,2,1551.88,2,0,3,1,0.6666666666666666,True,1,EXPERT_REVIEW
AUTO_COLLISION,REAR_COLLISION,8,2861.77,1,1,3,1,0.6666666666666666,False,2,STANDARD
AUTO_COLLISION,FRONT_COLLISION,3,3354.12,1,0,6,0,1.0,True,0,FAST_TRACK
AUTO_COLLISION,FRONT_COLLISION,8,3885.44,1,0,4,0,1.0,True,1,STANDARD
AUTO_COLLISION,PARKING_DAMAGE,3,1655.16,3,0,4,0,1.0,False,0,FAST_TRACK
AUTO_COLLISION,FRONT_COLLISION,8,2776.49,1,0,5,2,0.6,False,2,STANDARD
AUTO_COLLISION,FRONT_COLLISION,4,3120.91,2,0,3,0,1.0,False,0,STANDARD
AUTO_COLLISION,FRONT_COLLISION,7,2182.14,1,0,6,0,1.0,False,1,FAST_TRACK
AUTO_COLLISION,SIDE_COLLISION,11,3484.32,1,0,5,2,0.6,False,0,STANDARD
AUTO_COLLISION,PARKING_DAMAGE,5,1521.51,1,0,5,0,1.0,False,0,FAST_TRACK
AUTO_COLLISION,SIDE_COLLISION,9,957.62,3,1,3,1,0.6666666666666666,False,0,EXPERT_REVIEW
AUTO_COLLISION,FRONT_COLLISION,7,3370.42,1,0,3,0,1.0,False,0,STANDARD
AUTO_COLLISION,SIDE_COLLISION,8,2043.6,8,0,5,0,1.0,False,0,STANDARD
AUTO_COLLISION,FRONT_COLLISION,7,2731.18,3,1,6,0,1.0,False,0,STANDARD
AUTO_COLLISION,REAR_COLLISION,3,3127.25,1,0,6,0,1.0,False,0,STANDARD
AUTO_COLLISION,FRONT_COLLISION,3,2713.16,3,0,5,0,1.0,True,0,EXPERT_REVIEW
AUTO_COLLISION,REAR_COLLISION,8,3370.07,3,0,5,0,1.0,False,0,EXPERT_REVIEW
AUTO_COLLISION,REAR_COLLISION,5,7904.33,6,0,4,0,1.0,False,1,INVESTIGATION
AUTO_COLLISION,FRONT_COLLISION,8,838.39,3,0,4,1,0.75,False,2,STANDARD
AUTO_COLLISION,FRONT_COLLISION,4,4536.7,2,1,3,0,1.0,True,2,EXPERT_REVIEW
AUTO_COLLISION,SIDE_COLLISION,10,3114.73,3,1,5,1,0.8,False,4,INVESTIGATION
AUTO_COLLISION,FRONT_COLLISION,6,1066.93,3,1,3,0,1.0,False,1,STANDARD
AUTO_COLLISION,SIDE_COLLISION,8,2182.43,2,0,3,0,1.0,False,1,STANDARD
AUTO_COLLISION,SIDE_COLLISION,9,1163.91,4,0,4,1,0.75,True,1,EXPERT_REVIEW
AUTO_COLLISION,SIDE_COLLISION,7,7113.72,2,0,4,0,1.0,False,0,STANDARD
AUTO_COLLISION,SIDE_COLLISION,10,1697.84,3,0,4,0,1.0,False,0,STANDARD
AUTO_COLLISION,REAR_COLLISION,5,1494.65,3,0,5,1,0.8,False,0,INVESTIGATION
AUTO_COLLISION,FRONT_COLLISION,7,7602.21,3,0,5,2,0.6,True,1,EXPERT_REVIEW
AUTO_COLLISION,SIDE_COLLISION,5,2907.25,2,0,4,0,1.0,False,0,FAST_TRACK
AUTO_COLLISION,SIDE_COLLISION,10,1437.2,2,1,5,0,1.0,False,3,INVESTIGATION
AUTO_COLLISION,SIDE_COLLISION,7,1698.03,3,0,6,1,0.8333333333333334,False,0,EXPERT_REVIEW
AUTO_COLLISION,REAR_COLLISION,3,2301.3,1,0,4,0,1.0,False,0,EXPERT_REVIEW
AUTO_COLLISION,REAR_COLLISION,6,2838.51,1,1,3,1,0.6666666666666666,False,1,STANDARD
AUTO_COLLISION,FRONT_COLLISION,8,2857.65,3,1,3,0,1.0,False,2,EXPERT_REVIEW
AUTO_COLLISION,REAR_COLLISION,5,2636.19,3,0,6,0,1.0,False,0,FAST_TRACK
AUTO_COLLISION,SIDE_COLLISION,5,1518.47,1,0,3,2,0.3333333333333333,False,3,INVESTIGATION
AUTO_COLLISION,FRONT_COLLISION,6,5103.89,2,0,3,0,1.0,False,0,FAST_TRACK
AUTO_COLLISION,SIDE_COLLISION,3,8937.95,4,1,3,1,0.6666666666666666,False,1,STANDARD
AUTO_COLLISION,REAR_COLLISION,7,2348.2,3,0,5,1,0.8,False,0,STANDARD
AUTO_COLLISION,FRONT_COLLISION,4,1420.55,1,0,4,0,1.0,False,0,STANDARD
AUTO_COLLISION,FRONT_COLLISION,6,3245.19,1,0,4,0,1.0,False,0,STANDARD
AUTO_COLLISION,FRONT_COLLISION,6,3027.2,3,1,4,0,1.0,False,0,STANDARD
AUTO_COLLISION,SIDE_COLLISION,9,4067.29,3,0,3,2,0.3333333333333333,False,0,STANDARD
AUTO_COLLISION,SIDE_COLLISION,7,6560.98,3,0,3,1,0.6666666666666666,True,0,STANDARD
AUTO_COLLISION,FRONT_COLLISION,7,2748.88,3,1,4,0,1.0,False,0,EXPERT_REVIEW
AUTO_COLLISION,REAR_COLLISION,7,581.58,2,1,4,0,1.0,False,0,EXPERT_REVIEW
AUTO_COLLISION,SIDE_COLLISION,8,529.83,2,0,5,2,0.6,False,1,STANDARD
AUTO_COLLISION,PARKING_DAMAGE,5,2321.89,2,0,4,0,1.0,False,0,EXPERT_REVIEW
AUTO_COLLISION,PARKING_DAMAGE,4,700.23,2,0,5,0,1.0,False,0,STANDARD
AUTO_COLLISION,REAR_COLLISION,3,2212.43,2,0,4,2,0.5,False,1,STANDARD
AUTO_COLLISION,SIDE_COLLISION,2,7924.64,4,2,5,2,0.6,False,2,INVESTIGATION
AUTO_COLLISION,REAR_COLLISION,9,4605.5,3,0,6,0,1.0,False,1,STANDARD
AUTO_COLLISION,REAR_COLLISION,4,1423.62,1,0,5,0,1.0,False,0,FAST_TRACK
AUTO_COLLISION,FRONT_COLLISION,9,3739.19,2,0,5,2,0.6,False,1,EXPERT_REVIEW
AUTO_COLLISION,FRONT_COLLISION,4,2737.06,3,0,5,1,0.8,False,0,EXPERT_REVIEW
AUTO_COLLISION,FRONT_COLLISION,7,3094.89,2,1,3,0,1.0,False,1,EXPERT_REVIEW
AUTO_COLLISION,REAR_COLLISION,4,7520.18,5,2,4,0,1.0,False,2,INVESTIGATION
AUTO_COLLISION,REAR_COLLISION,4,731.56,4,0,5,0,1.0,False,0,FAST_TRACK
AUTO_COLLISION,FRONT_COLLISION,6,2385.52,4,0,6,1,0.8333333333333334,False,0,STANDARD
AUTO_COLLISION,PARKING_DAMAGE,5,322.25,1,0,4,0,1.0,False,0,STANDARD
AUTO_COLLISION,REAR_COLLISION,4,1401.4,2,0,5,0,1.0,False,0,STANDARD
AUTO_COLLISION,REAR_COLLISION,5,3917.81,1,0,3,0,1.0,False,0,FAST_TRACK
AUTO_COLLISION,SIDE_COLLISION,6,885.46,2,1,3,0,1.0,False,0,STANDARD
AUTO_COLLISION,REAR_COLLISION,6,1052.66,4,0,4,0,1.0,False,0,STANDARD
AUTO_COLLISION,SIDE_COLLISION,8,7833.42,5,1,3,0,1.0,False,0,FAST_TRACK
AUTO_COLLISION,FRONT_COLLISION,9,2722.46,5,1,6,1,0.8333333333333334,False,1,INVESTIGATION
AUTO_COLLISION,PARKING_DAMAGE,7,2614.69,1,1,6,1,0.8333333333333334,True,1,EXPERT_REVIEW
AUTO_COLLISION,SIDE_COLLISION,5,2552.14,2,0,4,0,1.0,True,0,EXPERT_REVIEW
AUTO_COLLISION,PARKING_DAMAGE,12,509.52,2,0,4,0,1.0,False,0,FAST_TRACK
AUTO_COLLISION,REAR_COLLISION,5,8792.13,2,0,5,0,1.0,False,0,EXPERT_REVIEW
AUTO_COLLISION,REAR_COLLISION,5,1193.86,1,0,5,1,0.8,False,0,STANDARD
AUTO_COLLISION,REAR_COLLISION,5,2729.37,4,0,5,0,1.0,False,0,EXPERT_REVIEW
AUTO_COLLISION,SIDE_COLLISION,7,7566.39,5,1,3,0,1.0,True,0,EXPERT_REVIEW
AUTO_COLLISION,SIDE_COLLISION,2,8812.18,5,1,6,1,0.8333333333333334,True,0,EXPERT_REVIEW
AUTO_COLLISION,FRONT_COLLISION,5,6461.41,3,0,5,1,0.8,False,0,EXPERT_REVIEW
AUTO_COLLISION,SIDE_COLLISION,3,1598.98,3,1,6,1,0.8333333333333334,False,2,STANDARD
AUTO_COLLISION,REAR_COLLISION,5,3947.85,2,0,3,0,1.0,True,0,EXPERT_REVIEW
AUTO_COLLISION,FRONT_COLLISION,5,4823.02,3,0,6,0,1.0,False,0,EXPERT_REVIEW
AUTO_COLLISION,REAR_COLLISION,3,3409.45,1,0,4,1,0.75,False,1,FAST_TRACK
AUTO_COLLISION,PARKING_DAMAGE,3,757.41,2,0,3,0,1.0,False,0,FAST_TRACK
AUTO_COLLISION,REAR_COLLISION,3,2906.07,4,0,6,1,0.8333333333333334,False,0,FAST_TRACK
AUTO_COLLISION,FRONT_COLLISION,4,1330.99,1,0,5,0,1.0,False,0,FAST_TRACK
AUTO_COLLISION,FRONT_COLLISION,4,3528.98,3,0,4,0,1.0,False,0,FAST_TRACK
AUTO_COLLISION,REAR_COLLISION,3,11102.46,5,1,6,0,1.0,False,2,EXPERT_REVIEW
AUTO_COLLISION,REAR_COLLISION,4,1008.42,3,0,4,0,1.0,False,0,INVESTIGATION
AUTO_COLLISION,PARKING_DAMAGE,9,468.41,2,0,3,0,1.0,False,0,STANDARD
AUTO_COLLISION,REAR_COLLISION,2,2983.3,2,0,5,0,1.0,False,0,EXPERT_REVIEW
AUTO_COLLISION,FRONT_COLLISION,5,2334.88,2,0,4,0,1.0,False,1,FAST_TRACK
AUTO_COLLISION,REAR_COLLISION,4,2235.46,1,0,5,0,1.0,False,0,FAST_TRACK
AUTO_COLLISION,SIDE_COLLISION,9,2207.29,2,0,3,0,1.0,False,0,EXPERT_REVIEW
AUTO_COLLISION,REAR_COLLISION,2,3950.23,2,1,6,0,1.0,False,1,INVESTIGATION
AUTO_COLLISION,FRONT_COLLISION,5,1117.32,1,0,3,1,0.6666666666666666,False,1,EXPERT_REVIEW
AUTO_COLLISION,PARKING_DAMAGE,8,1076.57,2,0,4,0,1.0,False,0,STANDARD
AUTO_COLLISION,REAR_COLLISION,7,645.67,2,1,5,1,0.8,False,0,STANDARD
AUTO_COLLISION,FRONT_COLLISION,2,3188.01,1,0,3,1,0.6666666666666666,True,0,EXPERT_REVIEW
AUTO_COLLISION,REAR_COLLISION,6,1570.89,1,1,3,0,1.0,False,0,INVESTIGATION
AUTO_COLLISION,SIDE_COLLISION,5,17033.23,7,2,5,1,0.8,False,0,INVESTIGATION
AUTO_COLLISION,FRONT_COLLISION,8,2307.53,2,0,3,0,1.0,False,0,FAST_TRACK
AUTO_COLLISION,FRONT_COLLISION,4,3541.72,2,0,4,1,0.75,False,0,STANDARD
AUTO_COLLISION,FRONT_COLLISION,6,3516.81,3,0,5,0,1.0,False,0,STANDARD
AUTO_COLLISION,FRONT_COLLISION,6,1255.08,3,0,3,0,1.0,False,0,STANDARD
AUTO_COLLISION,REAR_COLLISION,4,3476.03,3,0,6,0,1.0,False,0,EXPERT_REVIEW
AUTO_COLLISION,REAR_COLLISION,3,1536.44,1,0,5,1,0.8,False,1,STANDARD
AUTO_COLLISION,FRONT_COLLISION,3,5053.39,3,0,3,1,0.6666666666666666,False,1,STANDARD
AUTO_COLLISION,REAR_COLLISION,7,834.11,1,1,5,0,1.0,False,0,STANDARD
AUTO_COLLISION,SIDE_COLLISION,4,3786.13,1,0,6,0,1.0,False,0,EXPERT_REVIEW
AUTO_COLLISION,FRONT_COLLISION,5,1863.03,4,0,5,1,0.8,False,0,FAST_TRACK
AUTO_COLLISION,FRONT_COLLISION,4,458.26,2,0,5,0,1.0,False,0,STANDARD
AUTO_COLLISION,SIDE_COLLISION,4,3704.26,1,0,6,0,1.0,False,0,EXPERT_REVIEW
AUTO_COLLISION,PARKING_DAMAGE,6,1463.34,3,0,5,0,1.0,False,0,STANDARD
AUTO_COLLISION,FRONT_COLLISION,7,1369.76,2,0,6,0,1.0,False,0,STANDARD
AUTO_COLLISION,SIDE_COLLISION,10,3586.68,4,0,5,0,1.0,False,0,STANDARD
AUTO_COLLISION,FRONT_COLLISION,13,2786.71,5,0,6,1,0.8333333333333334,False,0,STANDARD
AUTO_COLLISION,REAR_COLLISION,5,813.53,5,0,3,0,1.0,False,0,FAST_TRACK
AUTO_COLLISION,REAR_COLLISION,6,3681.08,1,0,3,0,1.0,False,0,FAST_TRACK
AUTO_COLLISION,PARKING_DAMAGE,8,1835.75,1,0,4,1,0.75,False,0,EXPERT_REVIEW
AUTO_COLLISION,FRONT_COLLISION,2,1445.52,3,1,5,0,1.0,False,0,EXPERT_REVIEW
AUTO_COLLISION,SIDE_COLLISION,8,1938.15,2,0,6,0,1.0,False,0,FAST_TRACK
AUTO_COLLISION,SIDE_COLLISION,5,7410.88,3,0,5,0,1.0,True,0,STANDARD
AUTO_COLLISION,SIDE_COLLISION,5,1939.2,2,1,6,1,0.8333333333333334,False,3,INVESTIGATION
AUTO_COLLISION,SIDE_COLLISION,5,1855.84,2,2,4,1,0.75,False,1,INVESTIGATION
AUTO_COLLISION,REAR_COLLISION,6,800.68,1,1,5,0,1.0,False,1,EXPERT_REVIEW
AUTO_COLLISION,REAR_COLLISION,3,1112.06,3,1,5,0,1.0,False,0,STANDARD
AUTO_COLLISION,SIDE_COLLISION,10,12501.73,6,0,5,0,1.0,False,0,STANDARD
AUTO_COLLISION,SIDE_COLLISION,3,1780.8,2,0,6,0,1.0,False,0,STANDARD
AUTO_COLLISION,SIDE_COLLISION,10,6609.98,2,1,5,0,1.0,False,1,STANDARD
AUTO_COLLISION,SIDE_COLLISION,5,1415.48,1,0,5,0,1.0,False,0,STANDARD
AUTO_COLLISION,FRONT_COLLISION,4,2080.39,1,0,5,0,1.0,False,0,STANDARD
AUTO_COLLISION,SIDE_COLLISION,5,4349.93,3,1,6,1,0.8333333333333334,True,1,EXPERT_REVIEW
AUTO_COLLISION,FRONT_COLLISION,5,609.23,2,0,5,1,0.8,True,0,EXPERT_REVIEW
AUTO_COLLISION,REAR_COLLISION,3,1996.09,3,1,4,0,1.0,False,0,STANDARD
AUTO_COLLISION,SIDE_COLLISION,8,2860.54,1,0,5,1,0.8,False,0,STANDARD
AUTO_COLLISION,FRONT_COLLISION,1,1082.7,2,0,5,0,1.0,False,1,FAST_TRACK
AUTO_COLLISION,FRONT_COLLISION,8,1347.73,1,1,3,0,1.0,False,0,STANDARD
AUTO_COLLISION,FRONT_COLLISION,6,5441.85,2,0,5,0,1.0,True,0,EXPERT_REVIEW
AUTO_COLLISION,FRONT_COLLISION,4,1032.0,1,0,6,2,0.6666666666666666,False,1,INVESTIGATION
AUTO_COLLISION,REAR_COLLISION,3,926.92,1,0,5,0,1.0,False,0,FAST_TRACK
AUTO_COLLISION,PARKING_DAMAGE,6,462.03,1,0,4,1,0.75,False,1,FAST_TRACK
AUTO_COLLISION,SIDE_COLLISION,8,4166.98,2,1,5,0,1.0,False,0,EXPERT_REVIEW
AUTO_COLLISION,REAR_COLLISION,5,887.61,3,0,5,0,1.0,True,0,STANDARD
AUTO_COLLISION,REAR_COLLISION,4,2640.75,4,0,6,0,1.0,False,0,STANDARD
AUTO_COLLISION,PARKING_DAMAGE,5,1100.25,2,0,6,1,0.8333333333333334,False,0,STANDARD
AUTO_COLLISION,FRONT_COLLISION,7,1646.58,4,1,6,0,1.0,False,1,INVESTIGATION
AUTO_COLLISION,FRONT_COLLISION,6,908.38,2,0,3,0,1.0,False,0,STANDARD
AUTO_COLLISION,FRONT_COLLISION,8,2140.43,2,0,5,0,1.0,False,1,STANDARD
AUTO_COLLISION,SIDE_COLLISION,5,2315.74,4,0,5,0,1.0,False,0,EXPERT_REVIEW
AUTO_COLLISION,FRONT_COLLISION,9,2943.32,1,1,6,1,0.8333333333333334,False,2,EXPERT_REVIEW
AUTO_COLLISION,FRONT_COLLISION,11,1249.85,1,0,3,0,1.0,False,1,FAST_TRACK
AUTO_COLLISION,FRONT_COLLISION,7,1688.59,1,0,3,1,0.6666666666666666,False,0,EXPERT_REVIEW
AUTO_COLLISION,PARKING_DAMAGE,8,1602.7,1,0,3,0,1.0,False,1,STANDARD
AUTO_COLLISION,PARKING_DAMAGE,9,282.53,4,0,3,0,1.0,False,2,STANDARD
AUTO_COLLISION,SIDE_COLLISION,5,3664.09,5,1,3,0,1.0,False,0,INVESTIGATION
AUTO_COLLISION,FRONT_COLLISION,5,1560.93,1,0,5,0,1.0,False,0,STANDARD
AUTO_COLLISION,REAR_COLLISION,8,1208.02,1,0,6,0,1.0,False,0,EXPERT_REVIEW
AUTO_COLLISION,SIDE_COLLISION,3,4166.15,3,0,3,1,0.6666666666666666,False,0,EXPERT_REVIEW
AUTO_COLLISION,FRONT_COLLISION,7,1455.85,4,0,5,2,0.6,False,2,EXPERT_REVIEW
AUTO_COLLISION,FRONT_COLLISION,3,1489.23,2,0,4,2,0.5,False,3,INVESTIGATION
AUTO_COLLISION,PARKING_DAMAGE,9,987.52,3,1,3,0,1.0,False,1,EXPERT_REVIEW
AUTO_COLLISION,REAR_COLLISION,10,3382.89,1,1,5,0,1.0,False,0,STANDARD
AUTO_COLLISION,FRONT_COLLISION,5,7784.12,4,2,4,0,1.0,True,2,INVESTIGATION
AUTO_COLLISION,FRONT_COLLISION,8,3089.83,2,0,6,1,0.8333333333333334,False,0,EXPERT_REVIEW
AUTO_COLLISION,FRONT_COLLISION,7,5782.55,4,1,6,1,0.8333333333333334,False,3,INVESTIGATION
AUTO_COLLISION,FRONT_COLLISION,4,1409.96,2,0,5,0,1.0,False,1,EXPERT_REVIEW
AUTO_COLLISION,SIDE_COLLISION,8,2713.65,2,0,6,2,0.6666666666666666,False,0,EXPERT_REVIEW
AUTO_COLLISION,FRONT_COLLISION,3,1422.58,2,0,4,1,0.75,False,1,STANDARD
AUTO_COLLISION,SIDE_COLLISION,7,7757.13,2,0,5,0,1.0,False,0,FAST_TRACK
AUTO_COLLISION,REAR_COLLISION,7,4826.26,3,0,4,0,1.0,False,0,STANDARD
AUTO_COLLISION,FRONT_COLLISION,6,4689.23,3,1,5,0,1.0,False,0,FAST_TRACK
AUTO_COLLISION,SIDE_COLLISION,6,7007.27,2,2,4,1,0.75,False,0,INVESTIGATION
AUTO_COLLISION,SIDE_COLLISION,7,3662.41,3,0,6,0,1.0,False,0,STANDARD
AUTO_COLLISION,REAR_COLLISION,7,1796.75,3,0,5,0,1.0,False,0,EXPERT_REVIEW
AUTO_COLLISION,REAR_COLLISION,5,526.34,3,0,6,0,1.0,False,0,EXPERT_REVIEW
AUTO_COLLISION,REAR_COLLISION,7,874.38,2,0,5,0,1.0,False,0,STANDARD
AUTO_COLLISION,PARKING_DAMAGE,3,1328.32,1,0,6,1,0.8333333333333334,False,0,EXPERT_REVIEW
AUTO_COLLISION,FRONT_COLLISION,9,7041.28,2,2,6,3,0.5,True,3,EXPERT_REVIEW
AUTO_COLLISION,PARKING_DAMAGE,6,1349.07,2,0,3,0,1.0,False,0,EXPERT_REVIEW
AUTO_COLLISION,REAR_COLLISION,5,807.21,2,1,6,2,0.6666666666666666,False,4,INVESTIGATION
AUTO_COLLISION,REAR_COLLISION,5,648.67,2,0,5,1,0.8,False,0,EXPERT_REVIEW
AUTO_COLLISION,FRONT_COLLISION,3,2457.89,2,0,6,1,0.8333333333333334,True,0,EXPERT_REVIEW
AUTO_COLLISION,REAR_COLLISION,6,1035.4,3,0,6,2,0.6666666666666666,False,0,FAST_TRACK
AUTO_COLLISION,FRONT_COLLISION,4,7076.22,1,1,5,2,0.6,False,0,STANDARD
AUTO_COLLISION,REAR_COLLISION,6,4015.1,5,1,5,0,1.0,False,0,EXPERT_REVIEW
AUTO_COLLISION,REAR_COLLISION,10,5117.59,4,0,4,1,0.75,False,0,EXPERT_REVIEW
AUTO_COLLISION,SIDE_COLLISION,3,5172.62,2,0,6,0,1.0,False,0,STANDARD
AUTO_COLLISION,PARKING_DAMAGE,8,1380.57,1,1,6,0,1.0,False,1,INVESTIGATION
AUTO_COLLISION,FRONT_COLLISION,3,2575.54,2,0,4,0,1.0,False,0,STANDARD
AUTO_COLLISION,REAR_COLLISION,7,4472.55,1,0,4,0,1.0,False,1,FAST_TRACK
AUTO_COLLISION,SIDE_COLLISION,2,1975.65,2,0,3,0,1.0,False,0,STANDARD
AUTO_COLLISION,REAR_COLLISION,7,3347.09,3,0,6,1,0.8333333333333334,False,0,EXPERT_REVIEW
AUTO_COLLISION,REAR_COLLISION,7,708.44,1,0,3,0,1.0,False,0,FAST_TRACK
AUTO_COLLISION,REAR_COLLISION,9,2279.63,2,0,3,0,1.0,False,0,STANDARD
AUTO_COLLISION,FRONT_COLLISION,2,3212.19,4,1,5,0,1.0,True,0,EXPERT_REVIEW
AUTO_COLLISION,REAR_COLLISION,4,1692.55,1,0,4,1,0.75,False,0,STANDARD
AUTO_COLLISION,REAR_COLLISION,3,2680.51,5,0,6,1,0.8333333333333334,False,3,STANDARD
AUTO_COLLISION,REAR_COLLISION,7,1632.7,6,0,6,0,1.0,True,0,EXPERT_REVIEW
AUTO_COLLISION,FRONT_COLLISION,6,939.32,3,0,6,1,0.8333333333333334,False,1,STANDARD
AUTO_COLLISION,FRONT_COLLISION,11,4133.93,5,0,4,1,0.75,False,1,STANDARD
AUTO_COLLISION,FRONT_COLLISION,3,1934.29,4,1,5,2,0.6,False,2,STANDARD
AUTO_COLLISION,SIDE_COLLISION,5,2413.82,3,0,3,0,1.0,False,0,STANDARD
AUTO_COLLISION,REAR_COLLISION,3,1043.37,2,0,3,0,1.0,False,0,STANDARD
AUTO_COLLISION,REAR_COLLISION,3,4767.57,4,1,3,1,0.6666666666666666,False,4,INVESTIGATION
AUTO_COLLISION,PARKING_DAMAGE,6,1112.94,2,0,6,0,1.0,False,0,STANDARD
AUTO_COLLISION,FRONT_COLLISION,7,9722.32,4,0,6,1,0.8333333333333334,True,0,STANDARD
AUTO_COLLISION,REAR_COLLISION,3,1084.88,1,0,6,0,1.0,False,0,FAST_TRACK
AUTO_COLLISION,REAR_COLLISION,5,2005.55,2,0,5,0,1.0,False,0,FAST_TRACK
AUTO_COLLISION,PARKING_DAMAGE,1,963.67,3,0,6,0,1.0,False,0,EXPERT_REVIEW
AUTO_COLLISION,PARKING_DAMAGE,4,550.88,2,0,5,0,1.0,False,0,STANDARD
AUTO_COLLISION,SIDE_COLLISION,7,1285.49,4,1,6,0,1.0,False,1,EXPERT_REVIEW
AUTO_COLLISION,REAR_COLLISION,2,1540.26,1,1,6,1,0.8333333333333334,False,0,STANDARD
AUTO_COLLISION,SIDE_COLLISION,7,5529.87,5,0,5,0,1.0,False,0,EXPERT_REVIEW
AUTO_COLLISION,SIDE_COLLISION,9,6950.03,4,0,3,0,1.0,False,0,EXPERT_REVIEW
AUTO_COLLISION,REAR_COLLISION,5,2966.76,1,0,6,1,0.8333333333333334,False,2,FAST_TRACK
AUTO_COLLISION,FRONT_COLLISION,7,2580.01,2,0,5,0,1.0,False,0,INVESTIGATION
AUTO_COLLISION,REAR_COLLISION,14,1978.21,3,1,5,2,0.6,False,1,STANDARD
AUTO_COLLISION,SIDE_COLLISION,3,4295.04,4,1,5,1,0.8,False,0,FAST_TRACK
AUTO_COLLISION,REAR_COLLISION,5,3339.1,3,1,3,1,0.6666666666666666,False,0,FAST_TRACK
AUTO_COLLISION,FRONT_COLLISION,3,4224.02,1,1,6,0,1.0,False,0,INVESTIGATION
AUTO_COLLISION,FRONT_COLLISION,7,5383.72,2,0,5,0,1.0,False,0,FAST_TRACK
AUTO_COLLISION,FRONT_COLLISION,5,4165.78,3,1,5,2,0.6,False,0,INVESTIGATION
AUTO_COLLISION,SIDE_COLLISION,6,6328.39,3,2,4,1,0.75,False,1,STANDARD
AUTO_COLLISION,REAR_COLLISION,9,1888.62,3,0,4,0,1.0,False,0,FAST_TRACK
AUTO_COLLISION,FRONT_COLLISION,6,3290.63,1,0,4,0,1.0,False,0,STANDARD
AUTO_COLLISION,FRONT_COLLISION,7,1337.83,4,0,3,1,0.6666666666666666,False,2,EXPERT_REVIEW
AUTO_COLLISION,PARKING_DAMAGE,4,893.91,1,0,4,0,1.0,False,0,FAST_TRACK
AUTO_COLLISION,REAR_COLLISION,7,4916.35,2,1,6,0,1.0,False,0,STANDARD
AUTO_COLLISION,PARKING_DAMAGE,8,617.23,3,0,5,0,1.0,False,0,FAST_TRACK
AUTO_COLLISION,SIDE_COLLISION,8,10594.47,3,2,4,0,1.0,False,2,EXPERT_REVIEW
AUTO_COLLISION,FRONT_COLLISION,5,2153.61,2,0,3,0,1.0,False,0,INVESTIGATION
AUTO_COLLISION,SIDE_COLLISION,9,917.25,4,0,4,0,1.0,False,0,STANDARD
AUTO_COLLISION,REAR_COLLISION,1,2525.29,3,1,6,1,0.8333333333333334,False,1,INVESTIGATION
AUTO_COLLISION,FRONT_COLLISION,3,1066.6,2,0,4,0,1.0,False,0,STANDARD
AUTO_COLLISION,SIDE_COLLISION,4,1826.18,5,0,3,0,1.0,False,0,STANDARD
AUTO_COLLISION,SIDE_COLLISION,7,958.75,1,0,4,1,0.75,False,1,STANDARD
AUTO_COLLISION,REAR_COLLISION,5,2485.7,4,0,4,0,1.0,False,0,EXPERT_REVIEW
AUTO_COLLISION,REAR_COLLISION,6,3172.13,2,0,3,1,0.6666666666666666,False,1,FAST_TRACK
AUTO_COLLISION,REAR_COLLISION,7,848.52,3,0,4,1,0.75,False,0,FAST_TRACK
AUTO_COLLISION,PARKING_DAMAGE,6,2573.46,2,0,6,0,1.0,False,0,FAST_TRACK
AUTO_COLLISION,FRONT_COLLISION,7,2244.51,4,1,4,0,1.0,False,1,EXPERT_REVIEW
AUTO_COLLISION,FRONT_COLLISION,10,970.86,2,0,5,0,1.0,False,0,STANDARD
AUTO_COLLISION,SIDE_COLLISION,4,2721.66,4,0,5,1,0.8,False,0,EXPERT_REVIEW
AUTO_COLLISION,FRONT_COLLISION,8,2994.18,2,2,3,0,1.0,False,2,INVESTIGATION
AUTO_COLLISION,SIDE_COLLISION,6,5185.42,1,1,6,1,0.8333333333333334,False,0,EXPERT_REVIEW
AUTO_COLLISION,SIDE_COLLISION,12,6671.77,3,0,5,1,0.8,False,0,EXPERT_REVIEW
AUTO_COLLISION,SIDE_COLLISION,5,10103.97,3,2,5,0,1.0,False,3,INVESTIGATION
AUTO_COLLISION,REAR_COLLISION,9,3984.97,2,1,3,0,1.0,False,2,INVESTIGATION
AUTO_COLLISION,REAR_COLLISION,7,1747.36,3,0,5,0,1.0,False,0,STANDARD
AUTO_COLLISION,FRONT_COLLISION,11,3038.2,1,0,6,0,1.0,True,0,STANDARD
AUTO_COLLISION,PARKING_DAMAGE,6,683.28,1,0,5,0,1.0,False,0,FAST_TRACK
AUTO_COLLISION,REAR_COLLISION,3,2545.33,2,0,5,1,0.8,False,1,FAST_TRACK
AUTO_COLLISION,PARKING_DAMAGE,6,3410.82,1,0,5,0,1.0,False,0,STANDARD
AUTO_COLLISION,PARKING_DAMAGE,4,368.67,3,0,5,0,1.0,False,0,STANDARD
AUTO_COLLISION,REAR_COLLISION,8,1895.01,1,0,5,1,0.8,True,0,STANDARD
AUTO_COLLISION,REAR_COLLISION,6,751.52,1,0,5,1,0.8,False,3,INVESTIGATION
AUTO_COLLISION,PARKING_DAMAGE,8,1452.55,2,0,4,1,0.75,False,1,FAST_TRACK
AUTO_COLLISION,SIDE_COLLISION,12,7681.6,3,0,5,0,1.0,False,0,STANDARD
AUTO_COLLISION,SIDE_COLLISION,9,2411.14,3,0,4,0,1.0,False,0,STANDARD
AUTO_COLLISION,SIDE_COLLISION,10,900.35,2,0,3,0,1.0,False,0,STANDARD
AUTO_COLLISION,REAR_COLLISION,7,1576.27,2,0,4,0,1.0,False,0,EXPERT_REVIEW
AUTO_COLLISION,PARKING_DAMAGE,4,1720.86,2,0,6,2,0.6666666666666666,False,0,FAST_TRACK
AUTO_COLLISION,SIDE_COLLISION,9,2188.04,2,0,6,0,1.0,False,0,FAST_TRACK
AUTO_COLLISION,SIDE_COLLISION,6,2083.42,1,0,6,0,1.0,False,0,EXPERT_REVIEW
AUTO_COLLISION,FRONT_COLLISION,1,3575.21,4,1,4,0,1.0,False,1,FAST_TRACK
AUTO_COLLISION,REAR_COLLISION,3,4907.74,2,0,5,1,0.8,False,0,EXPERT_REVIEW
AUTO_COLLISION,REAR_COLLISION,7,2489.36,3,0,6,0,1.0,False,0,EXPERT_REVIEW
AUTO_COLLISION,REAR_COLLISION,5,12391.68,3,1,3,0,1.0,False,1,FAST_TRACK
AUTO_COLLISION,SIDE_COLLISION,2,1982.19,1,1,6,1,0.8333333333333334,False,1,EXPERT_REVIEW
AUTO_COLLISION,SIDE_COLLISION,5,829.87,3,0,3,0,1.0,False,0,FAST_TRACK
AUTO_COLLISION,FRONT_COLLISION,4,3309.29,2,0,6,0,1.0,False,0,STANDARD
AUTO_COLLISION,SIDE_COLLISION,7,2404.2,4,2,3,0,1.0,False,0,EXPERT_REVIEW
AUTO_COLLISION,FRONT_COLLISION,6,2614.34,2,1,6,0,1.0,False,1,FAST_TRACK
AUTO_COLLISION,REAR_COLLISION,4,2152.78,4,0,4,0,1.0,False,0,EXPERT_REVIEW
AUTO_COLLISION,SIDE_COLLISION,6,5229.17,2,0,6,2,0.6666666666666666,False,0,FAST_TRACK
AUTO_COLLISION,PARKING_DAMAGE,6,739.91,1,0,3,0,1.0,False,0,FAST_TRACK
AUTO_COLLISION,FRONT_COLLISION,3,522.21,2,0,6,2,0.6666666666666666,False,0,STANDARD
AUTO_COLLISION,REAR_COLLISION,5,6007.04,5,0,5,0,1.0,False,0,EXPERT_REVIEW
AUTO_COLLISION,REAR_COLLISION,6,1132.24,1,1,5,0,1.0,False,3,FAST_TRACK
AUTO_COLLISION,PARKING_DAMAGE,7,450.83,2,0,6,1,0.8333333333333334,False,1,EXPERT_REVIEW
AUTO_COLLISION,SIDE_COLLISION,9,1390.57,3,1,3,1,0.6666666666666666,False,0,STANDARD
AUTO_COLLISION,REAR_COLLISION,7,6541.02,4,0,3,1,0.6666666666666666,False,0,STANDARD
AUTO_COLLISION,FRONT_COLLISION,4,6588.45,3,0,4,0,1.0,False,0,EXPERT_REVIEW
AUTO_COLLISION,FRONT_COLLISION,4,878.63,3,0,5,0,1.0,False,1,STANDARD
AUTO_COLLISION,FRONT_COLLISION,5,1677.92,2,0,5,0,1.0,False,0,FAST_TRACK
AUTO_COLLISION,PARKING_DAMAGE,5,381.9,2,0,6,1,0.8333333333333334,False,0,STANDARD
AUTO_COLLISION,FRONT_COLLISION,7,1265.65,1,0,5,0,1.0,False,0,FAST_TRACK
AUTO_COLLISION,REAR_COLLISION,7,673.94,3,2,4,0,1.0,False,2,EXPERT_REVIEW
AUTO_COLLISION,FRONT_COLLISION,3,1071.05,2,1,4,1,0.75,True,2,INVESTIGATION
AUTO_COLLISION,PARKING_DAMAGE,5,1154.97,1,0,5,0,1.0,False,0,FAST_TRACK
AUTO_COLLISION,PARKING_DAMAGE,4,1818.19,6,1,3,2,0.3333333333333333,False,2,INVESTIGATION
AUTO_COLLISION,FRONT_COLLISION,5,2396.13,3,1,4,0,1.0,False,3,INVESTIGATION
AUTO_COLLISION,REAR_COLLISION,1,1092.54,1,1,5,1,0.8,False,1,STANDARD
AUTO_COLLISION,SIDE_COLLISION,8,3716.72,1,0,6,1,0.8333333333333334,False,0,EXPERT_REVIEW
AUTO_COLLISION,FRONT_COLLISION,5,2044.16,2,0,4,0,1.0,False,0,FAST_TRACK
AUTO_COLLISION,PARKING_DAMAGE,2,577.86,2,0,6,1,0.8333333333333334,False,1,STANDARD
AUTO_COLLISION,REAR_COLLISION,8,1290.85,4,0,3,0,1.0,False,1,FAST_TRACK
AUTO_COLLISION,REAR_COLLISION,4,1186.38,2,0,4,2,0.5,False,1,EXPERT_REVIEW
AUTO_COLLISION,FRONT_COLLISION,9,1363.37,3,0,3,0,1.0,False,0,STANDARD
AUTO_COLLISION,SIDE_COLLISION,5,5620.24,2,0,5,2,0.6,False,0,INVESTIGATION
AUTO_COLLISION,SIDE_COLLISION,7,1939.74,1,1,6,0,1.0,False,0,FAST_TRACK
AUTO_COLLISION,REAR_COLLISION,8,1417.65,3,0,5,1,0.8,True,1,EXPERT_REVIEW
AUTO_COLLISION,FRONT_COLLISION,12,3016.09,1,0,5,0,1.0,True,0,STANDARD
AUTO_COLLISION,FRONT_COLLISION,8,1733.05,1,0,6,0,1.0,False,0,STANDARD
AUTO_COLLISION,FRONT_COLLISION,10,1953.78,1,0,5,1,0.8,False,1,STANDARD
AUTO_COLLISION,SIDE_COLLISION,6,3407.44,2,0,4,0,1.0,True,0,EXPERT_REVIEW
AUTO_COLLISION,SIDE_COLLISION,6,285.11,1,0,5,0,1.0,False,0,STANDARD
AUTO_COLLISION,SIDE_COLLISION,7,792.57,3,0,5,1,0.8,False,0,EXPERT_REVIEW
AUTO_COLLISION,REAR_COLLISION,9,1808.44,1,0,5,0,1.0,False,0,FAST_TRACK
AUTO_COLLISION,REAR_COLLISION,10,5553.56,5,1,5,0,1.0,False,2,EXPERT_REVIEW
AUTO_COLLISION,FRONT_COLLISION,7,1212.04,6,0,3,2,0.3333333333333333,False,2,EXPERT_REVIEW
AUTO_COLLISION,REAR_COLLISION,4,578.49,2,0,3,0,1.0,False,0,STANDARD
AUTO_COLLISION,FRONT_COLLISION,8,445.16,3,1,5,0,1.0,False,0,FAST_TRACK
AUTO_COLLISION,PARKING_DAMAGE,6,1104.89,2,1,5,1,0.8,False,2,FAST_TRACK
AUTO_COLLISION,REAR_COLLISION,7,2637.92,4,0,6,0,1.0,False,0,STANDARD
AUTO_COLLISION,FRONT_COLLISION,6,1587.96,2,0,3,0,1.0,False,0,STANDARD
AUTO_COLLISION,REAR_COLLISION,5,4144.38,2,0,3,1,0.6666666666666666,False,2,EXPERT_REVIEW
AUTO_COLLISION,FRONT_COLLISION,4,659.49,1,1,4,1,0.75,False,2,INVESTIGATION
AUTO_COLLISION,REAR_COLLISION,5,1955.75,2,0,6,0,1.0,False,0,FAST_TRACK
AUTO_COLLISION,SIDE_COLLISION,9,1638.78,2,0,5,2,0.6,False,2,INVESTIGATION
AUTO_COLLISION,REAR_COLLISION,12,396.89,2,0,6,1,0.8333333333333334,False,0,STANDARD
AUTO_COLLISION,REAR_COLLISION,7,1174.28,3,0,6,0,1.0,False,0,STANDARD
AUTO_COLLISION,SIDE_COLLISION,11,1345.38,1,0,5,1,0.8,False,0,STANDARD
AUTO_COLLISION,SIDE_COLLISION,8,1839.86,1,0,6,0,1.0,False,0,STANDARD
AUTO_COLLISION,FRONT_COLLISION,4,921.02,3,0,3,1,0.6666666666666666,False,1,STANDARD
AUTO_COLLISION,FRONT_COLLISION,10,4564.91,2,1,4,0,1.0,False,0,EXPERT_REVIEW
AUTO_COLLISION,PARKING_DAMAGE,11,1680.68,2,0,4,1,0.75,False,0,EXPERT_REVIEW
AUTO_COLLISION,SIDE_COLLISION,8,3087.81,1,0,4,0,1.0,True,0,EXPERT_REVIEW
AUTO_COLLISION,PARKING_DAMAGE,12,212.81,3,0,5,0,1.0,False,2,STANDARD
AUTO_COLLISION,REAR_COLLISION,6,7525.1,5,0,6,1,0.8333333333333334,False,1,EXPERT_REVIEW
AUTO_COLLISION,PARKING_DAMAGE,10,926.82,2,0,5,2,0.6,False,1,FAST_TRACK
AUTO_COLLISION,REAR_COLLISION,7,1858.53,3,0,5,1,0.8,False,1,EXPERT_REVIEW
AUTO_COLLISION,REAR_COLLISION,7,1671.81,3,2,4,0,1.0,False,1,INVESTIGATION
AUTO_COLLISION,PARKING_DAMAGE,6,930.22,1,0,3,0,1.0,False,0,FAST_TRACK
AUTO_COLLISION,FRONT_COLLISION,8,2802.21,1,0,5,2,0.6,False,0,STANDARD
AUTO_COLLISION,FRONT_COLLISION,3,1323.39,4,0,4,0,1.0,False,1,STANDARD
AUTO_COLLISION,REAR_COLLISION,8,2995.62,4,0,6,0,1.0,False,0,EXPERT_REVIEW
AUTO_COLLISION,FRONT_COLLISION,8,1879.63,2,0,6,2,0.6666666666666666,False,0,INVESTIGATION
AUTO_COLLISION,PARKING_DAMAGE,9,303.97,1,0,4,2,0.5,False,0,STANDARD
AUTO_COLLISION,SIDE_COLLISION,8,594.17,1,0,3,0,1.0,False,0,INVESTIGATION
AUTO_COLLISION,REAR_COLLISION,6,2618.76,4,0,5,2,0.6,False,0,STANDARD
AUTO_COLLISION,PARKING_DAMAGE,7,2066.16,1,1,5,1,0.8,False,0,INVESTIGATION
AUTO_COLLISION,REAR_COLLISION,5,5836.13,1,0,4,0,1.0,False,0,STANDARD
AUTO_COLLISION,FRONT_COLLISION,4,3517.05,2,0,3,1,0.6666666666666666,False,0,EXPERT_REVIEW
AUTO_COLLISION,REAR_COLLISION,4,1621.04,4,0,4,0,1.0,True,0,EXPERT_REVIEW
AUTO_COLLISION,FRONT_COLLISION,5,3050.23,2,1,4,0,1.0,False,0,EXPERT_REVIEW
AUTO_COLLISION,REAR_COLLISION,5,1231.0,1,0,3,0,1.0,False,0,FAST_TRACK
AUTO_COLLISION,SIDE_COLLISION,5,5540.79,4,0,6,1,0.8333333333333334,False,1,EXPERT_REVIEW
AUTO_COLLISION,SIDE_COLLISION,3,4172.63,3,0,4,0,1.0,False,0,STANDARD
AUTO_COLLISION,PARKING_DAMAGE,8,703.99,1,0,3,0,1.0,False,0,FAST_TRACK
AUTO_COLLISION,PARKING_DAMAGE,2,879.76,1,0,4,0,1.0,False,0,FAST_TRACK
AUTO_COLLISION,REAR_COLLISION,3,3924.24,3,0,5,0,1.0,False,0,FAST_TRACK
AUTO_COLLISION,SIDE_COLLISION,5,2041.2,1,1,4,1,0.75,False,1,STANDARD
AUTO_COLLISION,SIDE_COLLISION,3,9573.64,3,0,6,1,0.8333333333333334,False,1,EXPERT_REVIEW
AUTO_COLLISION,SIDE_COLLISION,9,2624.47,3,2,3,0,1.0,False,0,EXPERT_REVIEW
AUTO_COLLISION,FRONT_COLLISION,5,3707.12,2,0,4,0,1.0,False,0,FAST_TRACK
AUTO_COLLISION,REAR_COLLISION,7,2516.82,2,0,5,0,1.0,False,0,STANDARD
AUTO_COLLISION,REAR_COLLISION,10,1870.56,1,0,5,1,0.8,False,1,STANDARD
AUTO_COLLISION,FRONT_COLLISION,6,2201.18,1,0,4,1,0.75,True,2,STANDARD
AUTO_COLLISION,REAR_COLLISION,5,1317.93,1,0,5,0,1.0,False,0,INVESTIGATION
AUTO_COLLISION,SIDE_COLLISION,2,2408.47,3,1,5,0,1.0,False,1,STANDARD
AUTO_COLLISION,SIDE_COLLISION,7,3625.82,2,0,4,2,0.5,False,1,STANDARD
AUTO_COLLISION,SIDE_COLLISION,0,3621.04,1,0,4,0,1.0,False,0,EXPERT_REVIEW
AUTO_COLLISION,SIDE_COLLISION,7,2116.25,3,0,6,0,1.0,False,0,STANDARD
AUTO_COLLISION,FRONT_COLLISION,7,3106.56,3,0,3,1,0.6666666666666666,False,0,STANDARD
AUTO_COLLISION,FRONT_COLLISION,4,1853.12,4,0,5,0,1.0,False,0,INVESTIGATION
AUTO_COLLISION,FRONT_COLLISION,10,2701.98,2,0,6,0,1.0,False,0,FAST_TRACK
AUTO_COLLISION,FRONT_COLLISION,6,1707.89,2,1,4,0,1.0,False,3,INVESTIGATION
AUTO_COLLISION,SIDE_COLLISION,6,1355.41,5,0,5,0,1.0,False,0,STANDARD
AUTO_COLLISION,SIDE_COLLISION,10,1427.99,1,0,5,0,1.0,False,0,STANDARD
AUTO_COLLISION,PARKING_DAMAGE,10,904.22,4,0,5,0,1.0,False,0,EXPERT_REVIEW
AUTO_COLLISION,SIDE_COLLISION,4,2453.29,3,1,4,1,0.75,False,0,STANDARD
AUTO_COLLISION,REAR_COLLISION,6,1555.39,2,1,6,1,0.8333333333333334,False,2,INVESTIGATION
AUTO_COLLISION,PARKING_DAMAGE,6,836.2,2,0,6,0,1.0,False,0,STANDARD
AUTO_COLLISION,SIDE_COLLISION,5,2219.35,5,0,3,0,1.0,False,0,EXPERT_REVIEW
AUTO_COLLISION,REAR_COLLISION,7,1425.72,3,0,3,1,0.6666666666666666,False,0,STANDARD
AUTO_COLLISION,REAR_COLLISION,2,1476.52,5,1,6,0,1.0,False,1,STANDARD
AUTO_COLLISION,SIDE_COLLISION,5,3833.37,2,0,4,1,0.75,False,0,FAST_TRACK
AUTO_COLLISION,FRONT_COLLISION,5,2578.25,3,1,4,0,1.0,False,0,EXPERT_REVIEW
AUTO_COLLISION,SIDE_COLLISION,5,4301.98,2,1,6,1,0.8333333333333334,False,2,EXPERT_REVIEW
AUTO_COLLISION,PARKING_DAMAGE,7,2703.94,4,0,5,0,1.0,False,0,INVESTIGATION
AUTO_COLLISION,REAR_COLLISION,7,2333.97,1,0,5,1,0.8,True,0,EXPERT_REVIEW
AUTO_COLLISION,REAR_COLLISION,4,1924.2,1,0,4,0,1.0,False,0,FAST_TRACK
AUTO_COLLISION,REAR_COLLISION,8,1943.35,4,0,6,0,1.0,False,0,EXPERT_REVIEW
AUTO_COLLISION,REAR_COLLISION,7,1245.38,3,0,6,2,0.6666666666666666,False,1,STANDARD
AUTO_COLLISION,PARKING_DAMAGE,7,1562.19,3,0,4,1,0.75,False,0,EXPERT_REVIEW
AUTO_COLLISION,SIDE_COLLISION,3,2459.44,3,2,3,0,1.0,False,1,STANDARD
AUTO_COLLISION,SIDE_COLLISION,6,1678.27,3,0,6,1,0.8333333333333334,True,0,STANDARD
AUTO_COLLISION,FRONT_COLLISION,8,7441.85,2,0,6,1,0.8333333333333334,False,0,INVESTIGATION
AUTO_COLLISION,FRONT_COLLISION,7,2672.4,4,0,5,1,0.8,True,2,EXPERT_REVIEW
AUTO_COLLISION,REAR_COLLISION,4,723.77,3,0,6,0,1.0,False,0,FAST_TRACK
AUTO_COLLISION,REAR_COLLISION,5,6192.34,1,0,5,1,0.8,False,1,INVESTIGATION
AUTO_COLLISION,FRONT_COLLISION,7,1868.38,1,0,5,1,0.8,False,0,STANDARD
AUTO_COLLISION,SIDE_COLLISION,1,5420.36,3,0,6,1,0.8333333333333334,False,0,STANDARD
AUTO_COLLISION,REAR_COLLISION,3,838.33,1,0,5,0,1.0,False,0,FAST_TRACK
AUTO_COLLISION,FRONT_COLLISION,5,2608.3,2,0,6,0,1.0,False,0,EXPERT_REVIEW
AUTO_COLLISION,FRONT_COLLISION,5,2380.59,3,0,3,1,0.6666666666666666,False,0,STANDARD
AUTO_COLLISION,SIDE_COLLISION,1,929.7,2,1,5,0,1.0,False,1,STANDARD
AUTO_COLLISION,FRONT_COLLISION,8,3076.83,5,0,5,0,1.0,False,0,FAST_TRACK
AUTO_COLLISION,PARKING_DAMAGE,4,1039.89,1,1,5,1,0.8,True,1,INVESTIGATION
AUTO_COLLISION,FRONT_COLLISION,6,1989.32,2,0,5,1,0.8,False,0,EXPERT_REVIEW
AUTO_COLLISION,FRONT_COLLISION,6,4976.59,2,0,5,0,1.0,False,0,STANDARD
AUTO_COLLISION,SIDE_COLLISION,2,1920.74,1,1,6,1,0.8333333333333334,False,2,INVESTIGATION
AUTO_COLLISION,REAR_COLLISION,10,1408.34,1,0,6,0,1.0,False,0,EXPERT_REVIEW
AUTO_COLLISION,FRONT_COLLISION,7,1835.48,2,1,6,0,1.0,False,0,STANDARD
AUTO_COLLISION,FRONT_COLLISION,7,2095.75,6,0,3,1,0.6666666666666666,False,1,INVESTIGATION
AUTO_COLLISION,FRONT_COLLISION,10,2632.88,5,2,4,2,0.5,False,3,INVESTIGATION
AUTO_COLLISION,REAR_COLLISION,4,712.42,1,0,4,0,1.0,False,0,STANDARD
AUTO_COLLISION,FRONT_COLLISION,7,586.76,2,0,5,0,1.0,False,0,STANDARD
AUTO_COLLISION,SIDE_COLLISION,5,1746.9,3,0,6,1,0.8333333333333334,False,1,EXPERT_REVIEW
AUTO_COLLISION,FRONT_COLLISION,5,1910.49,2,2,4,0,1.0,False,3,INVESTIGATION
AUTO_COLLISION,FRONT_COLLISION,5,1749.54,2,0,3,1,0.6666666666666666,False,0,EXPERT_REVIEW
AUTO_COLLISION,SIDE_COLLISION,9,2632.28,1,0,3,0,1.0,False,0,INVESTIGATION
AUTO_COLLISION,REAR_COLLISION,4,3694.79,4,0,4,0,1.0,False,0,STANDARD
AUTO_COLLISION,REAR_COLLISION,7,5169.39,1,0,3,0,1.0,True,0,EXPERT_REVIEW
AUTO_COLLISION,FRONT_COLLISION,8,1732.51,1,0,6,1,0.8333333333333334,False,0,STANDARD
AUTO_COLLISION,REAR_COLLISION,8,2385.77,3,0,3,0,1.0,False,0,STANDARD
AUTO_COLLISION,PARKING_DAMAGE,8,1021.52,1,1,3,0,1.0,False,1,FAST_TRACK
AUTO_COLLISION,REAR_COLLISION,5,1582.6,3,0,3,0,1.0,True,0,EXPERT_REVIEW
AUTO_COLLISION,REAR_COLLISION,8,1468.57,5,0,6,0,1.0,False,0,EXPERT_REVIEW
AUTO_COLLISION,FRONT_COLLISION,6,3227.88,4,0,5,1,0.8,False,0,EXPERT_REVIEW
AUTO_COLLISION,REAR_COLLISION,6,2890.23,1,1,3,0,1.0,False,0,INVESTIGATION
AUTO_COLLISION,REAR_COLLISION,4,2043.05,3,0,3,0,1.0,False,0,EXPERT_REVIEW
AUTO_COLLISION,REAR_COLLISION,2,1443.67,1,0,6,1,0.8333333333333334,False,1,EXPERT_REVIEW
AUTO_COLLISION,FRONT_COLLISION,6,11265.04,5,0,4,0,1.0,False,0,STANDARD
AUTO_COLLISION,FRONT_COLLISION,8,1059.03,2,0,4,0,1.0,False,0,STANDARD
AUTO_COLLISION,FRONT_COLLISION,9,4252.38,2,0,6,0,1.0,False,0,STANDARD
AUTO_COLLISION,FRONT_COLLISION,8,2880.88,2,0,6,3,0.5,False,4,STANDARD
AUTO_COLLISION,PARKING_DAMAGE,6,927.06,1,0,3,0,1.0,False,0,FAST_TRACK
AUTO_COLLISION,PARKING_DAMAGE,3,1317.32,2,0,5,2,0.6,False,0,EXPERT_REVIEW
AUTO_COLLISION,REAR_COLLISION,3,1815.42,4,0,3,0,1.0,False,0,STANDARD
AUTO_COLLISION,FRONT_COLLISION,10,3203.05,2,0,3,0,1.0,False,0,STANDARD
AUTO_COLLISION,REAR_COLLISION,8,869.97,1,0,3,1,0.6666666666666666,False,2,STANDARD
AUTO_COLLISION,SIDE_COLLISION,7,868.9,1,0,4,0,1.0,False,0,STANDARD
AUTO_COLLISION,REAR_COLLISION,8,1464.74,3,0,4,0,1.0,False,0,STANDARD
AUTO_COLLISION,PARKING_DAMAGE,6,1025.11,1,0,6,0,1.0,False,0,STANDARD
AUTO_COLLISION,REAR_COLLISION,7,2053.14,1,0,5,0,1.0,False,0,FAST_TRACK
AUTO_COLLISION,SIDE_COLLISION,5,3433.45,1,0,6,1,0.8333333333333334,True,1,EXPERT_REVIEW
AUTO_COLLISION,REAR_COLLISION,7,792.31,3,0,4,0,1.0,False,0,EXPERT_REVIEW
AUTO_COLLISION,SIDE_COLLISION,4,2640.78,2,0,4,1,0.75,False,1,STANDARD
AUTO_COLLISION,SIDE_COLLISION,8,6390.54,2,0,3,0,1.0,False,0,FAST_TRACK
AUTO_COLLISION,SIDE_COLLISION,9,4028.68,3,0,5,1,0.8,True,1,EXPERT_REVIEW
AUTO_COLLISION,SIDE_COLLISION,6,2890.7,3,0,5,0,1.0,False,0,STANDARD
AUTO_COLLISION,SIDE_COLLISION,8,2624.14,1,1,3,0,1.0,False,2,STANDARD
AUTO_COLLISION,FRONT_COLLISION,5,506.78,3,0,6,0,1.0,False,0,STANDARD
AUTO_COLLISION,FRONT_COLLISION,1,5317.35,3,1,6,0,1.0,True,0,STANDARD
AUTO_COLLISION,REAR_COLLISION,2,1540.8,1,0,5,0,1.0,False,0,STANDARD
AUTO_COLLISION,FRONT_COLLISION,10,999.48,1,0,6,0,1.0,True,0,STANDARD
AUTO_COLLISION,FRONT_COLLISION,3,9222.7,6,0,5,2,0.6,False,1,INVESTIGATION
AUTO_COLLISION,REAR_COLLISION,9,2250.99,1,0,6,0,1.0,False,1,INVESTIGATION
AUTO_COLLISION,PARKING_DAMAGE,8,926.62,2,0,3,0,1.0,False,0,FAST_TRACK
AUTO_COLLISION,PARKING_DAMAGE,6,566.94,3,0,3,1,0.6666666666666666,False,0,STANDARD
AUTO_COLLISION,FRONT_COLLISION,6,2254.36,3,0,4,0,1.0,True,0,EXPERT_REVIEW
AUTO_COLLISION,FRONT_COLLISION,7,1785.38,1,0,3,0,1.0,False,1,STANDARD
AUTO_COLLISION,REAR_COLLISION,6,2807.85,4,0,5,0,1.0,False,0,STANDARD
AUTO_COLLISION,PARKING_DAMAGE,7,709.3,2,1,6,1,0.8333333333333334,False,4,STANDARD
AUTO_COLLISION,SIDE_COLLISION,4,1743.72,2,0,6,0,1.0,False,0,STANDARD
AUTO_COLLISION,SIDE_COLLISION,6,6286.61,3,0,3,1,0.6666666666666666,False,0,EXPERT_REVIEW
AUTO_COLLISION,SIDE_COLLISION,6,2215.4,3,0,5,0,1.0,False,1,INVESTIGATION
AUTO_COLLISION,SIDE_COLLISION,6,9049.0,2,0,5,0,1.0,False,0,STANDARD
AUTO_COLLISION,PARKING_DAMAGE,6,848.0,1,0,3,0,1.0,False,0,STANDARD
AUTO_COLLISION,REAR_COLLISION,8,4252.85,4,1,6,1,0.8333333333333334,False,1,STANDARD
AUTO_COLLISION,SIDE_COLLISION,4,5652.69,5,0,6,0,1.0,False,0,STANDARD
AUTO_COLLISION,FRONT_COLLISION,5,2682.2,5,0,5,0,1.0,False,1,STANDARD
AUTO_COLLISION,SIDE_COLLISION,7,3486.81,3,0,6,0,1.0,False,1,STANDARD
AUTO_COLLISION,REAR_COLLISION,7,1008.27,2,0,3,0,1.0,True,0,EXPERT_REVIEW
AUTO_COLLISION,FRONT_COLLISION,9,196.01,1,0,4,0,1.0,False,0,STANDARD
AUTO_COLLISION,REAR_COLLISION,4,4312.75,5,1,4,0,1.0,False,0,FAST_TRACK
AUTO_COLLISION,FRONT_COLLISION,2,1985.21,2,0,3,1,0.6666666666666666,False,0,STANDARD
AUTO_COLLISION,PARKING_DAMAGE,4,790.18,3,0,6,0,1.0,False,0,STANDARD
AUTO_COLLISION,REAR_COLLISION,6,2539.26,2,0,6,0,1.0,False,1,STANDARD
AUTO_COLLISION,REAR_COLLISION,6,8432.62,2,1,6,0,1.0,False,0,STANDARD
AUTO_COLLISION,FRONT_COLLISION,3,1348.75,3,1,3,1,0.6666666666666666,False,1,INVESTIGATION
AUTO_COLLISION,FRONT_COLLISION,6,5764.91,4,1,4,0,1.0,False,2,INVESTIGATION
AUTO_COLLISION,REAR_COLLISION,11,4523.22,4,0,3,0,1.0,False,0,FAST_TRACK
AUTO_COLLISION,SIDE_COLLISION,6,8072.44,3,0,6,0,1.0,False,0,EXPERT_REVIEW
AUTO_COLLISION,FRONT_COLLISION,7,2436.94,2,0,5,0,1.0,False,0,STANDARD
AUTO_COLLISION,FRONT_COLLISION,3,4971.15,3,0,4,1,0.75,True,0,STANDARD
AUTO_COLLISION,PARKING_DAMAGE,6,1619.88,3,0,3,1,0.6666666666666666,False,0,FAST_TRACK
AUTO_COLLISION,FRONT_COLLISION,4,1478.68,1,1,3,0,1.0,False,0,FAST_TRACK
AUTO_COLLISION,REAR_COLLISION,7,4665.2,5,2,4,1,0.75,True,4,INVESTIGATION
AUTO_COLLISION,REAR_COLLISION,5,3976.65,2,0,3,0,1.0,False,0,FAST_TRACK
AUTO_COLLISION,REAR_COLLISION,4,2533.55,1,0,5,1,0.8,False,0,STANDARD
AUTO_COLLISION,SIDE_COLLISION,5,893.66,4,0,3,0,1.0,False,0,STANDARD
AUTO_COLLISION,REAR_COLLISION,7,2518.34,1,0,4,0,1.0,False,1,EXPERT_REVIEW
AUTO_COLLISION,FRONT_COLLISION,4,2479.17,2,0,4,1,0.75,False,1,INVESTIGATION
AUTO_COLLISION,SIDE_COLLISION,7,4080.75,2,2,5,1,0.8,False,5,INVESTIGATION
AUTO_COLLISION,SIDE_COLLISION,5,18542.7,1,2,4,0,1.0,True,1,EXPERT_REVIEW
AUTO_COLLISION,PARKING_DAMAGE,4,390.38,2,0,6,1,0.8333333333333334,False,0,FAST_TRACK
AUTO_COLLISION,REAR_COLLISION,6,16507.57,6,0,6,2,0.6666666666666666,False,1,EXPERT_REVIEW
AUTO_COLLISION,SIDE_COLLISION,6,3226.12,3,0,4,1,0.75,False,0,FAST_TRACK
AUTO_COLLISION,PARKING_DAMAGE,3,487.86,1,0,5,0,1.0,False,1,EXPERT_REVIEW
AUTO_COLLISION,SIDE_COLLISION,10,813.56,1,0,3,0,1.0,True,0,EXPERT_REVIEW
AUTO_COLLISION,PARKING_DAMAGE,5,2312.47,1,0,3,0,1.0,True,0,STANDARD
AUTO_COLLISION,REAR_COLLISION,6,1219.15,1,0,3,0,1.0,False,0,STANDARD
AUTO_COLLISION,REAR_COLLISION,7,8748.61,4,1,3,2,0.3333333333333333,False,0,EXPERT_REVIEW
AUTO_COLLISION,FRONT_COLLISION,6,4737.82,5,0,3,0,1.0,False,0,FAST_TRACK
AUTO_COLLISION,PARKING_DAMAGE,1,644.79,2,1,5,1,0.8,False,3,INVESTIGATION
AUTO_COLLISION,SIDE_COLLISION,6,3232.57,3,0,5,0,1.0,False,0,STANDARD
AUTO_COLLISION,PARKING_DAMAGE,6,2148.02,3,0,4,0,1.0,False,0,FAST_TRACK
AUTO_COLLISION,REAR_COLLISION,8,4069.0,3,0,6,0,1.0,False,0,STANDARD
AUTO_COLLISION,SIDE_COLLISION,6,1541.05,2,1,5,1,0.8,False,0,STANDARD
AUTO_COLLISION,FRONT_COLLISION,2,595.91,2,0,4,0,1.0,False,0,INVESTIGATION
AUTO_COLLISION,SIDE_COLLISION,5,720.28,2,0,3,1,0.6666666666666666,False,0,INVESTIGATION
AUTO_COLLISION,FRONT_COLLISION,7,979.35,3,1,6,3,0.5,True,0,INVESTIGATION
AUTO_COLLISION,SIDE_COLLISION,4,3764.07,2,0,3,2,0.3333333333333333,False,0,STANDARD
AUTO_COLLISION,REAR_COLLISION,6,2947.71,4,0,6,0,1.0,False,1,STANDARD
AUTO_COLLISION,REAR_COLLISION,1,830.77,2,0,6,0,1.0,False,0,STANDARD
AUTO_COLLISION,REAR_COLLISION,8,3966.17,7,0,6,1,0.8333333333333334,False,0,STANDARD
AUTO_COLLISION,REAR_COLLISION,2,826.88,1,0,5,0,1.0,False,0,INVESTIGATION
AUTO_COLLISION,PARKING_DAMAGE,6,4038.76,3,0,6,0,1.0,False,0,STANDARD
AUTO_COLLISION,REAR_COLLISION,4,1951.79,1,1,4,0,1.0,False,0,STANDARD
AUTO_COLLISION,FRONT_COLLISION,4,2614.88,2,2,6,1,0.8333333333333334,True,2,INVESTIGATION
AUTO_COLLISION,PARKING_DAMAGE,8,2538.16,2,0,4,0,1.0,False,0,EXPERT_REVIEW
AUTO_COLLISION,PARKING_DAMAGE,4,1263.82,3,1,3,1,0.6666666666666666,False,1,EXPERT_REVIEW
AUTO_COLLISION,REAR_COLLISION,4,3360.57,1,1,3,0,1.0,False,1,STANDARD
AUTO_COLLISION,REAR_COLLISION,12,883.97,1,0,4,0,1.0,False,0,STANDARD
AUTO_COLLISION,REAR_COLLISION,7,688.79,1,0,3,1,0.6666666666666666,False,0,FAST_TRACK
AUTO_COLLISION,FRONT_COLLISION,5,6600.72,2,1,5,1,0.8,True,0,EXPERT_REVIEW
AUTO_COLLISION,FRONT_COLLISION,7,3419.82,2,0,3,0,1.0,False,0,EXPERT_REVIEW
AUTO_COLLISION,REAR_COLLISION,5,1292.56,2,0,5,0,1.0,False,0,INVESTIGATION
AUTO_COLLISION,SIDE_COLLISION,3,1941.99,5,0,5,0,1.0,False,0,EXPERT_REVIEW
AUTO_COLLISION,SIDE_COLLISION,4,1451.51,3,0,4,1,0.75,True,1,EXPERT_REVIEW
AUTO_COLLISION,REAR_COLLISION,2,885.55,2,0,3,1,0.6666666666666666,False,1,EXPERT_REVIEW
AUTO_COLLISION,REAR_COLLISION,2,233.3,1,0,4,0,1.0,False,0,STANDARD
AUTO_COLLISION,SIDE_COLLISION,2,596.09,4,0,3,1,0.6666666666666666,False,0,EXPERT_REVIEW
AUTO_COLLISION,FRONT_COLLISION,6,2090.46,1,3,5,1,0.8,False,3,INVESTIGATION
AUTO_COLLISION,SIDE_COLLISION,6,3452.26,2,0,3,0,1.0,False,0,STANDARD
AUTO_COLLISION,SIDE_COLLISION,6,1398.83,2,0,4,0,1.0,False,0,EXPERT_REVIEW
AUTO_COLLISION,FRONT_COLLISION,7,2247.39,2,0,3,1,0.6666666666666666,False,0,STANDARD
AUTO_COLLISION,FRONT_COLLISION,6,1889.48,1,0,3,0,1.0,False,0,FAST_TRACK
AUTO_COLLISION,FRONT_COLLISION,11,1844.36,3,0,4,0,1.0,False,0,EXPERT_REVIEW
AUTO_COLLISION,PARKING_DAMAGE,2,405.56,2,0,6,0,1.0,False,0,FAST_TRACK
AUTO_COLLISION,PARKING_DAMAGE,11,1127.74,1,1,3,0,1.0,False,0,FAST_TRACK
AUTO_COLLISION,REAR_COLLISION,5,4926.34,3,0,5,0,1.0,False,2,STANDARD
AUTO_COLLISION,FRONT_COLLISION,11,1587.31,2,0,4,0,1.0,False,0,STANDARD
AUTO_COLLISION,PARKING_DAMAGE,4,612.18,2,0,4,0,1.0,False,0,FAST_TRACK
AUTO_COLLISION,REAR_COLLISION,3,7607.61,3,0,5,1,0.8,False,1,STANDARD
AUTO_COLLISION,FRONT_COLLISION,5,772.31,1,0,5,0,1.0,True,1,EXPERT_REVIEW
AUTO_COLLISION,REAR_COLLISION,4,1461.8,3,0,6,0,1.0,False,0,EXPERT_REVIEW
AUTO_COLLISION,SIDE_COLLISION,7,6201.25,3,1,3,0,1.0,False,0,STANDARD
AUTO_COLLISION,FRONT_COLLISION,8,1478.12,1,0,5,0,1.0,False,0,FAST_TRACK
AUTO_COLLISION,FRONT_COLLISION,4,4210.09,3,0,6,0,1.0,True,0,EXPERT_REVIEW
AUTO_COLLISION,SIDE_COLLISION,9,2218.05,3,0,6,1,0.8333333333333334,True,0,EXPERT_REVIEW
AUTO_COLLISION,REAR_COLLISION,5,5074.72,6,1,6,0,1.0,False,1,STANDARD
AUTO_COLLISION,FRONT_COLLISION,8,1260.77,3,0,5,0,1.0,False,0,EXPERT_REVIEW
AUTO_COLLISION,FRONT_COLLISION,4,2756.03,2,0,5,0,1.0,False,0,STANDARD
AUTO_COLLISION,REAR_COLLISION,8,5035.3,4,0,5,0,1.0,False,0,STANDARD
AUTO_COLLISION,SIDE_COLLISION,6,1192.73,2,0,4,1,0.75,False,0,INVESTIGATION
AUTO_COLLISION,REAR_COLLISION,6,4889.19,3,0,4,0,1.0,False,0,INVESTIGATION
AUTO_COLLISION,SIDE_COLLISION,6,478.8,3,0,4,0,1.0,False,0,FAST_TRACK
AUTO_COLLISION,FRONT_COLLISION,5,4716.57,4,1,6,3,0.5,False,5,INVESTIGATION
AUTO_COLLISION,FRONT_COLLISION,4,2999.64,3,0,6,0,1.0,False,0,EXPERT_REVIEW
AUTO_COLLISION,REAR_COLLISION,7,6543.05,3,0,3,1,0.6666666666666666,False,0,INVESTIGATION
AUTO_COLLISION,FRONT_COLLISION,6,13813.5,5,2,3,1,0.6666666666666666,True,0,EXPERT_REVIEW
AUTO_COLLISION,REAR_COLLISION,4,215.04,2,0,6,0,1.0,False,0,EXPERT_REVIEW
AUTO_COLLISION,FRONT_COLLISION,9,4061.66,5,0,5,0,1.0,False,1,FAST_TRACK
AUTO_COLLISION,FRONT_COLLISION,8,3235.53,6,1,4,0,1.0,True,2,EXPERT_REVIEW
AUTO_COLLISION,PARKING_DAMAGE,9,830.85,1,0,3,0,1.0,False,0,FAST_TRACK
AUTO_COLLISION,SIDE_COLLISION,7,4266.59,4,0,6,1,0.8333333333333334,False,1,EXPERT_REVIEW
AUTO_COLLISION,REAR_COLLISION,5,2041.0,1,0,5,1,0.8,False,1,FAST_TRACK
AUTO_COLLISION,FRONT_COLLISION,5,1592.59,2,1,6,1,0.8333333333333334,False,1,STANDARD
AUTO_COLLISION,REAR_COLLISION,5,1331.24,2,0,5,1,0.8,False,1,EXPERT_REVIEW
AUTO_COLLISION,PARKING_DAMAGE,7,392.06,2,0,3,0,1.0,False,0,STANDARD
AUTO_COLLISION,SIDE_COLLISION,4,2153.13,1,0,6,1,0.8333333333333334,False,0,FAST_TRACK
AUTO_COLLISION,SIDE_COLLISION,4,926.29,1,0,6,0,1.0,False,0,EXPERT_REVIEW
AUTO_COLLISION,FRONT_COLLISION,7,833.2,6,0,5,1,0.8,False,0,FAST_TRACK
AUTO_COLLISION,REAR_COLLISION,5,1621.55,3,0,6,0,1.0,False,0,EXPERT_REVIEW
AUTO_COLLISION,PARKING_DAMAGE,7,863.42,2,0,3,0,1.0,False,0,STANDARD
AUTO_COLLISION,PARKING_DAMAGE,5,1493.07,2,0,3,0,1.0,False,0,FAST_TRACK
AUTO_COLLISION,FRONT_COLLISION,6,5378.39,4,0,6,0,1.0,False,0,EXPERT_REVIEW
AUTO_COLLISION,FRONT_COLLISION,2,4874.26,2,1,6,0,1.0,False,0,STANDARD
AUTO_COLLISION,SIDE_COLLISION,5,1971.01,3,0,4,1,0.75,False,1,INVESTIGATION
AUTO_COLLISION,SIDE_COLLISION,6,889.73,1,0,4,0,1.0,False,0,FAST_TRACK
AUTO_COLLISION,REAR_COLLISION,5,1370.65,3,0,4,1,0.75,False,0,FAST_TRACK
AUTO_COLLISION,FRONT_COLLISION,6,2096.73,3,1,6,0,1.0,False,0,EXPERT_REVIEW
AUTO_COLLISION,FRONT_COLLISION,4,1158.29,5,1,6,1,0.8333333333333334,False,3,EXPERT_REVIEW
AUTO_COLLISION,PARKING_DAMAGE,7,2415.44,2,0,6,0,1.0,True,0,STANDARD
AUTO_COLLISION,SIDE_COLLISION,4,7147.02,5,1,6,1,0.8333333333333334,False,1,STANDARD
AUTO_COLLISION,REAR_COLLISION,5,937.24,4,0,6,0,1.0,False,0,STANDARD
AUTO_COLLISION,REAR_COLLISION,4,5401.49,4,0,5,0,1.0,False,0,EXPERT_REVIEW
AUTO_COLLISION,REAR_COLLISION,6,2082.52,2,0,4,0,1.0,False,1,FAST_TRACK
AUTO_COLLISION,REAR_COLLISION,5,685.09,2,0,3,0,1.0,False,0,FAST_TRACK
AUTO_COLLISION,REAR_COLLISION,8,1547.64,2,1,6,1,0.8333333333333334,False,2,STANDARD
AUTO_COLLISION,FRONT_COLLISION,13,2681.03,4,0,4,1,0.75,False,0,STANDARD
AUTO_COLLISION,REAR_COLLISION,5,2655.0,1,0,5,0,1.0,False,1,EXPERT_REVIEW
AUTO_COLLISION,FRONT_COLLISION,4,1652.16,4,1,4,1,0.75,False,1,EXPERT_REVIEW
AUTO_COLLISION,SIDE_COLLISION,7,6305.18,2,0,5,0,1.0,False,0,STANDARD
AUTO_COLLISION,REAR_COLLISION,3,5105.32,3,0,3,0,1.0,False,0,EXPERT_REVIEW
AUTO_COLLISION,FRONT_COLLISION,4,1992.82,3,0,4,0,1.0,True,1,EXPERT_REVIEW
AUTO_COLLISION,FRONT_COLLISION,5,1786.93,3,2,5,1,0.8,False,2,STANDARD
AUTO_COLLISION,REAR_COLLISION,4,1431.14,3,0,5,0,1.0,False,0,FAST_TRACK
AUTO_COLLISION,FRONT_COLLISION,7,2097.94,4,0,6,1,0.8333333333333334,False,0,FAST_TRACK
AUTO_COLLISION,FRONT_COLLISION,6,1334.68,2,0,5,2,0.6,False,4,INVESTIGATION
AUTO_COLLISION,FRONT_COLLISION,5,1724.44,2,0,5,1,0.8,False,1,STANDARD
AUTO_COLLISION,PARKING_DAMAGE,7,1328.13,1,0,3,0,1.0,True,0,FAST_TRACK
AUTO_COLLISION,REAR_COLLISION,4,880.99,2,0,5,0,1.0,False,0,STANDARD
AUTO_COLLISION,REAR_COLLISION,4,650.79,3,1,3,0,1.0,False,1,INVESTIGATION
AUTO_COLLISION,REAR_COLLISION,7,2518.02,1,0,3,0,1.0,False,0,FAST_TRACK
AUTO_COLLISION,PARKING_DAMAGE,6,715.31,3,0,4,1,0.75,False,0,FAST_TRACK
AUTO_COLLISION,REAR_COLLISION,5,944.38,3,0,4,1,0.75,False,1,STANDARD
AUTO_COLLISION,REAR_COLLISION,5,1745.44,2,1,6,2,0.6666666666666666,False,1,INVESTIGATION
AUTO_COLLISION,FRONT_COLLISION,8,2152.22,1,0,3,0,1.0,False,0,EXPERT_REVIEW
AUTO_COLLISION,REAR_COLLISION,7,795.05,3,0,4,0,1.0,False,0,FAST_TRACK
AUTO_COLLISION,FRONT_COLLISION,8,3705.33,1,0,3,0,1.0,True,0,EXPERT_REVIEW
AUTO_COLLISION,SIDE_COLLISION,7,2445.3,3,0,5,1,0.8,False,0,STANDARD
AUTO_COLLISION,REAR_COLLISION,9,1620.73,3,0,3,1,0.6666666666666666,False,0,STANDARD
AUTO_COLLISION,FRONT_COLLISION,6,2685.89,4,1,6,1,0.8333333333333334,False,0,EXPERT_REVIEW
AUTO_COLLISION,PARKING_DAMAGE,7,1073.66,1,0,3,0,1.0,False,0,FAST_TRACK
AUTO_COLLISION,REAR_COLLISION,5,6867.58,2,3,4,1,0.75,False,1,INVESTIGATION
AUTO_COLLISION,SIDE_COLLISION,5,14349.42,2,1,4,0,1.0,False,1,STANDARD
AUTO_COLLISION,REAR_COLLISION,6,1222.26,3,1,6,0,1.0,False,2,STANDARD
AUTO_COLLISION,PARKING_DAMAGE,4,1930.04,2,0,6,1,0.8333333333333334,False,2,EXPERT_REVIEW
AUTO_COLLISION,FRONT_COLLISION,5,2330.37,4,1,4,0,1.0,False,0,STANDARD
AUTO_COLLISION,FRONT_COLLISION,5,2264.06,1,0,5,1,0.8,False,0,EXPERT_REVIEW
AUTO_COLLISION,SIDE_COLLISION,3,12874.75,6,1,5,0,1.0,False,1,EXPERT_REVIEW
AUTO_COLLISION,REAR_COLLISION,6,1666.4,2,0,5,1,0.8,False,0,EXPERT_REVIEW
AUTO_COLLISION,SIDE_COLLISION,12,4987.47,2,0,3,0,1.0,True,0,EXPERT_REVIEW
AUTO_COLLISION,PARKING_DAMAGE,6,786.77,3,0,6,0,1.0,False,0,STANDARD
AUTO_COLLISION,SIDE_COLLISION,4,2352.72,3,2,5,2,0.6,False,4,INVESTIGATION
AUTO_COLLISION,SIDE_COLLISION,5,2336.11,5,0,3,0,1.0,False,0,STANDARD
AUTO_COLLISION,REAR_COLLISION,7,2108.77,1,0,4,1,0.75,False,0,FAST_TRACK
AUTO_COLLISION,FRONT_COLLISION,7,2161.6,1,0,5,0,1.0,False,1,STANDARD
AUTO_COLLISION,SIDE_COLLISION,5,3378.8,3,1,6,0,1.0,False,1,EXPERT_REVIEW
AUTO_COLLISION,REAR_COLLISION,7,10253.55,4,0,4,0,1.0,False,0,STANDARD
AUTO_COLLISION,FRONT_COLLISION,6,3481.69,3,1,3,0,1.0,False,1,STANDARD
AUTO_COLLISION,SIDE_COLLISION,10,8355.63,3,3,6,0,1.0,False,1,STANDARD
AUTO_COLLISION,REAR_COLLISION,7,2335.15,3,0,3,0,1.0,False,0,INVESTIGATION
AUTO_COLLISION,REAR_COLLISION,6,1806.78,2,0,6,1,0.8333333333333334,True,1,EXPERT_REVIEW
AUTO_COLLISION,SIDE_COLLISION,8,3018.23,2,0,5,0,1.0,False,0,FAST_TRACK
AUTO_COLLISION,REAR_COLLISION,10,1975.35,2,0,5,0,1.0,True,0,EXPERT_REVIEW
AUTO_COLLISION,FRONT_COLLISION,4,2239.08,1,0,6,2,0.6666666666666666,False,1,STANDARD
AUTO_COLLISION,SIDE_COLLISION,8,4019.98,2,1,3,0,1.0,False,2,INVESTIGATION
AUTO_COLLISION,FRONT_COLLISION,7,10468.73,3,1,3,1,0.6666666666666666,False,0,EXPERT_REVIEW
AUTO_COLLISION,PARKING_DAMAGE,3,693.79,4,0,4,1,0.75,False,1,STANDARD
AUTO_COLLISION,FRONT_COLLISION,4,935.27,3,0,6,0,1.0,False,0,FAST_TRACK
AUTO_COLLISION,REAR_COLLISION,6,811.89,3,0,3,0,1.0,False,0,FAST_TRACK
AUTO_COLLISION,REAR_COLLISION,7,877.76,2,0,6,1,0.8333333333333334,False,0,FAST_TRACK
AUTO_COLLISION,FRONT_COLLISION,4,1414.65,2,0,5,0,1.0,False,0,STANDARD
AUTO_COLLISION,PARKING_DAMAGE,8,699.59,1,0,6,0,1.0,False,0,FAST_TRACK
AUTO_COLLISION,SIDE_COLLISION,15,3733.7,3,0,3,0,1.0,False,0,EXPERT_REVIEW
AUTO_COLLISION,SIDE_COLLISION,5,10026.73,6,1,4,0,1.0,True,0,EXPERT_REVIEW
AUTO_COLLISION,FRONT_COLLISION,5,3076.14,2,0,6,0,1.0,False,1,EXPERT_REVIEW
AUTO_COLLISION,PARKING_DAMAGE,4,1617.53,2,0,5,1,0.8,False,1,STANDARD
AUTO_COLLISION,FRONT_COLLISION,10,1183.05,1,0,3,1,0.6666666666666666,False,0,EXPERT_REVIEW
AUTO_COLLISION,FRONT_COLLISION,6,1038.53,2,0,5,0,1.0,False,0,EXPERT_REVIEW
AUTO_COLLISION,FRONT_COLLISION,5,1850.93,3,0,3,0,1.0,False,1,EXPERT_REVIEW
AUTO_COLLISION,SIDE_COLLISION,12,30000.0,6,1,6,0,1.0,False,1,STANDARD
AUTO_COLLISION,FRONT_COLLISION,8,2398.08,1,0,4,0,1.0,False,0,STANDARD
AUTO_COLLISION,SIDE_COLLISION,8,1686.35,1,0,5,0,1.0,False,0,EXPERT_REVIEW
AUTO_COLLISION,FRONT_COLLISION,6,2934.06,2,0,6,0,1.0,False,0,EXPERT_REVIEW
AUTO_COLLISION,PARKING_DAMAGE,4,1456.92,1,0,3,0,1.0,False,0,FAST_TRACK
AUTO_COLLISION,SIDE_COLLISION,2,802.43,2,0,6,1,0.8333333333333334,False,1,STANDARD
AUTO_COLLISION,FRONT_COLLISION,8,1114.37,3,0,4,0,1.0,False,0,FAST_TRACK
AUTO_COLLISION,PARKING_DAMAGE,4,2541.71,6,2,4,2,0.5,False,3,EXPERT_REVIEW
AUTO_COLLISION,PARKING_DAMAGE,6,728.33,1,0,5,0,1.0,False,0,STANDARD
AUTO_COLLISION,FRONT_COLLISION,9,3659.07,7,0,6,1,0.8333333333333334,False,1,EXPERT_REVIEW
AUTO_COLLISION,REAR_COLLISION,3,1145.91,1,0,4,0,1.0,False,0,FAST_TRACK
AUTO_COLLISION,REAR_COLLISION,4,4021.39,4,0,4,0,1.0,False,0,STANDARD
AUTO_COLLISION,REAR_COLLISION,11,4256.3,1,1,3,0,1.0,False,1,STANDARD
AUTO_COLLISION,REAR_COLLISION,6,1693.51,1,0,5,1,0.8,False,0,FAST_TRACK
AUTO_COLLISION,PARKING_DAMAGE,2,1108.34,5,0,5,1,0.8,False,1,EXPERT_REVIEW
AUTO_COLLISION,FRONT_COLLISION,4,1348.47,3,0,4,0,1.0,False,0,EXPERT_REVIEW
AUTO_COLLISION,FRONT_COLLISION,7,3412.44,2,1,6,1,0.8333333333333334,False,1,EXPERT_REVIEW
AUTO_COLLISION,FRONT_COLLISION,4,2475.69,3,0,6,1,0.8333333333333334,False,2,EXPERT_REVIEW
AUTO_COLLISION,REAR_COLLISION,5,2296.14,4,0,6,1,0.8333333333333334,False,2,EXPERT_REVIEW
AUTO_COLLISION,REAR_COLLISION,4,2842.39,1,1,3,0,1.0,False,1,STANDARD
AUTO_COLLISION,SIDE_COLLISION,2,1661.75,3,0,5,0,1.0,False,0,FAST_TRACK
AUTO_COLLISION,REAR_COLLISION,7,940.7,2,0,6,0,1.0,False,1,EXPERT_REVIEW
AUTO_COLLISION,PARKING_DAMAGE,7,3974.68,2,0,3,0,1.0,False,1,EXPERT_REVIEW
AUTO_COLLISION,FRONT_COLLISION,7,1567.52,2,0,6,0,1.0,False,0,EXPERT_REVIEW
AUTO_COLLISION,FRONT_COLLISION,7,1015.47,3,0,3,0,1.0,False,0,STANDARD
AUTO_COLLISION,REAR_COLLISION,4,5054.48,3,1,5,0,1.0,False,0,STANDARD
AUTO_COLLISION,FRONT_COLLISION,12,205.6,1,0,6,1,0.8333333333333334,False,0,EXPERT_REVIEW
AUTO_COLLISION,REAR_COLLISION,3,8868.42,8,1,5,1,0.8,False,1,EXPERT_REVIEW
AUTO_COLLISION,PARKING_DAMAGE,3,2590.98,2,1,5,0,1.0,False,0,STANDARD
AUTO_COLLISION,SIDE_COLLISION,8,2926.24,3,0,5,0,1.0,False,0,FAST_TRACK
AUTO_COLLISION,REAR_COLLISION,5,2294.66,3,0,5,0,1.0,False,0,EXPERT_REVIEW
AUTO_COLLISION,PARKING_DAMAGE,4,916.71,2,0,3,0,1.0,True,0,EXPERT_REVIEW
AUTO_COLLISION,FRONT_COLLISION,4,1314.16,3,0,4,0,1.0,False,0,STANDARD
AUTO_COLLISION,REAR_COLLISION,7,1428.58,1,1,5,0,1.0,False,1,EXPERT_REVIEW
AUTO_COLLISION,FRONT_COLLISION,5,1855.74,1,0,5,0,1.0,True,0,INVESTIGATION
AUTO_COLLISION,REAR_COLLISION,6,1109.94,4,0,5,0,1.0,False,0,STANDARD
AUTO_COLLISION,FRONT_COLLISION,4,4228.59,1,1,3,0,1.0,False,0,INVESTIGATION
AUTO_COLLISION,SIDE_COLLISION,11,2399.67,1,0,4,0,1.0,False,1,INVESTIGATION
AUTO_COLLISION,SIDE_COLLISION,5,1417.06,2,0,3,0,1.0,False,0,FAST_TRACK
AUTO_COLLISION,REAR_COLLISION,4,1107.4,2,0,5,0,1.0,False,0,STANDARD
AUTO_COLLISION,FRONT_COLLISION,5,4526.12,1,1,3,0,1.0,False,1,EXPERT_REVIEW
AUTO_COLLISION,REAR_COLLISION,4,9098.16,4,1,4,1,0.75,False,2,INVESTIGATION
AUTO_COLLISION,SIDE_COLLISION,8,1088.22,4,0,4,0,1.0,False,0,STANDARD
AUTO_COLLISION,FRONT_COLLISION,5,1301.45,2,0,6,0,1.0,False,1,STANDARD
AUTO_COLLISION,FRONT_COLLISION,8,1589.85,1,0,5,3,0.4,False,0,STANDARD
AUTO_COLLISION,REAR_COLLISION,7,402.34,2,0,3,2,0.3333333333333333,False,1,STANDARD
AUTO_COLLISION,REAR_COLLISION,8,1919.25,2,0,3,0,1.0,False,1,STANDARD
AUTO_COLLISION,FRONT_COLLISION,1,1565.23,3,1,5,0,1.0,False,0,EXPERT_REVIEW
AUTO_COLLISION,SIDE_COLLISION,4,4240.34,4,0,3,0,1.0,False,0,EXPERT_REVIEW
AUTO_COLLISION,FRONT_COLLISION,2,2049.28,5,0,4,1,0.75,False,0,EXPERT_REVIEW
AUTO_COLLISION,PARKING_DAMAGE,9,806.23,2,0,4,0,1.0,False,0,FAST_TRACK
AUTO_COLLISION,REAR_COLLISION,7,1163.18,4,0,6,3,0.5,False,1,STANDARD
AUTO_COLLISION,PARKING_DAMAGE,5,496.92,3,0,4,0,1.0,False,0,FAST_TRACK
AUTO_COLLISION,REAR_COLLISION,3,1508.5,3,0,3,0,1.0,True,1,STANDARD
AUTO_COLLISION,PARKING_DAMAGE,7,1049.69,3,0,5,1,0.8,False,1,STANDARD
AUTO_COLLISION,REAR_COLLISION,3,1050.38,1,0,6,1,0.8333333333333334,False,1,STANDARD
AUTO_COLLISION,SIDE_COLLISION,11,9620.59,4,1,4,1,0.75,True,0,EXPERT_REVIEW
AUTO_COLLISION,REAR_COLLISION,6,1323.79,2,0,4,0,1.0,False,1,EXPERT_REVIEW
AUTO_COLLISION,REAR_COLLISION,3,2388.35,1,0,5,2,0.6,False,0,INVESTIGATION
AUTO_COLLISION,SIDE_COLLISION,8,16327.05,7,3,4,3,0.25,True,2,INVESTIGATION
AUTO_COLLISION,SIDE_COLLISION,9,3568.66,3,0,4,0,1.0,False,0,INVESTIGATION
AUTO_COLLISION,REAR_COLLISION,5,1202.76,3,0,3,0,1.0,False,0,EXPERT_REVIEW
AUTO_COLLISION,FRONT_COLLISION,8,1268.0,1,1,3,0,1.0,False,0,INVESTIGATION
AUTO_COLLISION,REAR_COLLISION,11,1043.41,4,0,5,0,1.0,False,0,STANDARD
AUTO_COLLISION,PARKING_DAMAGE,4,2116.68,2,0,4,0,1.0,False,0,EXPERT_REVIEW
AUTO_COLLISION,FRONT_COLLISION,6,2061.06,5,0,6,1,0.8333333333333334,False,0,STANDARD
AUTO_COLLISION,FRONT_COLLISION,8,4343.51,2,0,5,1,0.8,False,0,STANDARD
AUTO_COLLISION,REAR_COLLISION,5,4954.41,8,0,3,0,1.0,False,0,EXPERT_REVIEW
AUTO_COLLISION,REAR_COLLISION,7,2793.17,4,0,6,0,1.0,False,1,EXPERT_REVIEW
AUTO_COLLISION,REAR_COLLISION,3,3684.58,4,1,3,0,1.0,False,0,STANDARD
AUTO_COLLISION,FRONT_COLLISION,3,1695.64,2,0,5,1,0.8,False,2,INVESTIGATION
AUTO_COLLISION,SIDE_COLLISION,4,3260.78,1,0,3,0,1.0,False,0,STANDARD
AUTO_COLLISION,REAR_COLLISION,7,4769.26,4,0,4,1,0.75,False,0,STANDARD
AUTO_COLLISION,SIDE_COLLISION,6,1208.16,2,1,6,2,0.6666666666666666,False,0,EXPERT_REVIEW
AUTO_COLLISION,REAR_COLLISION,9,3852.46,3,1,6,0,1.0,False,0,STANDARD
AUTO_COLLISION,SIDE_COLLISION,6,927.35,2,0,5,0,1.0,False,0,FAST_TRACK
AUTO_COLLISION,FRONT_COLLISION,9,3158.55,2,1,3,2,0.3333333333333333,False,1,INVESTIGATION
AUTO_COLLISION,FRONT_COLLISION,6,1253.71,3,0,3,0,1.0,True,2,EXPERT_REVIEW
AUTO_COLLISION,FRONT_COLLISION,7,8452.98,3,1,3,0,1.0,False,1,STANDARD
AUTO_COLLISION,SIDE_COLLISION,1,1055.09,6,0,4,0,1.0,False,0,EXPERT_REVIEW
AUTO_COLLISION,FRONT_COLLISION,2,2145.88,4,0,5,0,1.0,False,1,STANDARD
AUTO_COLLISION,PARKING_DAMAGE,6,961.45,1,0,6,1,0.8333333333333334,False,0,FAST_TRACK
AUTO_COLLISION,REAR_COLLISION,8,831.04,4,0,5,0,1.0,False,0,INVESTIGATION
AUTO_COLLISION,SIDE_COLLISION,6,2346.66,1,0,4,0,1.0,False,0,FAST_TRACK
AUTO_COLLISION,FRONT_COLLISION,4,4365.87,1,0,4,0,1.0,False,1,EXPERT_REVIEW
AUTO_COLLISION,REAR_COLLISION,8,9282.27,6,0,6,2,0.6666666666666666,False,0,EXPERT_REVIEW
AUTO_COLLISION,FRONT_COLLISION,7,1301.52,1,0,4,0,1.0,False,0,INVESTIGATION
AUTO_COLLISION,FRONT_COLLISION,8,1455.19,2,0,3,1,0.6666666666666666,False,1,FAST_TRACK
AUTO_COLLISION,FRONT_COLLISION,4,3106.22,2,0,3,2,0.3333333333333333,False,0,INVESTIGATION
AUTO_COLLISION,FRONT_COLLISION,3,6561.8,6,1,5,1,0.8,False,0,STANDARD
AUTO_COLLISION,SIDE_COLLISION,4,2594.43,2,0,3,0,1.0,False,0,EXPERT_REVIEW
AUTO_COLLISION,FRONT_COLLISION,4,3011.52,4,1,4,1,0.75,True,0,EXPERT_REVIEW
AUTO_COLLISION,REAR_COLLISION,2,2611.68,2,0,4,1,0.75,False,0,STANDARD
AUTO_COLLISION,SIDE_COLLISION,3,2520.89,1,0,5,1,0.8,False,0,STANDARD
AUTO_COLLISION,FRONT_COLLISION,10,2028.27,1,0,3,0,1.0,False,1,EXPERT_REVIEW
AUTO_COLLISION,FRONT_COLLISION,11,3172.27,3,0,3,0,1.0,False,0,EXPERT_REVIEW
AUTO_COLLISION,REAR_COLLISION,3,2121.01,5,1,4,2,0.5,False,4,STANDARD
AUTO_COLLISION,FRONT_COLLISION,8,1297.39,1,0,5,1,0.8,False,0,FAST_TRACK
AUTO_COLLISION,FRONT_COLLISION,7,7072.49,5,2,6,0,1.0,False,1,STANDARD
AUTO_COLLISION,REAR_COLLISION,5,3997.28,2,0,6,0,1.0,True,1,EXPERT_REVIEW
AUTO_COLLISION,FRONT_COLLISION,5,943.55,1,0,5,0,1.0,False,0,EXPERT_REVIEW
AUTO_COLLISION,FRONT_COLLISION,7,4382.16,3,1,3,0,1.0,False,0,FAST_TRACK
AUTO_COLLISION,REAR_COLLISION,5,4376.83,3,0,5,1,0.8,False,0,STANDARD
AUTO_COLLISION,FRONT_COLLISION,4,1536.93,3,0,4,0,1.0,False,1,STANDARD
AUTO_COLLISION,SIDE_COLLISION,4,2877.9,1,0,4,0,1.0,False,0,STANDARD
AUTO_COLLISION,SIDE_COLLISION,7,1803.75,2,0,3,0,1.0,False,0,FAST_TRACK
AUTO_COLLISION,PARKING_DAMAGE,13,665.75,2,0,6,0,1.0,False,0,STANDARD
AUTO_COLLISION,FRONT_COLLISION,5,8468.4,5,0,3,0,1.0,False,1,EXPERT_REVIEW
AUTO_COLLISION,PARKING_DAMAGE,4,2264.66,4,0,3,0,1.0,False,2,STANDARD
AUTO_COLLISION,REAR_COLLISION,10,1545.07,1,0,3,0,1.0,False,0,FAST_TRACK
AUTO_COLLISION,FRONT_COLLISION,10,2940.15,2,0,6,0,1.0,False,0,STANDARD
AUTO_COLLISION,SIDE_COLLISION,6,2318.97,3,0,5,0,1.0,False,0,FAST_TRACK
AUTO_COLLISION,REAR_COLLISION,6,9048.99,3,1,5,1,0.8,False,0,INVESTIGATION
AUTO_COLLISION,REAR_COLLISION,10,1877.36,3,0,4,1,0.75,False,1,EXPERT_REVIEW
AUTO_COLLISION,REAR_COLLISION,7,518.09,4,0,3,0,1.0,False,0,STANDARD
AUTO_COLLISION,SIDE_COLLISION,4,5346.15,4,0,3,1,0.6666666666666666,False,0,STANDARD
AUTO_COLLISION,REAR_COLLISION,6,2410.71,2,1,5,1,0.8,False,2,INVESTIGATION
AUTO_COLLISION,REAR_COLLISION,7,485.68,2,0,4,0,1.0,False,0,STANDARD
AUTO_COLLISION,FRONT_COLLISION,7,1264.17,3,1,6,0,1.0,True,1,EXPERT_REVIEW
AUTO_COLLISION,REAR_COLLISION,1,3001.3,3,0,6,1,0.8333333333333334,False,1,INVESTIGATION
AUTO_COLLISION,PARKING_DAMAGE,9,753.68,2,1,5,1,0.8,False,0,STANDARD
AUTO_COLLISION,REAR_COLLISION,7,8340.43,1,0,5,1,0.8,False,0,STANDARD
AUTO_COLLISION,FRONT_COLLISION,8,4835.62,3,1,4,0,1.0,False,3,EXPERT_REVIEW
AUTO_COLLISION,FRONT_COLLISION,8,2975.04,3,0,6,0,1.0,False,0,FAST_TRACK
AUTO_COLLISION,REAR_COLLISION,6,1347.34,1,0,5,0,1.0,False,0,EXPERT_REVIEW
AUTO_COLLISION,REAR_COLLISION,6,1492.16,3,1,4,0,1.0,True,0,EXPERT_REVIEW
AUTO_COLLISION,PARKING_DAMAGE,4,814.95,2,0,4,1,0.75,False,0,FAST_TRACK
AUTO_COLLISION,FRONT_COLLISION,6,888.27,3,0,6,3,0.5,False,5,INVESTIGATION
AUTO_COLLISION,FRONT_COLLISION,6,5323.86,1,0,3,0,1.0,False,0,FAST_TRACK
AUTO_COLLISION,SIDE_COLLISION,7,3244.84,2,0,6,0,1.0,False,1,FAST_TRACK
AUTO_COLLISION,FRONT_COLLISION,6,8095.82,2,1,6,0,1.0,True,1,EXPERT_REVIEW
AUTO_COLLISION,FRONT_COLLISION,3,5406.24,4,1,3,0,1.0,False,0,EXPERT_REVIEW
AUTO_COLLISION,FRONT_COLLISION,9,768.89,3,0,6,0,1.0,False,0,FAST_TRACK
AUTO_COLLISION,PARKING_DAMAGE,4,368.23,2,0,5,0,1.0,False,0,STANDARD
AUTO_COLLISION,SIDE_COLLISION,6,1886.26,1,0,5,1,0.8,False,0,STANDARD
AUTO_COLLISION,FRONT_COLLISION,6,1644.7,2,0,3,1,0.6666666666666666,False,0,FAST_TRACK
AUTO_COLLISION,REAR_COLLISION,7,1925.54,2,1,6,0,1.0,False,1,STANDARD
AUTO_COLLISION,SIDE_COLLISION,9,7929.57,4,1,4,0,1.0,False,1,STANDARD
AUTO_COLLISION,SIDE_COLLISION,6,5093.37,2,0,5,0,1.0,False,0,FAST_TRACK
AUTO_COLLISION,REAR_COLLISION,5,2956.56,2,0,4,0,1.0,False,0,EXPERT_REVIEW
AUTO_COLLISION,REAR_COLLISION,5,2581.8,4,0,3,0,1.0,False,0,FAST_TRACK
AUTO_COLLISION,SIDE_COLLISION,9,9029.93,2,1,4,0,1.0,False,1,EXPERT_REVIEW
AUTO_COLLISION,REAR_COLLISION,8,824.12,2,0,3,0,1.0,False,0,FAST_TRACK
AUTO_COLLISION,SIDE_COLLISION,11,1907.12,1,0,4,0,1.0,False,0,FAST_TRACK
AUTO_COLLISION,SIDE_COLLISION,6,766.45,1,0,6,0,1.0,False,0,FAST_TRACK
AUTO_COLLISION,SIDE_COLLISION,5,2598.99,3,0,5,0,1.0,True,0,STANDARD
AUTO_COLLISION,SIDE_COLLISION,7,2179.8,3,0,5,0,1.0,False,0,FAST_TRACK
AUTO_COLLISION,PARKING_DAMAGE,5,1340.18,1,0,4,0,1.0,False,0,EXPERT_REVIEW
AUTO_COLLISION,FRONT_COLLISION,10,9883.27,4,2,5,0,1.0,True,2,INVESTIGATION
AUTO_COLLISION,FRONT_COLLISION,7,5556.09,1,1,5,1,0.8,False,1,INVESTIGATION
AUTO_COLLISION,FRONT_COLLISION,8,5548.15,3,0,3,0,1.0,True,0,EXPERT_REVIEW
AUTO_COLLISION,FRONT_COLLISION,6,649.8,3,0,4,0,1.0,False,0,STANDARD
AUTO_COLLISION,PARKING_DAMAGE,4,388.23,1,0,5,0,1.0,False,1,FAST_TRACK
AUTO_COLLISION,REAR_COLLISION,7,2412.66,4,2,3,0,1.0,False,1,EXPERT_REVIEW
AUTO_COLLISION,FRONT_COLLISION,5,9321.04,2,1,4,1,0.75,False,2,EXPERT_REVIEW
AUTO_COLLISION,REAR_COLLISION,5,1199.1,3,0,6,1,0.8333333333333334,False,0,FAST_TRACK
AUTO_COLLISION,FRONT_COLLISION,4,4520.69,4,1,4,0,1.0,False,1,FAST_TRACK
AUTO_COLLISION,FRONT_COLLISION,5,3645.95,1,1,4,0,1.0,True,0,EXPERT_REVIEW
AUTO_COLLISION,FRONT_COLLISION,2,5560.46,5,1,3,0,1.0,False,0,STANDARD
AUTO_COLLISION,FRONT_COLLISION,2,9273.62,5,0,6,0,1.0,False,1,EXPERT_REVIEW
AUTO_COLLISION,FRONT_COLLISION,9,4127.32,5,1,5,0,1.0,False,1,STANDARD
AUTO_COLLISION,REAR_COLLISION,11,370.0,2,0,4,0,1.0,False,1,FAST_TRACK
AUTO_COLLISION,SIDE_COLLISION,8,2198.68,1,0,4,0,1.0,False,0,STANDARD
AUTO_COLLISION,SIDE_COLLISION,8,4962.71,4,0,3,0,1.0,False,0,FAST_TRACK
AUTO_COLLISION,REAR_COLLISION,10,8597.4,3,1,3,0,1.0,False,0,INVESTIGATION
AUTO_COLLISION,SIDE_COLLISION,6,5107.92,1,0,3,0,1.0,False,0,FAST_TRACK
AUTO_COLLISION,FRONT_COLLISION,5,1412.8,4,1,6,0,1.0,False,1,FAST_TRACK
AUTO_COLLISION,REAR_COLLISION,3,2758.12,4,0,5,0,1.0,False,0,STANDARD
AUTO_COLLISION,REAR_COLLISION,8,998.8,2,0,4,1,0.75,False,2,STANDARD
AUTO_COLLISION,REAR_COLLISION,8,1078.58,2,0,4,1,0.75,False,0,FAST_TRACK
AUTO_COLLISION,REAR_COLLISION,4,2141.63,3,1,6,2,0.6666666666666666,False,1,STANDARD
AUTO_COLLISION,FRONT_COLLISION,4,3838.95,1,2,3,0,1.0,False,0,STANDARD
AUTO_COLLISION,REAR_COLLISION,4,3739.36,1,0,6,1,0.8333333333333334,False,2,INVESTIGATION
AUTO_COLLISION,FRONT_COLLISION,2,2582.86,3,2,4,0,1.0,True,2,EXPERT_REVIEW
AUTO_COLLISION,FRONT_COLLISION,7,1177.45,5,0,6,0,1.0,False,0,FAST_TRACK
AUTO_COLLISION,FRONT_COLLISION,3,4349.45,2,0,5,0,1.0,False,0,EXPERT_REVIEW
AUTO_COLLISION,SIDE_COLLISION,3,1557.96,2,1,4,0,1.0,False,1,STANDARD
AUTO_COLLISION,SIDE_COLLISION,5,3003.68,1,0,3,0,1.0,False,0,EXPERT_REVIEW
AUTO_COLLISION,SIDE_COLLISION,5,1859.5,3,0,5,0,1.0,False,1,STANDARD
AUTO_COLLISION,SIDE_COLLISION,3,3247.52,1,0,5,1,0.8,False,0,STANDARD
AUTO_COLLISION,FRONT_COLLISION,5,6727.31,6,0,4,3,0.25,False,0,EXPERT_REVIEW
AUTO_COLLISION,REAR_COLLISION,8,3676.26,4,0,4,0,1.0,False,1,STANDARD
AUTO_COLLISION,SIDE_COLLISION,5,1955.56,1,0,4,1,0.75,False,0,STANDARD
AUTO_COLLISION,FRONT_COLLISION,6,1416.01,2,1,6,1,0.8333333333333334,False,1,STANDARD
AUTO_COLLISION,REAR_COLLISION,8,2241.52,3,0,4,0,1.0,False,0,STANDARD
AUTO_COLLISION,PARKING_DAMAGE,9,1679.6,5,0,3,0,1.0,False,1,INVESTIGATION
AUTO_COLLISION,PARKING_DAMAGE,8,1441.72,1,0,6,0,1.0,False,0,STANDARD
AUTO_COLLISION,PARKING_DAMAGE,2,324.54,2,0,6,1,0.8333333333333334,False,1,INVESTIGATION
AUTO_COLLISION,REAR_COLLISION,6,756.62,4,0,5,0,1.0,False,1,STANDARD
AUTO_COLLISION,SIDE_COLLISION,7,1293.68,1,1,4,0,1.0,False,0,FAST_TRACK
AUTO_COLLISION,FRONT_COLLISION,6,6315.56,5,0,6,0,1.0,True,0,EXPERT_REVIEW
AUTO_COLLISION,FRONT_COLLISION,5,2717.38,1,0,5,0,1.0,False,0,STANDARD
AUTO_COLLISION,FRONT_COLLISION,7,2817.29,3,0,5,1,0.8,False,0,FAST_TRACK
AUTO_COLLISION,FRONT_COLLISION,4,3360.83,4,0,3,0,1.0,False,1,EXPERT_REVIEW
AUTO_COLLISION,PARKING_DAMAGE,3,730.13,3,2,4,0,1.0,False,0,INVESTIGATION
AUTO_COLLISION,SIDE_COLLISION,9,964.23,2,0,5,0,1.0,False,0,FAST_TRACK
AUTO_COLLISION,SIDE_COLLISION,3,747.32,1,0,5,1,0.8,False,0,EXPERT_REVIEW
AUTO_COLLISION,SIDE_COLLISION,6,3136.55,4,0,3,0,1.0,False,1,STANDARD
AUTO_COLLISION,PARKING_DAMAGE,6,2153.15,1,1,4,0,1.0,False,0,INVESTIGATION
AUTO_COLLISION,FRONT_COLLISION,5,10029.15,6,0,6,0,1.0,False,1,STANDARD
AUTO_COLLISION,SIDE_COLLISION,3,11394.72,2,0,6,1,0.8333333333333334,False,0,STANDARD
AUTO_COLLISION,REAR_COLLISION,3,1486.05,3,0,5,0,1.0,False,1,EXPERT_REVIEW
AUTO_COLLISION,PARKING_DAMAGE,2,778.21,4,0,3,0,1.0,False,0,STANDARD
AUTO_COLLISION,FRONT_COLLISION,6,1518.93,3,2,3,0,1.0,True,1,INVESTIGATION
AUTO_COLLISION,SIDE_COLLISION,3,1258.02,2,1,6,0,1.0,False,0,EXPERT_REVIEW
AUTO_COLLISION,PARKING_DAMAGE,3,5452.56,5,0,5,0,1.0,False,0,STANDARD
AUTO_COLLISION,REAR_COLLISION,2,1866.52,1,1,5,1,0.8,False,1,EXPERT_REVIEW
AUTO_COLLISION,FRONT_COLLISION,7,3910.14,2,0,4,2,0.5,False,1,STANDARD
AUTO_COLLISION,FRONT_COLLISION,5,1281.07,2,0,6,1,0.8333333333333334,True,0,EXPERT_REVIEW
AUTO_COLLISION,REAR_COLLISION,8,2395.47,3,0,5,1,0.8,False,0,STANDARD
AUTO_COLLISION,REAR_COLLISION,13,458.0,2,1,5,2,0.6,False,3,INVESTIGATION
AUTO_COLLISION,FRONT_COLLISION,5,2015.22,4,0,3,0,1.0,False,0,FAST_TRACK
AUTO_COLLISION,PARKING_DAMAGE,6,1444.2,1,0,5,0,1.0,False,0,FAST_TRACK
AUTO_COLLISION,SIDE_COLLISION,12,1200.94,1,0,5,2,0.6,True,0,EXPERT_REVIEW
AUTO_COLLISION,FRONT_COLLISION,2,4383.26,5,0,3,0,1.0,True,0,EXPERT_REVIEW
AUTO_COLLISION,PARKING_DAMAGE,8,441.55,5,0,4,1,0.75,False,0,STANDARD
AUTO_COLLISION,SIDE_COLLISION,2,5709.13,5,2,6,1,0.8333333333333334,False,1,STANDARD
AUTO_COLLISION,FRONT_COLLISION,8,1943.47,4,1,6,3,0.5,False,1,INVESTIGATION
AUTO_COLLISION,REAR_COLLISION,9,1746.5,1,0,6,1,0.8333333333333334,False,2,INVESTIGATION
AUTO_COLLISION,SIDE_COLLISION,8,5177.63,3,2,5,1,0.8,False,1,INVESTIGATION
AUTO_COLLISION,SIDE_COLLISION,6,4294.33,2,0,5,0,1.0,True,0,EXPERT_REVIEW
AUTO_COLLISION,PARKING_DAMAGE,6,3073.15,2,0,3,0,1.0,False,0,FAST_TRACK
AUTO_COLLISION,REAR_COLLISION,6,758.38,3,0,5,1,0.8,False,1,FAST_TRACK
AUTO_COLLISION,SIDE_COLLISION,4,2890.52,3,0,4,1,0.75,False,0,STANDARD
AUTO_COLLISION,PARKING_DAMAGE,6,918.36,1,0,3,0,1.0,False,0,STANDARD
AUTO_COLLISION,PARKING_DAMAGE,9,1111.37,3,0,5,0,1.0,False,0,STANDARD
AUTO_COLLISION,REAR_COLLISION,3,1805.48,1,1,4,0,1.0,False,1,STANDARD
AUTO_COLLISION,REAR_COLLISION,8,294.47,1,0,3,1,0.6666666666666666,False,0,STANDARD
AUTO_COLLISION,REAR_COLLISION,5,1332.31,1,1,6,0,1.0,False,0,STANDARD
AUTO_COLLISION,SIDE_COLLISION,7,2164.05,6,0,5,1,0.8,False,0,EXPERT_REVIEW
AUTO_COLLISION,FRONT_COLLISION,4,1467.11,4,0,5,1,0.8,False,1,STANDARD
AUTO_COLLISION,FRONT_COLLISION,6,2369.65,2,0,6,0,1.0,False,0,STANDARD
AUTO_COLLISION,FRONT_COLLISION,3,2075.35,1,0,5,0,1.0,True,1,EXPERT_REVIEW
AUTO_COLLISION,SIDE_COLLISION,7,2257.29,3,0,6,1,0.8333333333333334,False,2,INVESTIGATION
AUTO_COLLISION,FRONT_COLLISION,10,2172.99,2,0,5,0,1.0,False,0,STANDARD
AUTO_COLLISION,FRONT_COLLISION,9,1863.02,3,0,4,1,0.75,False,0,EXPERT_REVIEW
AUTO_COLLISION,REAR_COLLISION,7,5560.55,4,1,4,0,1.0,False,1,EXPERT_REVIEW
AUTO_COLLISION,REAR_COLLISION,6,9401.02,2,1,5,1,0.8,False,3,INVESTIGATION
AUTO_COLLISION,FRONT_COLLISION,9,2115.72,5,0,4,0,1.0,False,0,FAST_TRACK
AUTO_COLLISION,FRONT_COLLISION,4,8899.55,3,0,3,1,0.6666666666666666,False,0,STANDARD
AUTO_COLLISION,SIDE_COLLISION,4,1929.81,5,0,6,0,1.0,False,0,STANDARD
AUTO_COLLISION,REAR_COLLISION,3,2887.33,5,0,3,0,1.0,True,1,INVESTIGATION
AUTO_COLLISION,FRONT_COLLISION,8,1108.37,2,0,4,1,0.75,False,1,INVESTIGATION
AUTO_COLLISION,REAR_COLLISION,6,980.56,2,1,3,0,1.0,False,0,EXPERT_REVIEW
AUTO_COLLISION,FRONT_COLLISION,4,4324.68,1,0,5,0,1.0,False,0,EXPERT_REVIEW
AUTO_COLLISION,FRONT_COLLISION,8,4653.49,2,0,6,1,0.8333333333333334,True,0,EXPERT_REVIEW
AUTO_COLLISION,PARKING_DAMAGE,9,2209.02,1,0,4,0,1.0,False,0,STANDARD
AUTO_COLLISION,REAR_COLLISION,7,4831.06,3,0,5,2,0.6,False,1,STANDARD
AUTO_COLLISION,REAR_COLLISION,7,1593.67,1,1,3,1,0.6666666666666666,False,2,INVESTIGATION
AUTO_COLLISION,PARKING_DAMAGE,6,240.08,1,0,5,0,1.0,False,0,STANDARD
AUTO_COLLISION,PARKING_DAMAGE,5,519.31,1,0,4,0,1.0,False,1,STANDARD
AUTO_COLLISION,REAR_COLLISION,8,2019.19,6,0,6,0,1.0,False,0,EXPERT_REVIEW
AUTO_COLLISION,FRONT_COLLISION,9,812.3,1,0,5,2,0.6,True,2,EXPERT_REVIEW
AUTO_COLLISION,REAR_COLLISION,4,1247.01,1,0,3,1,0.6666666666666666,False,0,STANDARD
AUTO_COLLISION,SIDE_COLLISION,7,4511.81,2,0,6,1,0.8333333333333334,False,0,EXPERT_REVIEW
AUTO_COLLISION,REAR_COLLISION,5,1632.5,1,0,6,1,0.8333333333333334,False,0,FAST_TRACK
AUTO_COLLISION,SIDE_COLLISION,9,3432.9,5,0,4,1,0.75,False,0,FAST_TRACK
AUTO_COLLISION,FRONT_COLLISION,7,3637.81,3,3,3,0,1.0,False,0,INVESTIGATION
AUTO_COLLISION,REAR_COLLISION,6,5035.76,3,0,6,1,0.8333333333333334,False,2,EXPERT_REVIEW
AUTO_COLLISION,FRONT_COLLISION,5,5244.24,2,0,3,0,1.0,True,0,EXPERT_REVIEW
AUTO_COLLISION,FRONT_COLLISION,4,972.78,1,1,6,1,0.8333333333333334,False,1,STANDARD
AUTO_COLLISION,FRONT_COLLISION,2,3282.22,4,1,4,0,1.0,False,0,STANDARD
AUTO_COLLISION,FRONT_COLLISION,8,1600.81,2,0,3,0,1.0,False,0,FAST_TRACK
AUTO_COLLISION,REAR_COLLISION,8,2051.98,1,0,3,0,1.0,True,0,EXPERT_REVIEW
AUTO_COLLISION,FRONT_COLLISION,3,3561.87,3,0,5,0,1.0,False,0,FAST_TRACK
AUTO_COLLISION,FRONT_COLLISION,3,3042.45,4,0,4,0,1.0,True,1,EXPERT_REVIEW
AUTO_COLLISION,FRONT_COLLISION,3,906.08,3,0,6,1,0.8333333333333334,False,1,STANDARD
AUTO_COLLISION,FRONT_COLLISION,10,2031.41,2,2,5,0,1.0,False,0,STANDARD
AUTO_COLLISION,REAR_COLLISION,8,2245.91,2,0,6,1,0.8333333333333334,False,2,STANDARD
AUTO_COLLISION,SIDE_COLLISION,5,8190.25,5,0,4,0,1.0,False,0,STANDARD
AUTO_COLLISION,SIDE_COLLISION,6,4375.75,1,1,5,1,0.8,False,0,INVESTIGATION
AUTO_COLLISION,FRONT_COLLISION,5,1172.27,2,0,5,0,1.0,False,1,FAST_TRACK
AUTO_COLLISION,REAR_COLLISION,9,1019.74,2,0,3,0,1.0,False,0,INVESTIGATION
AUTO_COLLISION,PARKING_DAMAGE,6,5196.14,2,1,5,0,1.0,False,1,STANDARD
AUTO_COLLISION,FRONT_COLLISION,3,5002.49,2,0,3,0,1.0,True,0,EXPERT_REVIEW
AUTO_COLLISION,PARKING_DAMAGE,5,712.42,2,0,6,0,1.0,False,0,FAST_TRACK
AUTO_COLLISION,SIDE_COLLISION,8,4849.11,1,0,3,1,0.6666666666666666,False,1,INVESTIGATION
AUTO_COLLISION,SIDE_COLLISION,2,2281.82,1,0,4,0,1.0,False,0,FAST_TRACK
AUTO_COLLISION,REAR_COLLISION,6,1703.56,2,0,6,0,1.0,False,0,FAST_TRACK
AUTO_COLLISION,FRONT_COLLISION,0,2171.68,1,0,6,0,1.0,False,0,STANDARD
AUTO_COLLISION,REAR_COLLISION,3,4048.95,1,0,5,0,1.0,False,0,FAST_TRACK
AUTO_COLLISION,REAR_COLLISION,14,4206.1,4,0,3,0,1.0,False,0,STANDARD
AUTO_COLLISION,FRONT_COLLISION,7,2242.88,2,0,3,1,0.6666666666666666,False,0,FAST_TRACK
AUTO_COLLISION,REAR_COLLISION,4,1321.51,2,0,6,0,1.0,False,0,FAST_TRACK
AUTO_COLLISION,REAR_COLLISION,10,2208.66,1,1,3,0,1.0,True,3,EXPERT_REVIEW
AUTO_COLLISION,FRONT_COLLISION,8,3118.43,4,1,4,0,1.0,False,1,EXPERT_REVIEW
AUTO_COLLISION,FRONT_COLLISION,8,1174.96,2,0,4,0,1.0,False,0,STANDARD
AUTO_COLLISION,PARKING_DAMAGE,8,1366.19,5,1,3,1,0.6666666666666666,False,1,INVESTIGATION
AUTO_COLLISION,REAR_COLLISION,6,1210.67,5,0,5,0,1.0,False,0,STANDARD
AUTO_COLLISION,FRONT_COLLISION,5,1925.52,4,1,4,0,1.0,False,1,INVESTIGATION
AUTO_COLLISION,FRONT_COLLISION,9,3555.3,3,0,4,1,0.75,False,0,FAST_TRACK
AUTO_COLLISION,FRONT_COLLISION,2,1511.09,3,0,5,0,1.0,False,0,FAST_TRACK
AUTO_COLLISION,PARKING_DAMAGE,6,2352.77,2,0,5,0,1.0,False,0,FAST_TRACK
AUTO_COLLISION,FRONT_COLLISION,7,3297.42,2,1,4,1,0.75,False,1,EXPERT_REVIEW
AUTO_COLLISION,PARKING_DAMAGE,10,2690.52,1,0,3,0,1.0,False,1,EXPERT_REVIEW
AUTO_COLLISION,SIDE_COLLISION,7,2602.41,1,0,4,0,1.0,False,0,FAST_TRACK
AUTO_COLLISION,FRONT_COLLISION,3,7152.49,1,0,4,1,0.75,True,1,STANDARD
AUTO_COLLISION,FRONT_COLLISION,2,3049.2,6,0,5,0,1.0,False,0,EXPERT_REVIEW
AUTO_COLLISION,FRONT_COLLISION,7,4860.29,4,1,5,1,0.8,False,0,EXPERT_REVIEW
AUTO_COLLISION,PARKING_DAMAGE,7,832.72,3,0,5,0,1.0,False,1,STANDARD
AUTO_COLLISION,FRONT_COLLISION,3,4551.69,6,0,6,2,0.6666666666666666,False,3,INVESTIGATION
AUTO_COLLISION,FRONT_COLLISION,6,6080.05,4,0,4,0,1.0,False,0,STANDARD
AUTO_COLLISION,FRONT_COLLISION,3,3748.57,2,0,5,2,0.6,False,0,EXPERT_REVIEW
AUTO_COLLISION,FRONT_COLLISION,2,3098.42,3,0,4,0,1.0,False,0,INVESTIGATION
AUTO_COLLISION,PARKING_DAMAGE,3,685.76,2,0,4,1,0.75,False,0,STANDARD
AUTO_COLLISION,SIDE_COLLISION,3,4781.19,1,0,5,1,0.8,False,1,STANDARD
AUTO_COLLISION,FRONT_COLLISION,4,3208.7,2,0,5,1,0.8,False,3,INVESTIGATION
AUTO_COLLISION,FRONT_COLLISION,4,4254.2,3,0,6,0,1.0,False,0,FAST_TRACK
AUTO_COLLISION,REAR_COLLISION,11,6269.63,3,1,4,0,1.0,False,0,STANDARD
AUTO_COLLISION,FRONT_COLLISION,1,2013.29,3,0,4,0,1.0,False,0,STANDARD
AUTO_COLLISION,REAR_COLLISION,5,4732.95,3,1,5,1,0.8,False,0,STANDARD
AUTO_COLLISION,PARKING_DAMAGE,3,652.16,1,0,6,1,0.8333333333333334,True,1,STANDARD
AUTO_COLLISION,FRONT_COLLISION,6,2010.55,1,0,5,0,1.0,False,0,EXPERT_REVIEW
AUTO_COLLISION,FRONT_COLLISION,7,2041.28,1,0,3,0,1.0,False,0,FAST_TRACK
AUTO_COLLISION,SIDE_COLLISION,6,3734.2,3,0,4,0,1.0,True,0,STANDARD
AUTO_COLLISION,FRONT_COLLISION,4,1751.54,2,0,4,0,1.0,False,1,STANDARD
AUTO_COLLISION,REAR_COLLISION,4,2817.85,2,0,6,0,1.0,False,0,INVESTIGATION
AUTO_COLLISION,REAR_COLLISION,4,1360.99,2,0,3,0,1.0,False,0,FAST_TRACK
AUTO_COLLISION,REAR_COLLISION,4,2097.5,2,2,6,0,1.0,False,0,STANDARD
AUTO_COLLISION,SIDE_COLLISION,6,908.21,1,0,6,1,0.8333333333333334,False,0,FAST_TRACK
AUTO_COLLISION,REAR_COLLISION,7,1790.05,4,1,4,1,0.75,True,0,EXPERT_REVIEW
AUTO_COLLISION,PARKING_DAMAGE,10,674.81,2,0,5,0,1.0,False,1,STANDARD
AUTO_COLLISION,FRONT_COLLISION,5,2245.8,1,0,4,0,1.0,False,0,STANDARD
AUTO_COLLISION,PARKING_DAMAGE,7,436.13,1,0,6,0,1.0,False,0,STANDARD
AUTO_COLLISION,SIDE_COLLISION,4,3435.42,5,0,4,0,1.0,True,1,EXPERT_REVIEW
AUTO_COLLISION,FRONT_COLLISION,6,10688.57,7,0,5,1,0.8,True,2,EXPERT_REVIEW
AUTO_COLLISION,FRONT_COLLISION,3,2447.58,4,0,6,2,0.6666666666666666,False,1,EXPERT_REVIEW
AUTO_COLLISION,REAR_COLLISION,7,2042.11,1,0,5,0,1.0,False,1,FAST_TRACK
AUTO_COLLISION,SIDE_COLLISION,5,1907.97,1,0,5,1,0.8,False,1,EXPERT_REVIEW
AUTO_COLLISION,FRONT_COLLISION,7,3469.25,4,0,6,0,1.0,False,1,EXPERT_REVIEW
AUTO_COLLISION,FRONT_COLLISION,12,2162.08,2,0,3,0,1.0,False,0,EXPERT_REVIEW
AUTO_COLLISION,PARKING_DAMAGE,6,901.23,1,0,4,0,1.0,False,0,STANDARD
AUTO_COLLISION,SIDE_COLLISION,6,2056.16,4,1,5,1,0.8,False,0,STANDARD
AUTO_COLLISION,FRONT_COLLISION,7,667.45,4,0,4,2,0.5,False,0,EXPERT_REVIEW
AUTO_COLLISION,SIDE_COLLISION,8,1633.06,2,0,3,0,1.0,False,0,STANDARD
AUTO_COLLISION,PARKING_DAMAGE,5,2399.04,4,0,5,0,1.0,False,0,EXPERT_REVIEW
AUTO_COLLISION,FRONT_COLLISION,6,610.2,3,0,5,1,0.8,False,0,INVESTIGATION
AUTO_COLLISION,FRONT_COLLISION,8,1191.39,3,0,4,0,1.0,False,0,STANDARD
AUTO_COLLISION,PARKING_DAMAGE,5,404.65,1,0,6,1,0.8333333333333334,True,0,STANDARD
AUTO_COLLISION,FRONT_COLLISION,5,1277.93,2,0,4,0,1.0,False,0,STANDARD
AUTO_COLLISION,REAR_COLLISION,5,709.88,1,2,4,1,0.75,False,2,EXPERT_REVIEW
AUTO_COLLISION,FRONT_COLLISION,4,2518.02,2,0,4,1,0.75,False,0,STANDARD
AUTO_COLLISION,SIDE_COLLISION,6,1810.82,2,0,4,0,1.0,False,0,STANDARD
AUTO_COLLISION,SIDE_COLLISION,10,4915.01,3,0,4,0,1.0,False,0,STANDARD
AUTO_COLLISION,FRONT_COLLISION,5,2647.91,2,0,5,0,1.0,False,0,EXPERT_REVIEW
AUTO_COLLISION,REAR_COLLISION,5,4028.58,2,0,6,0,1.0,False,0,FAST_TRACK
AUTO_COLLISION,PARKING_DAMAGE,4,1883.26,2,0,6,0,1.0,False,0,FAST_TRACK
AUTO_COLLISION,REAR_COLLISION,11,947.93,3,0,5,1,0.8,False,0,STANDARD
AUTO_COLLISION,SIDE_COLLISION,5,7034.56,3,0,6,1,0.8333333333333334,False,0,STANDARD
AUTO_COLLISION,PARKING_DAMAGE,7,336.41,1,0,5,1,0.8,True,2,EXPERT_REVIEW
AUTO_COLLISION,SIDE_COLLISION,6,2602.0,4,0,3,1,0.6666666666666666,True,0,EXPERT_REVIEW
AUTO_COLLISION,FRONT_COLLISION,3,487.85,1,2,6,0,1.0,False,2,EXPERT_REVIEW
AUTO_COLLISION,FRONT_COLLISION,9,3336.05,2,0,6,1,0.8333333333333334,False,1,STANDARD
AUTO_COLLISION,SIDE_COLLISION,8,538.35,2,1,5,1,0.8,False,0,EXPERT_REVIEW
AUTO_COLLISION,REAR_COLLISION,6,7714.96,7,0,5,0,1.0,False,0,STANDARD
AUTO_COLLISION,REAR_COLLISION,8,2214.19,1,0,3,1,0.6666666666666666,False,1,INVESTIGATION
AUTO_COLLISION,FRONT_COLLISION,9,1461.85,1,1,5,0,1.0,False,0,STANDARD
AUTO_COLLISION,SIDE_COLLISION,3,3006.66,3,1,5,0,1.0,False,0,EXPERT_REVIEW
AUTO_COLLISION,SIDE_COLLISION,3,5231.13,2,0,4,0,1.0,True,0,EXPERT_REVIEW
AUTO_COLLISION,FRONT_COLLISION,5,1946.25,3,0,3,0,1.0,False,0,STANDARD
AUTO_COLLISION,FRONT_COLLISION,5,5009.89,4,0,4,0,1.0,True,0,EXPERT_REVIEW
AUTO_COLLISION,FRONT_COLLISION,9,1892.61,5,0,6,0,1.0,False,0,STANDARD
AUTO_COLLISION,SIDE_COLLISION,4,2986.1,3,0,4,0,1.0,False,0,STANDARD
AUTO_COLLISION,FRONT_COLLISION,6,3235.8,3,0,4,0,1.0,False,0,STANDARD
AUTO_COLLISION,SIDE_COLLISION,10,7984.59,1,0,6,0,1.0,False,0,EXPERT_REVIEW
AUTO_COLLISION,FRONT_COLLISION,6,1357.47,2,0,4,1,0.75,False,2,INVESTIGATION
AUTO_COLLISION,SIDE_COLLISION,1,1730.02,1,0,4,0,1.0,False,0,FAST_TRACK
AUTO_COLLISION,SIDE_COLLISION,5,1975.04,2,1,4,0,1.0,False,1,EXPERT_REVIEW
AUTO_COLLISION,FRONT_COLLISION,4,3844.46,5,2,3,2,0.3333333333333333,False,2,INVESTIGATION
AUTO_COLLISION,FRONT_COLLISION,7,5521.39,1,0,3,0,1.0,False,0,STANDARD
AUTO_COLLISION,REAR_COLLISION,6,3172.52,5,1,3,1,0.6666666666666666,False,0,STANDARD
AUTO_COLLISION,REAR_COLLISION,6,1439.18,2,0,6,2,0.6666666666666666,True,3,EXPERT_REVIEW
AUTO_COLLISION,SIDE_COLLISION,4,597.84,2,0,5,0,1.0,False,1,STANDARD
AUTO_COLLISION,PARKING_DAMAGE,7,1000.13,2,1,3,0,1.0,False,1,FAST_TRACK
AUTO_COLLISION,SIDE_COLLISION,8,1651.87,2,0,3,1,0.6666666666666666,False,1,STANDARD
AUTO_COLLISION,SIDE_COLLISION,10,2287.07,3,1,6,3,0.5,False,0,EXPERT_REVIEW
AUTO_COLLISION,SIDE_COLLISION,11,16539.44,4,1,4,0,1.0,False,2,INVESTIGATION
AUTO_COLLISION,FRONT_COLLISION,7,1405.45,1,0,5,0,1.0,False,1,INVESTIGATION
AUTO_COLLISION,SIDE_COLLISION,5,3664.77,2,0,6,0,1.0,False,0,EXPERT_REVIEW
AUTO_COLLISION,REAR_COLLISION,8,3275.08,3,0,6,0,1.0,False,0,EXPERT_REVIEW
AUTO_COLLISION,FRONT_COLLISION,4,1757.43,1,0,3,0,1.0,False,0,STANDARD
AUTO_COLLISION,REAR_COLLISION,8,3049.13,2,0,3,0,1.0,False,0,FAST_TRACK
AUTO_COLLISION,FRONT_COLLISION,1,4278.38,2,1,3,0,1.0,False,1,EXPERT_REVIEW
AUTO_COLLISION,REAR_COLLISION,4,6548.19,2,0,5,1,0.8,False,2,FAST_TRACK
AUTO_COLLISION,PARKING_DAMAGE,3,2804.54,3,0,6,0,1.0,False,0,STANDARD
AUTO_COLLISION,SIDE_COLLISION,4,3756.23,5,1,6,1,0.8333333333333334,False,1,STANDARD
AUTO_COLLISION,REAR_COLLISION,5,1714.81,2,0,6,0,1.0,False,1,FAST_TRACK
AUTO_COLLISION,SIDE_COLLISION,7,1135.71,1,0,6,1,0.8333333333333334,False,0,INVESTIGATION
AUTO_COLLISION,REAR_COLLISION,8,3575.13,2,1,5,1,0.8,False,1,EXPERT_REVIEW
AUTO_COLLISION,REAR_COLLISION,1,4536.38,3,0,6,0,1.0,False,0,STANDARD
AUTO_COLLISION,PARKING_DAMAGE,5,581.69,1,0,3,0,1.0,True,0,EXPERT_REVIEW
AUTO_COLLISION,SIDE_COLLISION,9,1602.12,2,0,5,0,1.0,False,0,STANDARD
AUTO_COLLISION,FRONT_COLLISION,8,2554.29,1,0,4,0,1.0,False,1,FAST_TRACK
AUTO_COLLISION,SIDE_COLLISION,3,4714.25,3,0,4,0,1.0,True,0,EXPERT_REVIEW
AUTO_COLLISION,SIDE_COLLISION,6,993.94,2,0,6,1,0.8333333333333334,False,0,EXPERT_REVIEW
AUTO_COLLISION,FRONT_COLLISION,7,5947.59,1,1,6,0,1.0,False,0,EXPERT_REVIEW
AUTO_COLLISION,PARKING_DAMAGE,6,404.41,3,0,3,0,1.0,False,0,STANDARD
AUTO_COLLISION,FRONT_COLLISION,2,3324.4,1,0,6,1,0.8333333333333334,False,0,EXPERT_REVIEW
AUTO_COLLISION,FRONT_COLLISION,9,5741.49,5,0,4,1,0.75,True,1,EXPERT_REVIEW
AUTO_COLLISION,REAR_COLLISION,13,2520.21,1,0,5,1,0.8,False,0,FAST_TRACK
AUTO_COLLISION,FRONT_COLLISION,4,2218.8,2,0,3,1,0.6666666666666666,False,1,STANDARD
AUTO_COLLISION,FRONT_COLLISION,5,799.27,1,0,3,0,1.0,False,0,STANDARD
AUTO_COLLISION,REAR_COLLISION,4,1198.14,3,0,5,0,1.0,False,0,STANDARD
AUTO_COLLISION,REAR_COLLISION,5,1097.94,2,0,3,0,1.0,False,1,STANDARD
AUTO_COLLISION,REAR_COLLISION,10,2523.67,1,0,4,1,0.75,False,1,FAST_TRACK
AUTO_COLLISION,FRONT_COLLISION,6,3975.0,4,0,5,0,1.0,False,0,FAST_TRACK
AUTO_COLLISION,SIDE_COLLISION,5,1699.23,3,0,4,0,1.0,False,1,EXPERT_REVIEW
AUTO_COLLISION,FRONT_COLLISION,6,3499.53,3,0,4,1,0.75,False,0,EXPERT_REVIEW
AUTO_COLLISION,SIDE_COLLISION,5,6275.95,5,0,4,0,1.0,False,0,STANDARD
AUTO_COLLISION,FRONT_COLLISION,6,6297.31,5,1,5,0,1.0,False,2,INVESTIGATION
AUTO_COLLISION,PARKING_DAMAGE,11,629.69,2,0,4,0,1.0,False,0,FAST_TRACK
AUTO_COLLISION,REAR_COLLISION,3,3478.08,1,0,5,0,1.0,False,0,STANDARD
AUTO_COLLISION,SIDE_COLLISION,4,5416.57,4,1,5,0,1.0,False,0,EXPERT_REVIEW
AUTO_COLLISION,SIDE_COLLISION,5,4151.43,1,0,6,0,1.0,False,1,EXPERT_REVIEW
AUTO_COLLISION,FRONT_COLLISION,4,4428.41,3,0,3,1,0.6666666666666666,False,0,EXPERT_REVIEW
AUTO_COLLISION,REAR_COLLISION,6,9951.36,3,1,6,0,1.0,True,0,EXPERT_REVIEW
AUTO_COLLISION,SIDE_COLLISION,7,1274.37,1,0,3,0,1.0,False,0,STANDARD
AUTO_COLLISION,REAR_COLLISION,2,935.2,1,1,3,1,0.6666666666666666,False,2,STANDARD
AUTO_COLLISION,PARKING_DAMAGE,5,385.49,2,0,4,0,1.0,False,0,STANDARD
AUTO_COLLISION,SIDE_COLLISION,3,3528.34,2,0,4,0,1.0,False,1,STANDARD
AUTO_COLLISION,REAR_COLLISION,12,1817.28,3,0,6,0,1.0,False,0,INVESTIGATION
AUTO_COLLISION,FRONT_COLLISION,7,2953.08,2,1,5,0,1.0,False,0,STANDARD
AUTO_COLLISION,REAR_COLLISION,7,1957.1,2,0,5,1,0.8,False,0,FAST_TRACK
AUTO_COLLISION,FRONT_COLLISION,7,3464.38,1,0,3,0,1.0,False,0,STANDARD
AUTO_COLLISION,REAR_COLLISION,9,7004.82,2,1,6,1,0.8333333333333334,True,1,EXPERT_REVIEW
AUTO_COLLISION,PARKING_DAMAGE,9,1172.02,2,0,6,1,0.8333333333333334,False,2,INVESTIGATION
AUTO_COLLISION,REAR_COLLISION,5,2174.82,1,1,6,0,1.0,False,0,FAST_TRACK
AUTO_COLLISION,PARKING_DAMAGE,10,523.84,2,0,6,0,1.0,False,0,STANDARD
AUTO_COLLISION,PARKING_DAMAGE,5,2394.4,1,1,4,0,1.0,False,2,INVESTIGATION
AUTO_COLLISION,PARKING_DAMAGE,7,1689.11,3,0,5,0,1.0,False,3,EXPERT_REVIEW
AUTO_COLLISION,FRONT_COLLISION,5,2795.03,4,1,6,0,1.0,True,1,EXPERT_REVIEW
AUTO_COLLISION,FRONT_COLLISION,2,711.15,3,0,5,0,1.0,False,2,STANDARD
AUTO_COLLISION,FRONT_COLLISION,5,696.95,2,0,6,0,1.0,True,1,EXPERT_REVIEW
AUTO_COLLISION,REAR_COLLISION,5,1725.69,3,0,5,2,0.6,False,0,FAST_TRACK
AUTO_COLLISION,FRONT_COLLISION,10,2117.95,3,0,3,1,0.6666666666666666,False,0,EXPERT_REVIEW
AUTO_COLLISION,REAR_COLLISION,7,962.35,2,0,3,0,1.0,False,0,STANDARD
AUTO_COLLISION,SIDE_COLLISION,9,1908.13,3,0,5,1,0.8,False,1,INVESTIGATION
AUTO_COLLISION,FRONT_COLLISION,8,815.54,2,0,3,0,1.0,False,0,FAST_TRACK
AUTO_COLLISION,PARKING_DAMAGE,8,5495.05,2,0,3,0,1.0,False,0,STANDARD
AUTO_COLLISION,PARKING_DAMAGE,6,1568.93,1,0,4,1,0.75,False,2,INVESTIGATION
AUTO_COLLISION,REAR_COLLISION,5,6177.24,2,0,4,0,1.0,False,0,FAST_TRACK
AUTO_COLLISION,SIDE_COLLISION,7,3199.76,4,0,6,0,1.0,False,0,EXPERT_REVIEW
AUTO_COLLISION,PARKING_DAMAGE,3,1062.25,3,0,6,1,0.8333333333333334,True,3,INVESTIGATION
AUTO_COLLISION,FRONT_COLLISION,2,925.54,2,0,6,0,1.0,False,0,STANDARD
AUTO_COLLISION,REAR_COLLISION,9,3470.66,2,2,3,1,0.6666666666666666,False,1,INVESTIGATION
AUTO_COLLISION,SIDE_COLLISION,9,6212.9,2,0,3,0,1.0,False,0,STANDARD
AUTO_COLLISION,REAR_COLLISION,11,1574.78,2,0,6,1,0.8333333333333334,False,0,STANDARD
AUTO_COLLISION,REAR_COLLISION,5,1676.51,2,0,6,0,1.0,False,0,INVESTIGATION
AUTO_COLLISION,SIDE_COLLISION,4,2113.14,1,0,4,0,1.0,True,0,FAST_TRACK
AUTO_COLLISION,REAR_COLLISION,9,1982.02,2,1,6,0,1.0,False,0,STANDARD
AUTO_COLLISION,REAR_COLLISION,4,1911.17,2,0,6,0,1.0,False,0,EXPERT_REVIEW
AUTO_COLLISION,REAR_COLLISION,5,1613.95,1,0,6,0,1.0,False,0,STANDARD
AUTO_COLLISION,REAR_COLLISION,6,3886.62,2,1,4,0,1.0,False,2,INVESTIGATION
AUTO_COLLISION,FRONT_COLLISION,1,6833.83,7,0,3,0,1.0,True,0,EXPERT_REVIEW
AUTO_COLLISION,SIDE_COLLISION,10,3676.41,1,0,3,1,0.6666666666666666,False,0,EXPERT_REVIEW
AUTO_COLLISION,SIDE_COLLISION,5,2588.21,1,0,6,0,1.0,False,0,FAST_TRACK
AUTO_COLLISION,SIDE_COLLISION,11,6491.19,4,0,6,1,0.8333333333333334,True,1,EXPERT_REVIEW
AUTO_COLLISION,REAR_COLLISION,9,1598.44,2,0,3,1,0.6666666666666666,False,0,EXPERT_REVIEW
AUTO_COLLISION,PARKING_DAMAGE,7,2712.71,3,0,4,0,1.0,False,0,STANDARD
AUTO_COLLISION,PARKING_DAMAGE,7,691.57,1,2,3,0,1.0,False,3,INVESTIGATION
AUTO_COLLISION,FRONT_COLLISION,4,4204.81,2,1,4,0,1.0,False,1,EXPERT_REVIEW
AUTO_COLLISION,SIDE_COLLISION,4,6306.91,2,1,5,0,1.0,False,3,EXPERT_REVIEW
AUTO_COLLISION,SIDE_COLLISION,11,3116.2,1,1,5,0,1.0,False,2,INVESTIGATION
AUTO_COLLISION,FRONT_COLLISION,5,2745.05,2,1,6,0,1.0,False,0,INVESTIGATION
AUTO_COLLISION,FRONT_COLLISION,5,2585.59,3,0,4,1,0.75,False,0,STANDARD
AUTO_COLLISION,REAR_COLLISION,6,511.41,1,0,3,0,1.0,False,0,STANDARD
AUTO_COLLISION,SIDE_COLLISION,6,2496.94,3,0,5,0,1.0,False,0,EXPERT_REVIEW
AUTO_COLLISION,FRONT_COLLISION,8,3359.98,2,0,3,1,0.6666666666666666,False,1,STANDARD
AUTO_COLLISION,SIDE_COLLISION,2,9877.69,2,0,6,0,1.0,False,0,EXPERT_REVIEW
AUTO_COLLISION,FRONT_COLLISION,3,2483.31,1,1,5,1,0.8,False,2,EXPERT_REVIEW
AUTO_COLLISION,FRONT_COLLISION,5,981.88,4,0,6,0,1.0,False,0,STANDARD
AUTO_COLLISION,FRONT_COLLISION,10,2155.36,2,0,3,1,0.6666666666666666,False,1,STANDARD
AUTO_COLLISION,REAR_COLLISION,7,2313.92,1,0,5,1,0.8,False,0,FAST_TRACK
AUTO_COLLISION,SIDE_COLLISION,5,2562.58,2,0,3,0,1.0,True,0,EXPERT_REVIEW
AUTO_COLLISION,REAR_COLLISION,5,2457.58,2,0,4,0,1.0,False,0,STANDARD
AUTO_COLLISION,FRONT_COLLISION,4,3291.79,1,0,3,1,0.6666666666666666,True,0,STANDARD
AUTO_COLLISION,FRONT_COLLISION,9,2850.06,2,0,6,0,1.0,False,0,STANDARD
AUTO_COLLISION,FRONT_COLLISION,7,4005.04,2,1,4,1,0.75,False,0,INVESTIGATION
AUTO_COLLISION,REAR_COLLISION,4,748.67,2,0,3,0,1.0,False,0,STANDARD
AUTO_COLLISION,REAR_COLLISION,7,2063.56,1,1,3,1,0.6666666666666666,False,2,INVESTIGATION
AUTO_COLLISION,REAR_COLLISION,8,1390.15,2,0,6,0,1.0,False,0,INVESTIGATION
AUTO_COLLISION,SIDE_COLLISION,7,2260.95,3,0,6,1,0.8333333333333334,False,0,STANDARD
AUTO_COLLISION,FRONT_COLLISION,3,6996.56,3,0,5,0,1.0,False,1,STANDARD
AUTO_COLLISION,REAR_COLLISION,7,2640.75,3,0,4,0,1.0,False,0,STANDARD
AUTO_COLLISION,REAR_COLLISION,6,1111.96,1,0,6,1,0.8333333333333334,False,1,STANDARD
AUTO_COLLISION,SIDE_COLLISION,12,3688.88,3,0,4,1,0.75,False,1,STANDARD
AUTO_COLLISION,REAR_COLLISION,6,1377.11,3,0,5,0,1.0,False,0,STANDARD
AUTO_COLLISION,PARKING_DAMAGE,6,1983.87,2,0,4,0,1.0,True,1,EXPERT_REVIEW
AUTO_COLLISION,FRONT_COLLISION,3,2558.4,2,0,3,0,1.0,False,0,FAST_TRACK
AUTO_COLLISION,REAR_COLLISION,7,2827.72,2,1,5,0,1.0,False,0,EXPERT_REVIEW
AUTO_COLLISION,REAR_COLLISION,12,2141.02,4,1,5,3,0.4,False,2,INVESTIGATION
AUTO_COLLISION,SIDE_COLLISION,3,2812.21,4,0,4,0,1.0,False,0,EXPERT_REVIEW
AUTO_COLLISION,SIDE_COLLISION,8,1030.81,1,0,6,1,0.8333333333333334,False,2,INVESTIGATION
AUTO_COLLISION,REAR_COLLISION,8,3308.67,2,0,4,0,1.0,False,0,EXPERT_REVIEW
AUTO_COLLISION,REAR_COLLISION,2,2162.42,4,0,3,1,0.6666666666666666,False,0,EXPERT_REVIEW
AUTO_COLLISION,REAR_COLLISION,7,9160.8,5,3,4,0,1.0,False,1,INVESTIGATION
AUTO_COLLISION,FRONT_COLLISION,3,5118.79,3,0,5,1,0.8,False,0,STANDARD
AUTO_COLLISION,PARKING_DAMAGE,7,2920.13,3,0,6,1,0.8333333333333334,False,0,STANDARD
AUTO_COLLISION,REAR_COLLISION,2,1620.09,2,0,4,1,0.75,False,0,STANDARD
AUTO_COLLISION,SIDE_COLLISION,2,2619.56,2,0,3,2,0.3333333333333333,True,1,EXPERT_REVIEW
AUTO_COLLISION,FRONT_COLLISION,6,2427.39,4,0,6,1,0.8333333333333334,False,0,STANDARD
AUTO_COLLISION,REAR_COLLISION,4,1078.05,3,0,3,0,1.0,False,0,STANDARD
AUTO_COLLISION,SIDE_COLLISION,2,450.38,3,0,5,1,0.8,False,1,INVESTIGATION
AUTO_COLLISION,SIDE_COLLISION,3,1107.46,1,0,4,0,1.0,False,0,STANDARD
AUTO_COLLISION,FRONT_COLLISION,4,1130.34,1,0,3,1,0.6666666666666666,False,0,INVESTIGATION
AUTO_COLLISION,SIDE_COLLISION,6,3009.45,3,0,5,1,0.8,False,0,STANDARD
AUTO_COLLISION,SIDE_COLLISION,8,1626.44,3,0,4,0,1.0,False,1,STANDARD
AUTO_COLLISION,REAR_COLLISION,7,3904.27,2,1,5,0,1.0,False,0,STANDARD
AUTO_COLLISION,SIDE_COLLISION,10,2630.54,2,0,4,1,0.75,False,0,STANDARD
AUTO_COLLISION,SIDE_COLLISION,4,1449.5,4,1,3,0,1.0,False,0,EXPERT_REVIEW
AUTO_COLLISION,FRONT_COLLISION,10,680.7,1,1,5,0,1.0,False,0,FAST_TRACK
AUTO_COLLISION,FRONT_COLLISION,6,1612.26,3,0,6,2,0.6666666666666666,False,2,INVESTIGATION
AUTO_COLLISION,FRONT_COLLISION,8,2297.56,3,0,5,0,1.0,True,0,EXPERT_REVIEW
AUTO_COLLISION,PARKING_DAMAGE,7,528.5,3,0,5,0,1.0,False,0,STANDARD
AUTO_COLLISION,REAR_COLLISION,9,2256.26,1,1,5,1,0.8,True,1,EXPERT_REVIEW
AUTO_COLLISION,REAR_COLLISION,5,2124.36,4,1,4,0,1.0,False,0,FAST_TRACK
AUTO_COLLISION,PARKING_DAMAGE,2,325.85,2,0,3,0,1.0,False,0,STANDARD
AUTO_COLLISION,SIDE_COLLISION,10,7897.38,2,1,5,2,0.6,True,0,EXPERT_REVIEW
AUTO_COLLISION,PARKING_DAMAGE,6,1154.16,3,0,6,1,0.8333333333333334,True,1,EXPERT_REVIEW
AUTO_COLLISION,REAR_COLLISION,6,2487.78,2,0,4,1,0.75,False,0,EXPERT_REVIEW
AUTO_COLLISION,REAR_COLLISION,10,598.71,1,0,5,1,0.8,False,0,STANDARD
AUTO_COLLISION,FRONT_COLLISION,4,1559.96,2,0,3,0,1.0,True,0,EXPERT_REVIEW
AUTO_COLLISION,SIDE_COLLISION,10,2575.65,3,0,5,0,1.0,False,0,STANDARD
AUTO_COLLISION,SIDE_COLLISION,12,2021.58,3,0,5,1,0.8,False,0,STANDARD
AUTO_COLLISION,FRONT_COLLISION,6,2749.32,2,0,6,0,1.0,False,0,EXPERT_REVIEW
AUTO_COLLISION,FRONT_COLLISION,3,3761.97,1,0,6,0,1.0,False,1,EXPERT_REVIEW
AUTO_COLLISION,SIDE_COLLISION,7,845.63,4,1,6,2,0.6666666666666666,False,2,INVESTIGATION
AUTO_COLLISION,FRONT_COLLISION,6,2465.47,3,0,5,0,1.0,False,0,INVESTIGATION
AUTO_COLLISION,REAR_COLLISION,6,4729.9,1,1,3,1,0.6666666666666666,False,1,STANDARD
AUTO_COLLISION,PARKING_DAMAGE,8,1745.35,6,0,6,0,1.0,False,0,EXPERT_REVIEW
AUTO_COLLISION,PARKING_DAMAGE,7,716.15,4,0,6,1,0.8333333333333334,False,0,STANDARD
AUTO_COLLISION,SIDE_COLLISION,7,3198.38,4,0,3,0,1.0,False,0,EXPERT_REVIEW
AUTO_COLLISION,SIDE_COLLISION,7,3293.92,4,0,6,1,0.8333333333333334,False,1,INVESTIGATION
AUTO_COLLISION,FRONT_COLLISION,7,656.31,1,0,4,0,1.0,False,1,INVESTIGATION
AUTO_COLLISION,FRONT_COLLISION,4,7035.13,3,2,5,0,1.0,True,2,INVESTIGATION
AUTO_COLLISION,FRONT_COLLISION,6,3627.78,1,1,6,1,0.8333333333333334,True,0,EXPERT_REVIEW
AUTO_COLLISION,PARKING_DAMAGE,7,346.41,1,0,5,0,1.0,False,0,FAST_TRACK
AUTO_COLLISION,FRONT_COLLISION,3,5664.33,2,1,6,2,0.6666666666666666,False,1,INVESTIGATION
AUTO_COLLISION,SIDE_COLLISION,8,6226.12,5,0,4,0,1.0,True,0,STANDARD
AUTO_COLLISION,FRONT_COLLISION,5,2641.43,4,0,4,0,1.0,False,1,STANDARD
AUTO_COLLISION,SIDE_COLLISION,4,1932.0,3,0,4,0,1.0,True,0,EXPERT_REVIEW
AUTO_COLLISION,REAR_COLLISION,6,645.34,2,1,5,0,1.0,False,0,FAST_TRACK
AUTO_COLLISION,SIDE_COLLISION,6,2333.6,1,0,3,0,1.0,False,0,STANDARD
AUTO_COLLISION,FRONT_COLLISION,10,1965.31,2,0,3,1,0.6666666666666666,True,1,EXPERT_REVIEW
AUTO_COLLISION,SIDE_COLLISION,10,484.61,3,0,5,0,1.0,False,0,STANDARD
AUTO_COLLISION,REAR_COLLISION,8,3856.49,2,0,3,0,1.0,False,0,STANDARD
AUTO_COLLISION,PARKING_DAMAGE,14,288.54,3,1,4,0,1.0,False,1,STANDARD
AUTO_COLLISION,SIDE_COLLISION,6,5025.49,5,0,6,0,1.0,False,1,EXPERT_REVIEW
AUTO_COLLISION,SIDE_COLLISION,4,1738.21,2,0,3,0,1.0,False,0,STANDARD
AUTO_COLLISION,FRONT_COLLISION,9,7811.82,5,1,3,0,1.0,True,2,EXPERT_REVIEW
AUTO_COLLISION,FRONT_COLLISION,8,953.87,4,1,3,0,1.0,False,1,STANDARD
AUTO_COLLISION,FRONT_COLLISION,5,7375.65,4,1,4,0,1.0,False,0,EXPERT_REVIEW
AUTO_COLLISION,SIDE_COLLISION,7,9672.96,2,0,3,0,1.0,False,1,STANDARD
AUTO_COLLISION,FRONT_COLLISION,6,10677.14,4,0,6,1,0.8333333333333334,False,0,EXPERT_REVIEW
AUTO_COLLISION,REAR_COLLISION,9,650.81,2,1,4,1,0.75,False,0,INVESTIGATION
AUTO_COLLISION,REAR_COLLISION,6,12257.89,5,3,4,1,0.75,False,3,INVESTIGATION
AUTO_COLLISION,REAR_COLLISION,2,6417.22,5,1,5,2,0.6,False,3,INVESTIGATION
AUTO_COLLISION,FRONT_COLLISION,6,2269.17,2,0,5,1,0.8,False,1,STANDARD
AUTO_COLLISION,REAR_COLLISION,3,8387.45,3,0,5,0,1.0,False,0,STANDARD
AUTO_COLLISION,SIDE_COLLISION,5,725.3,2,1,4,0,1.0,False,0,STANDARD
AUTO_COLLISION,SIDE_COLLISION,8,14158.52,5,2,6,2,0.6666666666666666,True,2,INVESTIGATION
AUTO_COLLISION,REAR_COLLISION,7,2415.73,4,0,4,0,1.0,False,0,STANDARD
AUTO_COLLISION,SIDE_COLLISION,6,3182.23,2,0,3,0,1.0,False,0,STANDARD
AUTO_COLLISION,PARKING_DAMAGE,5,600.93,2,1,3,0,1.0,False,1,STANDARD
AUTO_COLLISION,FRONT_COLLISION,3,9983.33,2,1,4,0,1.0,False,1,STANDARD
AUTO_COLLISION,SIDE_COLLISION,2,3282.67,2,0,5,2,0.6,False,1,EXPERT_REVIEW
AUTO_COLLISION,SIDE_COLLISION,4,789.57,5,0,5,1,0.8,False,1,EXPERT_REVIEW
AUTO_COLLISION,SIDE_COLLISION,6,660.22,1,0,5,0,1.0,False,1,FAST_TRACK
AUTO_COLLISION,SIDE_COLLISION,3,2790.61,1,0,3,1,0.6666666666666666,False,2,EXPERT_REVIEW
AUTO_COLLISION,REAR_COLLISION,8,2356.9,3,0,4,1,0.75,False,0,EXPERT_REVIEW
AUTO_COLLISION,REAR_COLLISION,7,2733.52,4,0,6,0,1.0,False,0,INVESTIGATION
AUTO_COLLISION,REAR_COLLISION,5,7049.69,1,1,4,0,1.0,False,0,FAST_TRACK
AUTO_COLLISION,SIDE_COLLISION,4,4684.67,3,0,3,0,1.0,False,0,EXPERT_REVIEW
AUTO_COLLISION,SIDE_COLLISION,5,1773.64,2,0,6,0,1.0,False,1,INVESTIGATION
AUTO_COLLISION,SIDE_COLLISION,8,1115.43,1,0,6,2,0.6666666666666666,False,1,STANDARD
AUTO_COLLISION,SIDE_COLLISION,7,1849.58,2,0,6,1,0.8333333333333334,False,2,INVESTIGATION
AUTO_COLLISION,FRONT_COLLISION,6,1243.1,3,0,4,0,1.0,False,0,STANDARD
AUTO_COLLISION,SIDE_COLLISION,8,2752.67,4,1,6,0,1.0,False,1,INVESTIGATION
AUTO_COLLISION,REAR_COLLISION,6,1595.19,3,0,4,0,1.0,False,0,STANDARD
AUTO_COLLISION,PARKING_DAMAGE,7,509.14,1,0,6,0,1.0,False,0,FAST_TRACK
AUTO_COLLISION,FRONT_COLLISION,5,339.8,2,0,6,0,1.0,False,0,EXPERT_REVIEW
AUTO_COLLISION,REAR_COLLISION,7,1244.83,3,0,4,0,1.0,False,0,FAST_TRACK
AUTO_COLLISION,FRONT_COLLISION,8,4443.69,5,0,6,0,1.0,False,0,STANDARD
AUTO_COLLISION,REAR_COLLISION,6,3616.11,3,0,4,2,0.5,False,0,EXPERT_REVIEW
AUTO_COLLISION,FRONT_COLLISION,6,4184.53,2,1,4,0,1.0,False,1,EXPERT_REVIEW
AUTO_COLLISION,FRONT_COLLISION,10,3534.52,1,1,4,0,1.0,False,1,EXPERT_REVIEW
AUTO_COLLISION,SIDE_COLLISION,2,2872.45,3,0,4,0,1.0,False,0,EXPERT_REVIEW
AUTO_COLLISION,FRONT_COLLISION,4,4442.69,3,0,3,0,1.0,False,0,FAST_TRACK
AUTO_COLLISION,SIDE_COLLISION,5,1693.38,1,1,4,0,1.0,False,1,STANDARD
AUTO_COLLISION,PARKING_DAMAGE,1,1213.69,3,0,4,0,1.0,False,0,FAST_TRACK
AUTO_COLLISION,REAR_COLLISION,3,3671.25,3,1,3,0,1.0,False,0,EXPERT_REVIEW
AUTO_COLLISION,REAR_COLLISION,5,756.77,2,0,5,0,1.0,False,1,INVESTIGATION
AUTO_COLLISION,SIDE_COLLISION,7,2537.72,4,1,3,0,1.0,True,1,INVESTIGATION
AUTO_COLLISION,PARKING_DAMAGE,9,1076.12,2,0,5,1,0.8,False,0,FAST_TRACK
AUTO_COLLISION,SIDE_COLLISION,6,14146.16,4,2,5,1,0.8,True,3,INVESTIGATION
AUTO_COLLISION,SIDE_COLLISION,1,1907.57,2,0,6,1,0.8333333333333334,False,0,STANDARD
AUTO_COLLISION,REAR_COLLISION,5,5052.51,3,0,6,1,0.8333333333333334,False,3,INVESTIGATION
AUTO_COLLISION,SIDE_COLLISION,3,3154.22,1,1,3,1,0.6666666666666666,False,1,STANDARD
AUTO_COLLISION,FRONT_COLLISION,7,2661.05,2,0,6,0,1.0,True,2,INVESTIGATION
AUTO_COLLISION,SIDE_COLLISION,5,7316.68,5,0,6,3,0.5,False,1,INVESTIGATION
AUTO_COLLISION,SIDE_COLLISION,5,4666.09,3,0,6,0,1.0,True,0,EXPERT_REVIEW
AUTO_COLLISION,SIDE_COLLISION,8,1302.13,1,1,5,1,0.8,False,1,EXPERT_REVIEW
AUTO_COLLISION,SIDE_COLLISION,6,5873.92,2,0,3,1,0.6666666666666666,True,0,EXPERT_REVIEW
AUTO_COLLISION,REAR_COLLISION,5,1617.5,2,0,6,0,1.0,False,0,STANDARD
AUTO_COLLISION,REAR_COLLISION,8,2212.07,2,0,5,0,1.0,False,0,FAST_TRACK
AUTO_COLLISION,REAR_COLLISION,6,4665.3,3,0,6,0,1.0,False,0,EXPERT_REVIEW
AUTO_COLLISION,FRONT_COLLISION,7,1417.92,2,0,4,1,0.75,False,0,STANDARD
AUTO_COLLISION,FRONT_COLLISION,5,986.2,1,0,4,0,1.0,False,0,STANDARD
AUTO_COLLISION,SIDE_COLLISION,3,1724.13,3,0,4,0,1.0,False,0,EXPERT_REVIEW
AUTO_COLLISION,FRONT_COLLISION,8,727.29,4,0,6,1,0.8333333333333334,False,1,STANDARD
AUTO_COLLISION,FRONT_COLLISION,1,1136.4,1,0,6,1,0.8333333333333334,False,1,EXPERT_REVIEW
AUTO_COLLISION,SIDE_COLLISION,6,1773.38,1,3,5,2,0.6,True,1,EXPERT_REVIEW
AUTO_COLLISION,FRONT_COLLISION,8,2057.61,3,0,4,0,1.0,True,1,EXPERT_REVIEW
AUTO_COLLISION,FRONT_COLLISION,10,1961.57,2,0,6,0,1.0,False,0,FAST_TRACK
AUTO_COLLISION,REAR_COLLISION,5,1616.32,3,0,5,0,1.0,False,0,FAST_TRACK
AUTO_COLLISION,REAR_COLLISION,5,2365.52,2,0,6,2,0.6666666666666666,False,0,EXPERT_REVIEW
AUTO_COLLISION,FRONT_COLLISION,5,2215.94,2,0,4,0,1.0,False,0,EXPERT_REVIEW
AUTO_COLLISION,FRONT_COLLISION,10,1365.51,5,0,6,0,1.0,False,0,EXPERT_REVIEW
AUTO_COLLISION,SIDE_COLLISION,9,3468.87,3,0,6,1,0.8333333333333334,False,1,STANDARD
AUTO_COLLISION,SIDE_COLLISION,5,3764.32,1,0,6,0,1.0,False,0,STANDARD
AUTO_COLLISION,PARKING_DAMAGE,5,755.25,2,0,6,0,1.0,False,0,FAST_TRACK
AUTO_COLLISION,FRONT_COLLISION,4,4635.46,4,0,3,0,1.0,False,1,INVESTIGATION
AUTO_COLLISION,REAR_COLLISION,8,2939.57,2,0,6,1,0.8333333333333334,False,2,EXPERT_REVIEW
AUTO_COLLISION,PARKING_DAMAGE,9,649.09,1,0,6,1,0.8333333333333334,False,1,STANDARD
AUTO_COLLISION,PARKING_DAMAGE,8,274.26,2,0,4,0,1.0,False,0,FAST_TRACK
AUTO_COLLISION,FRONT_COLLISION,5,2421.8,3,1,6,0,1.0,False,0,EXPERT_REVIEW
AUTO_COLLISION,SIDE_COLLISION,4,1758.81,1,1,3,0,1.0,False,1,STANDARD
AUTO_COLLISION,REAR_COLLISION,7,2884.95,3,0,5,1,0.8,False,1,STANDARD
AUTO_COLLISION,SIDE_COLLISION,1,5613.53,2,0,3,1,0.6666666666666666,False,0,EXPERT_REVIEW
AUTO_COLLISION,SIDE_COLLISION,4,2295.31,1,0,4,0,1.0,False,0,STANDARD
AUTO_COLLISION,REAR_COLLISION,5,1600.74,2,1,4,0,1.0,False,0,FAST_TRACK
AUTO_COLLISION,SIDE_COLLISION,9,2535.1,3,1,5,0,1.0,False,1,STANDARD
AUTO_COLLISION,SIDE_COLLISION,5,3437.52,5,0,4,1,0.75,True,2,EXPERT_REVIEW
AUTO_COLLISION,REAR_COLLISION,5,2771.71,4,0,4,0,1.0,False,1,STANDARD
AUTO_COLLISION,SIDE_COLLISION,7,700.55,1,0,5,0,1.0,False,0,STANDARD
AUTO_COLLISION,REAR_COLLISION,6,11032.96,3,0,3,0,1.0,False,1,EXPERT_REVIEW
AUTO_COLLISION,REAR_COLLISION,7,3741.69,2,1,5,0,1.0,False,0,STANDARD
AUTO_COLLISION,FRONT_COLLISION,4,1674.59,3,1,4,0,1.0,False,2,EXPERT_REVIEW
AUTO_COLLISION,REAR_COLLISION,4,2452.25,3,1,5,0,1.0,False,0,STANDARD
AUTO_COLLISION,REAR_COLLISION,4,1944.97,2,0,3,1,0.6666666666666666,False,2,EXPERT_REVIEW
AUTO_COLLISION,REAR_COLLISION,4,567.64,1,0,3,0,1.0,False,0,STANDARD
AUTO_COLLISION,PARKING_DAMAGE,5,1065.59,2,0,5,0,1.0,False,0,FAST_TRACK
AUTO_COLLISION,FRONT_COLLISION,4,3301.29,2,0,3,0,1.0,False,0,FAST_TRACK
AUTO_COLLISION,SIDE_COLLISION,4,3734.62,2,0,3,0,1.0,False,0,EXPERT_REVIEW
AUTO_COLLISION,REAR_COLLISION,4,2210.7,1,1,6,1,0.8333333333333334,False,1,INVESTIGATION
AUTO_COLLISION,SIDE_COLLISION,8,4975.04,5,0,3,0,1.0,False,0,EXPERT_REVIEW
AUTO_COLLISION,PARKING_DAMAGE,7,1566.32,4,0,4,1,0.75,False,0,STANDARD
AUTO_COLLISION,PARKING_DAMAGE,7,1942.28,2,0,3,0,1.0,False,1,STANDARD
AUTO_COLLISION,FRONT_COLLISION,3,1222.06,2,0,5,1,0.8,True,1,EXPERT_REVIEW
AUTO_COLLISION,FRONT_COLLISION,2,10169.74,6,0,6,1,0.8333333333333334,False,0,EXPERT_REVIEW
AUTO_COLLISION,REAR_COLLISION,3,6930.24,1,1,6,1,0.8333333333333334,False,1,INVESTIGATION
AUTO_COLLISION,SIDE_COLLISION,2,933.18,1,0,6,1,0.8333333333333334,False,0,STANDARD
AUTO_COLLISION,PARKING_DAMAGE,6,1287.82,1,0,3,0,1.0,False,0,FAST_TRACK
AUTO_COLLISION,REAR_COLLISION,8,4668.61,2,0,3,0,1.0,False,0,STANDARD
AUTO_COLLISION,REAR_COLLISION,5,799.74,4,0,4,0,1.0,False,0,STANDARD
AUTO_COLLISION,PARKING_DAMAGE,7,2646.68,3,0,6,0,1.0,True,1,EXPERT_REVIEW
AUTO_COLLISION,REAR_COLLISION,12,1843.6,5,0,3,1,0.6666666666666666,False,0,STANDARD
AUTO_COLLISION,REAR_COLLISION,8,1359.56,4,1,6,0,1.0,False,0,STANDARD
AUTO_COLLISION,PARKING_DAMAGE,4,894.08,2,0,4,0,1.0,False,1,STANDARD
AUTO_COLLISION,REAR_COLLISION,7,2772.62,4,0,5,1,0.8,False,1,STANDARD
AUTO_COLLISION,REAR_COLLISION,9,1105.55,2,0,5,0,1.0,False,0,FAST_TRACK
AUTO_COLLISION,FRONT_COLLISION,4,3735.68,1,0,5,0,1.0,False,0,FAST_TRACK
AUTO_COLLISION,PARKING_DAMAGE,8,1123.42,2,0,4,0,1.0,False,0,FAST_TRACK
AUTO_COLLISION,REAR_COLLISION,7,1497.59,2,0,6,0,1.0,False,0,EXPERT_REVIEW
AUTO_COLLISION,SIDE_COLLISION,7,2605.56,4,1,3,1,0.6666666666666666,False,2,EXPERT_REVIEW
AUTO_COLLISION,FRONT_COLLISION,5,2654.94,1,0,3,1,0.6666666666666666,False,1,STANDARD
AUTO_COLLISION,FRONT_COLLISION,7,1673.35,3,0,6,0,1.0,False,0,FAST_TRACK
AUTO_COLLISION,SIDE_COLLISION,7,2530.03,4,1,4,0,1.0,False,0,EXPERT_REVIEW
AUTO_COLLISION,FRONT_COLLISION,5,2533.37,1,2,6,3,0.5,False,0,INVESTIGATION
AUTO_COLLISION,SIDE_COLLISION,6,6450.97,1,1,6,0,1.0,False,0,FAST_TRACK
AUTO_COLLISION,REAR_COLLISION,8,1981.59,1,1,4,1,0.75,False,3,STANDARD
AUTO_COLLISION,REAR_COLLISION,7,3111.9,3,1,4,0,1.0,False,1,EXPERT_REVIEW
AUTO_COLLISION,SIDE_COLLISION,5,2452.01,1,0,4,0,1.0,False,0,FAST_TRACK
AUTO_COLLISION,SIDE_COLLISION,5,475.81,4,0,4,0,1.0,False,0,FAST_TRACK
AUTO_COLLISION,PARKING_DAMAGE,5,832.25,4,0,3,0,1.0,False,0,STANDARD
AUTO_COLLISION,SIDE_COLLISION,5,4330.9,3,1,4,0,1.0,False,1,INVESTIGATION
AUTO_COLLISION,REAR_COLLISION,6,23927.44,8,1,3,0,1.0,True,0,EXPERT_REVIEW
AUTO_COLLISION,FRONT_COLLISION,8,1156.31,2,1,3,0,1.0,False,0,STANDARD
AUTO_COLLISION,SIDE_COLLISION,3,1299.6,3,0,5,0,1.0,False,0,EXPERT_REVIEW
AUTO_COLLISION,SIDE_COLLISION,5,4267.98,4,0,3,0,1.0,True,0,EXPERT_REVIEW
AUTO_COLLISION,SIDE_COLLISION,9,6031.78,4,0,5,0,1.0,False,0,STANDARD
AUTO_COLLISION,FRONT_COLLISION,1,2269.89,2,0,6,0,1.0,False,1,STANDARD
AUTO_COLLISION,FRONT_COLLISION,9,1546.76,3,0,3,0,1.0,False,0,FAST_TRACK
AUTO_COLLISION,FRONT_COLLISION,4,1738.6,6,0,5,0,1.0,False,0,EXPERT_REVIEW
AUTO_COLLISION,REAR_COLLISION,7,6718.33,5,1,3,0,1.0,False,0,EXPERT_REVIEW
AUTO_COLLISION,REAR_COLLISION,6,2598.03,1,0,5,1,0.8,False,0,INVESTIGATION
AUTO_COLLISION,FRONT_COLLISION,8,2745.43,4,0,4,0,1.0,False,1,FAST_TRACK
AUTO_COLLISION,FRONT_COLLISION,7,774.15,4,0,3,0,1.0,False,0,EXPERT_REVIEW
AUTO_COLLISION,FRONT_COLLISION,5,1120.96,2,0,5,0,1.0,False,0,STANDARD
AUTO_COLLISION,REAR_COLLISION,12,9798.44,2,0,5,1,0.8,False,1,INVESTIGATION
AUTO_COLLISION,FRONT_COLLISION,4,5263.75,5,0,4,0,1.0,False,0,EXPERT_REVIEW
AUTO_COLLISION,FRONT_COLLISION,3,1757.49,3,1,3,1,0.6666666666666666,False,2,INVESTIGATION
AUTO_COLLISION,SIDE_COLLISION,9,2720.03,3,1,5,0,1.0,False,0,STANDARD
AUTO_COLLISION,SIDE_COLLISION,6,7440.7,2,1,6,0,1.0,False,0,STANDARD
AUTO_COLLISION,SIDE_COLLISION,3,10807.9,4,1,6,0,1.0,True,0,EXPERT_REVIEW
AUTO_COLLISION,SIDE_COLLISION,5,1656.36,2,0,6,0,1.0,False,0,STANDARD
AUTO_COLLISION,FRONT_COLLISION,4,6692.85,3,0,4,0,1.0,False,0,EXPERT_REVIEW
AUTO_COLLISION,PARKING_DAMAGE,6,1604.44,2,0,4,0,1.0,False,0,STANDARD
AUTO_COLLISION,REAR_COLLISION,8,14073.87,3,1,5,1,0.8,False,0,STANDARD
AUTO_COLLISION,REAR_COLLISION,6,5871.24,3,0,3,0,1.0,True,0,EXPERT_REVIEW
AUTO_COLLISION,SIDE_COLLISION,5,19146.45,7,2,6,1,0.8333333333333334,False,3,EXPERT_REVIEW
AUTO_COLLISION,PARKING_DAMAGE,8,337.84,2,0,3,0,1.0,False,1,STANDARD
AUTO_COLLISION,FRONT_COLLISION,10,3318.06,3,1,6,0,1.0,False,1,INVESTIGATION
AUTO_COLLISION,SIDE_COLLISION,9,3209.21,2,2,5,1,0.8,False,0,STANDARD
AUTO_COLLISION,REAR_COLLISION,5,4884.59,1,0,4,1,0.75,False,0,FAST_TRACK
AUTO_COLLISION,FRONT_COLLISION,6,1080.89,2,0,3,0,1.0,False,0,FAST_TRACK
AUTO_COLLISION,REAR_COLLISION,7,1849.26,2,0,6,0,1.0,False,0,FAST_TRACK
AUTO_COLLISION,SIDE_COLLISION,6,273.65,2,2,3,0,1.0,False,1,STANDARD
AUTO_COLLISION,REAR_COLLISION,8,1875.52,3,4,4,1,0.75,False,2,INVESTIGATION
AUTO_COLLISION,REAR_COLLISION,5,826.72,3,1,3,1,0.6666666666666666,True,1,EXPERT_REVIEW
AUTO_COLLISION,FRONT_COLLISION,7,832.71,1,0,3,2,0.3333333333333333,False,0,STANDARD
AUTO_COLLISION,FRONT_COLLISION,3,3040.05,3,0,6,0,1.0,False,0,STANDARD
AUTO_COLLISION,FRONT_COLLISION,3,3237.4,3,1,6,0,1.0,False,0,STANDARD
AUTO_COLLISION,SIDE_COLLISION,7,4615.53,4,0,4,0,1.0,True,0,STANDARD
AUTO_COLLISION,SIDE_COLLISION,11,2470.02,3,0,5,0,1.0,False,0,EXPERT_REVIEW
AUTO_COLLISION,SIDE_COLLISION,10,1175.4,3,0,3,1,0.6666666666666666,True,0,EXPERT_REVIEW
AUTO_COLLISION,FRONT_COLLISION,6,8852.46,6,0,4,0,1.0,False,0,EXPERT_REVIEW
AUTO_COLLISION,FRONT_COLLISION,8,1568.61,4,0,3,1,0.6666666666666666,False,0,FAST_TRACK
AUTO_COLLISION,PARKING_DAMAGE,5,2402.69,2,0,5,1,0.8,False,1,STANDARD
AUTO_COLLISION,FRONT_COLLISION,4,1659.65,3,0,3,0,1.0,False,0,STANDARD
AUTO_COLLISION,FRONT_COLLISION,7,4487.25,2,0,4,0,1.0,False,0,FAST_TRACK
AUTO_COLLISION,SIDE_COLLISION,6,3926.11,2,0,6,1,0.8333333333333334,True,0,EXPERT_REVIEW
AUTO_COLLISION,FRONT_COLLISION,9,3307.64,2,1,5,1,0.8,False,0,STANDARD
AUTO_COLLISION,SIDE_COLLISION,8,1221.92,4,0,6,0,1.0,False,0,EXPERT_REVIEW
AUTO_COLLISION,FRONT_COLLISION,11,5044.04,4,1,5,1,0.8,False,2,STANDARD
AUTO_COLLISION,PARKING_DAMAGE,4,4602.02,1,0,5,1,0.8,False,0,EXPERT_REVIEW
AUTO_COLLISION,REAR_COLLISION,4,1427.91,1,0,5,0,1.0,False,0,STANDARD
AUTO_COLLISION,SIDE_COLLISION,3,4274.05,1,1,5,0,1.0,False,0,EXPERT_REVIEW
AUTO_COLLISION,SIDE_COLLISION,8,4780.95,2,0,6,0,1.0,True,0,EXPERT_REVIEW
AUTO_COLLISION,PARKING_DAMAGE,5,268.62,1,0,3,0,1.0,False,0,FAST_TRACK
AUTO_COLLISION,SIDE_COLLISION,5,6592.85,2,0,4,2,0.5,False,0,INVESTIGATION
AUTO_COLLISION,SIDE_COLLISION,2,3781.14,2,2,6,3,0.5,False,0,INVESTIGATION
AUTO_COLLISION,PARKING_DAMAGE,9,524.88,2,0,5,1,0.8,False,1,STANDARD
AUTO_COLLISION,REAR_COLLISION,2,4248.87,3,1,4,2,0.5,False,1,STANDARD
AUTO_COLLISION,REAR_COLLISION,11,1382.93,1,0,4,0,1.0,False,0,STANDARD
AUTO_COLLISION,REAR_COLLISION,1,3893.73,2,1,4,0,1.0,False,0,INVESTIGATION
AUTO_COLLISION,REAR_COLLISION,2,1409.4,4,0,5,0,1.0,False,0,STANDARD
AUTO_COLLISION,PARKING_DAMAGE,13,2990.69,4,1,3,0,1.0,False,0,STANDARD
AUTO_COLLISION,REAR_COLLISION,4,4935.21,1,0,3,1,0.6666666666666666,False,0,EXPERT_REVIEW
AUTO_COLLISION,FRONT_COLLISION,3,2992.21,2,2,5,1,0.8,False,1,INVESTIGATION
AUTO_COLLISION,REAR_COLLISION,4,267.59,1,1,6,0,1.0,False,0,STANDARD
AUTO_COLLISION,SIDE_COLLISION,9,4672.86,4,1,5,0,1.0,False,0,STANDARD
AUTO_COLLISION,FRONT_COLLISION,4,2663.22,2,0,5,2,0.6,False,0,STANDARD
AUTO_COLLISION,PARKING_DAMAGE,8,1037.0,1,1,3,0,1.0,False,0,FAST_TRACK
AUTO_COLLISION,FRONT_COLLISION,7,4835.8,3,0,4,0,1.0,False,0,EXPERT_REVIEW
AUTO_COLLISION,SIDE_COLLISION,5,5854.33,1,0,5,0,1.0,False,0,STANDARD
AUTO_COLLISION,REAR_COLLISION,9,3650.17,4,1,3,0,1.0,False,0,STANDARD
AUTO_COLLISION,PARKING_DAMAGE,4,985.56,3,1,3,1,0.6666666666666666,False,1,STANDARD
AUTO_COLLISION,FRONT_COLLISION,9,1643.6,2,0,6,1,0.8333333333333334,False,0,STANDARD
AUTO_COLLISION,PARKING_DAMAGE,9,1568.93,3,0,6,0,1.0,False,0,STANDARD
AUTO_COLLISION,FRONT_COLLISION,2,1412.33,1,0,6,0,1.0,False,0,STANDARD
AUTO_COLLISION,PARKING_DAMAGE,9,2741.51,4,0,4,0,1.0,False,0,STANDARD
AUTO_COLLISION,PARKING_DAMAGE,4,530.8,1,0,5,1,0.8,False,0,STANDARD
AUTO_COLLISION,FRONT_COLLISION,7,1421.88,3,0,5,0,1.0,False,0,STANDARD
AUTO_COLLISION,PARKING_DAMAGE,5,746.41,1,0,6,0,1.0,False,0,STANDARD
AUTO_COLLISION,PARKING_DAMAGE,4,1466.08,1,0,6,1,0.8333333333333334,False,0,FAST_TRACK
AUTO_COLLISION,REAR_COLLISION,9,1310.9,2,0,3,0,1.0,False,1,STANDARD
AUTO_COLLISION,FRONT_COLLISION,3,1003.96,2,0,3,0,1.0,False,0,FAST_TRACK
AUTO_COLLISION,SIDE_COLLISION,9,1495.78,2,0,5,1,0.8,False,1,STANDARD
AUTO_COLLISION,SIDE_COLLISION,13,1858.37,1,0,3,0,1.0,False,0,FAST_TRACK
AUTO_COLLISION,FRONT_COLLISION,9,1639.4,3,0,3,0,1.0,False,0,STANDARD
AUTO_COLLISION,FRONT_COLLISION,7,5654.53,2,1,6,0,1.0,False,1,EXPERT_REVIEW
AUTO_COLLISION,REAR_COLLISION,4,1356.73,2,0,6,1,0.8333333333333334,False,0,INVESTIGATION
AUTO_COLLISION,REAR_COLLISION,8,2493.21,4,3,6,0,1.0,False,0,STANDARD
AUTO_COLLISION,PARKING_DAMAGE,8,1983.44,1,1,3,1,0.6666666666666666,False,1,STANDARD
AUTO_COLLISION,REAR_COLLISION,6,1032.51,3,1,5,2,0.6,False,1,INVESTIGATION
AUTO_COLLISION,REAR_COLLISION,5,3984.55,1,1,5,0,1.0,False,2,STANDARD
AUTO_COLLISION,SIDE_COLLISION,3,5064.54,1,0,3,0,1.0,True,1,EXPERT_REVIEW
AUTO_COLLISION,SIDE_COLLISION,4,3012.7,3,0,4,0,1.0,False,0,FAST_TRACK
AUTO_COLLISION,FRONT_COLLISION,8,2834.93,3,0,6,0,1.0,False,0,FAST_TRACK
AUTO_COLLISION,FRONT_COLLISION,9,822.87,3,0,4,0,1.0,False,0,STANDARD
AUTO_COLLISION,REAR_COLLISION,5,840.19,3,1,4,0,1.0,False,0,INVESTIGATION
AUTO_COLLISION,SIDE_COLLISION,8,2098.56,1,2,5,2,0.6,False,2,INVESTIGATION
AUTO_COLLISION,REAR_COLLISION,6,2186.9,2,0,5,0,1.0,False,0,STANDARD
AUTO_COLLISION,PARKING_DAMAGE,5,1241.98,2,1,4,1,0.75,False,2,EXPERT_REVIEW
AUTO_COLLISION,FRONT_COLLISION,3,2234.43,3,0,5,1,0.8,False,0,STANDARD
AUTO_COLLISION,PARKING_DAMAGE,3,3000.65,2,0,6,1,0.8333333333333334,False,0,EXPERT_REVIEW
AUTO_COLLISION,REAR_COLLISION,13,1466.46,2,0,5,2,0.6,False,1,INVESTIGATION
AUTO_COLLISION,REAR_COLLISION,13,2759.84,3,0,6,0,1.0,False,1,STANDARD
AUTO_COLLISION,REAR_COLLISION,6,1019.88,1,1,3,0,1.0,False,0,STANDARD
AUTO_COLLISION,FRONT_COLLISION,4,1210.09,3,1,3,1,0.6666666666666666,False,2,INVESTIGATION
AUTO_COLLISION,FRONT_COLLISION,5,1056.9,3,1,6,2,0.6666666666666666,False,0,INVESTIGATION
AUTO_COLLISION,SIDE_COLLISION,6,910.84,3,0,5,1,0.8,False,1,EXPERT_REVIEW
AUTO_COLLISION,FRONT_COLLISION,3,1993.74,3,0,6,0,1.0,False,1,STANDARD
AUTO_COLLISION,REAR_COLLISION,6,3120.21,5,0,5,0,1.0,False,0,INVESTIGATION
AUTO_COLLISION,SIDE_COLLISION,4,1528.37,1,1,3,0,1.0,True,0,EXPERT_REVIEW
AUTO_COLLISION,FRONT_COLLISION,8,4330.45,2,1,5,0,1.0,False,0,STANDARD
AUTO_COLLISION,FRONT_COLLISION,5,3795.75,4,0,3,1,0.6666666666666666,False,0,EXPERT_REVIEW
AUTO_COLLISION,FRONT_COLLISION,4,1144.44,2,0,5,0,1.0,False,1,STANDARD
AUTO_COLLISION,SIDE_COLLISION,9,3042.02,4,0,6,2,0.6666666666666666,False,1,EXPERT_REVIEW
AUTO_COLLISION,REAR_COLLISION,7,2690.21,4,0,4,0,1.0,False,0,FAST_TRACK
AUTO_COLLISION,SIDE_COLLISION,2,16023.27,7,2,4,0,1.0,False,1,EXPERT_REVIEW
AUTO_COLLISION,SIDE_COLLISION,7,3364.41,3,1,3,0,1.0,False,0,EXPERT_REVIEW
AUTO_COLLISION,PARKING_DAMAGE,8,806.36,2,0,5,0,1.0,False,0,FAST_TRACK
AUTO_COLLISION,FRONT_COLLISION,6,3646.22,1,0,6,1,0.8333333333333334,False,0,EXPERT_REVIEW
AUTO_COLLISION,SIDE_COLLISION,6,3117.26,5,0,5,1,0.8,False,0,INVESTIGATION
AUTO_COLLISION,SIDE_COLLISION,4,815.87,2,0,4,1,0.75,False,0,EXPERT_REVIEW
AUTO_COLLISION,REAR_COLLISION,8,1983.27,3,0,4,2,0.5,False,2,INVESTIGATION
AUTO_COLLISION,REAR_COLLISION,5,2084.13,1,0,4,0,1.0,False,1,FAST_TRACK
AUTO_COLLISION,SIDE_COLLISION,4,4203.43,5,0,3,1,0.6666666666666666,False,0,STANDARD
AUTO_COLLISION,SIDE_COLLISION,7,2494.53,3,0,5,2,0.6,False,2,STANDARD
AUTO_COLLISION,REAR_COLLISION,7,1190.35,2,0,5,0,1.0,False,2,INVESTIGATION
AUTO_COLLISION,FRONT_COLLISION,4,1551.07,3,0,5,0,1.0,False,1,STANDARD
AUTO_COLLISION,PARKING_DAMAGE,5,611.91,3,1,6,0,1.0,False,0,STANDARD
AUTO_COLLISION,FRONT_COLLISION,4,2315.24,3,0,6,1,0.8333333333333334,False,0,EXPERT_REVIEW
AUTO_COLLISION,REAR_COLLISION,11,679.08,1,0,6,0,1.0,False,0,EXPERT_REVIEW
AUTO_COLLISION,FRONT_COLLISION,7,973.98,3,1,3,0,1.0,False,1,INVESTIGATION
AUTO_COLLISION,PARKING_DAMAGE,9,2128.23,3,0,4,0,1.0,False,0,EXPERT_REVIEW
AUTO_COLLISION,SIDE_COLLISION,4,2974.92,3,1,5,0,1.0,True,1,EXPERT_REVIEW
AUTO_COLLISION,FRONT_COLLISION,12,1692.83,2,0,3,1,0.6666666666666666,False,1,EXPERT_REVIEW
AUTO_COLLISION,FRONT_COLLISION,5,2293.56,3,0,5,0,1.0,False,0,STANDARD
AUTO_COLLISION,REAR_COLLISION,9,652.47,2,1,3,0,1.0,False,0,EXPERT_REVIEW
AUTO_COLLISION,FRONT_COLLISION,6,820.58,3,0,5,0,1.0,False,0,FAST_TRACK
AUTO_COLLISION,PARKING_DAMAGE,7,2025.91,4,0,6,0,1.0,False,0,STANDARD
AUTO_COLLISION,SIDE_COLLISION,9,5927.15,6,0,4,1,0.75,False,0,EXPERT_REVIEW
AUTO_COLLISION,PARKING_DAMAGE,3,2637.48,5,0,6,0,1.0,False,0,INVESTIGATION
AUTO_COLLISION,SIDE_COLLISION,7,4734.47,2,0,4,0,1.0,False,0,STANDARD
AUTO_COLLISION,SIDE_COLLISION,7,2830.84,1,0,6,2,0.6666666666666666,False,0,STANDARD
AUTO_COLLISION,FRONT_COLLISION,6,5073.73,3,0,5,0,1.0,False,0,STANDARD
AUTO_COLLISION,REAR_COLLISION,10,5881.74,4,2,3,0,1.0,False,1,EXPERT_REVIEW
AUTO_COLLISION,PARKING_DAMAGE,4,465.3,4,0,3,0,1.0,False,0,FAST_TRACK
AUTO_COLLISION,FRONT_COLLISION,8,1795.68,2,0,3,2,0.3333333333333333,False,2,INVESTIGATION
AUTO_COLLISION,FRONT_COLLISION,11,5119.29,4,0,4,1,0.75,False,0,EXPERT_REVIEW
AUTO_COLLISION,FRONT_COLLISION,5,7240.07,3,0,3,0,1.0,False,0,FAST_TRACK
AUTO_COLLISION,REAR_COLLISION,3,3945.61,1,1,4,1,0.75,False,0,EXPERT_REVIEW
AUTO_COLLISION,FRONT_COLLISION,4,4908.73,2,0,3,0,1.0,False,0,FAST_TRACK
AUTO_COLLISION,REAR_COLLISION,4,2747.73,7,0,6,0,1.0,False,0,STANDARD
AUTO_COLLISION,REAR_COLLISION,7,1770.55,3,1,6,1,0.8333333333333334,False,0,INVESTIGATION
AUTO_COLLISION,PARKING_DAMAGE,8,2055.33,2,1,6,1,0.8333333333333334,False,0,STANDARD
AUTO_COLLISION,FRONT_COLLISION,7,962.61,1,0,3,0,1.0,False,0,FAST_TRACK
AUTO_COLLISION,REAR_COLLISION,1,1934.76,4,0,6,0,1.0,False,0,STANDARD
AUTO_COLLISION,REAR_COLLISION,6,1379.34,2,0,5,0,1.0,False,0,FAST_TRACK
AUTO_COLLISION,SIDE_COLLISION,9,1466.88,4,0,3,1,0.6666666666666666,False,0,STANDARD
AUTO_COLLISION,REAR_COLLISION,6,3267.14,3,1,3,0,1.0,True,0,STANDARD
AUTO_COLLISION,SIDE_COLLISION,9,1753.23,3,0,4,1,0.75,False,1,INVESTIGATION
AUTO_COLLISION,SIDE_COLLISION,3,2241.25,3,2,3,0,1.0,True,3,INVESTIGATION
AUTO_COLLISION,PARKING_DAMAGE,3,206.27,2,1,4,1,0.75,False,1,STANDARD
AUTO_COLLISION,PARKING_DAMAGE,3,937.68,2,0,5,0,1.0,True,2,STANDARD
AUTO_COLLISION,REAR_COLLISION,6,1901.24,1,0,6,1,0.8333333333333334,False,0,FAST_TRACK
AUTO_COLLISION,SIDE_COLLISION,5,11023.81,6,0,4,0,1.0,True,0,EXPERT_REVIEW
AUTO_COLLISION,REAR_COLLISION,4,3590.25,1,0,4,0,1.0,False,0,EXPERT_REVIEW
AUTO_COLLISION,REAR_COLLISION,3,3514.69,3,0,5,1,0.8,False,0,STANDARD
AUTO_COLLISION,FRONT_COLLISION,3,2114.25,1,2,6,0,1.0,True,0,INVESTIGATION
AUTO_COLLISION,SIDE_COLLISION,7,724.56,2,0,6,0,1.0,False,0,FAST_TRACK
AUTO_COLLISION,FRONT_COLLISION,6,3871.42,1,0,5,1,0.8,True,1,EXPERT_REVIEW
AUTO_COLLISION,SIDE_COLLISION,2,17261.17,4,0,4,1,0.75,False,0,EXPERT_REVIEW
AUTO_COLLISION,PARKING_DAMAGE,4,1732.07,4,0,6,0,1.0,False,0,STANDARD
AUTO_COLLISION,REAR_COLLISION,5,4312.17,3,1,5,1,0.8,True,2,EXPERT_REVIEW
AUTO_COLLISION,SIDE_COLLISION,11,1811.97,4,0,4,1,0.75,False,0,STANDARD
AUTO_COLLISION,FRONT_COLLISION,4,503.38,3,0,5,0,1.0,False,0,STANDARD
AUTO_COLLISION,REAR_COLLISION,6,1167.4,1,0,6,1,0.8333333333333334,False,1,STANDARD
AUTO_COLLISION,PARKING_DAMAGE,4,747.58,2,1,5,0,1.0,False,2,STANDARD
AUTO_COLLISION,FRONT_COLLISION,9,2348.67,3,0,3,1,0.6666666666666666,True,1,EXPERT_REVIEW
AUTO_COLLISION,PARKING_DAMAGE,10,449.7,3,0,4,0,1.0,False,1,STANDARD
AUTO_COLLISION,REAR_COLLISION,4,2332.31,1,0,4,0,1.0,False,0,STANDARD
AUTO_COLLISION,SIDE_COLLISION,8,5570.18,5,0,5,2,0.6,False,1,EXPERT_REVIEW
AUTO_COLLISION,REAR_COLLISION,7,2016.19,2,0,6,0,1.0,False,0,STANDARD
AUTO_COLLISION,SIDE_COLLISION,9,2009.69,2,1,4,0,1.0,False,2,EXPERT_REVIEW
AUTO_COLLISION,REAR_COLLISION,5,2268.07,4,0,5,1,0.8,False,2,EXPERT_REVIEW
AUTO_COLLISION,FRONT_COLLISION,10,4721.08,2,0,3,0,1.0,True,0,EXPERT_REVIEW
AUTO_COLLISION,FRONT_COLLISION,7,1440.21,2,0,6,0,1.0,False,0,STANDARD
AUTO_COLLISION,SIDE_COLLISION,10,1737.73,3,0,5,0,1.0,False,0,FAST_TRACK
AUTO_COLLISION,SIDE_COLLISION,6,3011.37,4,0,6,0,1.0,False,2,INVESTIGATION
AUTO_COLLISION,REAR_COLLISION,7,1322.64,1,0,4,0,1.0,False,1,FAST_TRACK
AUTO_COLLISION,FRONT_COLLISION,8,1818.21,2,0,6,0,1.0,False,0,STANDARD
AUTO_COLLISION,SIDE_COLLISION,9,2469.17,5,0,3,0,1.0,True,1,EXPERT_REVIEW
AUTO_COLLISION,REAR_COLLISION,8,2089.97,3,0,6,1,0.8333333333333334,False,0,FAST_TRACK
AUTO_COLLISION,PARKING_DAMAGE,3,522.08,2,0,5,0,1.0,False,0,FAST_TRACK
AUTO_COLLISION,SIDE_COLLISION,5,3690.64,2,1,6,0,1.0,False,1,STANDARD
AUTO_COLLISION,SIDE_COLLISION,3,3888.42,2,0,4,0,1.0,False,0,INVESTIGATION
AUTO_COLLISION,REAR_COLLISION,6,603.21,1,0,6,2,0.6666666666666666,False,1,STANDARD
AUTO_COLLISION,REAR_COLLISION,6,2388.54,2,0,6,0,1.0,False,1,FAST_TRACK
AUTO_COLLISION,PARKING_DAMAGE,8,4148.74,2,0,4,1,0.75,False,0,INVESTIGATION
AUTO_COLLISION,FRONT_COLLISION,7,1982.73,2,0,5,0,1.0,False,0,STANDARD
AUTO_COLLISION,FRONT_COLLISION,8,4701.15,7,1,3,0,1.0,False,0,STANDARD
AUTO_COLLISION,PARKING_DAMAGE,12,1201.56,2,0,4,0,1.0,False,0,EXPERT_REVIEW
AUTO_COLLISION,SIDE_COLLISION,5,3136.05,1,1,4,0,1.0,False,0,STANDARD
AUTO_COLLISION,PARKING_DAMAGE,6,1859.18,2,0,4,0,1.0,False,1,INVESTIGATION
AUTO_COLLISION,REAR_COLLISION,6,461.36,1,0,4,0,1.0,False,0,STANDARD
AUTO_COLLISION,FRONT_COLLISION,5,1951.5,3,1,5,0,1.0,False,1,INVESTIGATION
AUTO_COLLISION,SIDE_COLLISION,6,4764.74,1,0,4,1,0.75,True,1,EXPERT_REVIEW
AUTO_COLLISION,SIDE_COLLISION,9,4325.6,1,0,6,0,1.0,False,0,EXPERT_REVIEW
AUTO_COLLISION,REAR_COLLISION,2,2078.38,1,1,6,1,0.8333333333333334,False,0,STANDARD
AUTO_COLLISION,REAR_COLLISION,5,5451.29,3,0,3,1,0.6666666666666666,False,1,EXPERT_REVIEW
AUTO_COLLISION,REAR_COLLISION,7,6110.58,4,1,5,0,1.0,False,0,EXPERT_REVIEW
AUTO_COLLISION,REAR_COLLISION,3,1238.91,3,0,6,2,0.6666666666666666,False,0,STANDARD
AUTO_COLLISION,REAR_COLLISION,4,1796.8,2,0,5,0,1.0,True,0,EXPERT_REVIEW
AUTO_COLLISION,PARKING_DAMAGE,9,1265.76,2,0,3,0,1.0,False,0,FAST_TRACK
AUTO_COLLISION,SIDE_COLLISION,12,6569.14,2,0,6,1,0.8333333333333334,False,0,FAST_TRACK
AUTO_COLLISION,REAR_COLLISION,7,3826.6,1,0,3,1,0.6666666666666666,True,0,INVESTIGATION
AUTO_COLLISION,PARKING_DAMAGE,6,2149.75,3,0,5,0,1.0,False,0,STANDARD
AUTO_COLLISION,PARKING_DAMAGE,4,2037.74,5,0,3,0,1.0,False,1,INVESTIGATION
AUTO_COLLISION,FRONT_COLLISION,4,5052.57,2,0,3,0,1.0,False,1,STANDARD
AUTO_COLLISION,SIDE_COLLISION,7,3639.72,2,0,6,1,0.8333333333333334,False,0,STANDARD
AUTO_COLLISION,FRONT_COLLISION,4,1182.33,1,1,5,1,0.8,True,2,EXPERT_REVIEW
AUTO_COLLISION,SIDE_COLLISION,3,1397.54,1,0,4,0,1.0,False,0,FAST_TRACK
AUTO_COLLISION,FRONT_COLLISION,4,17285.43,5,1,3,0,1.0,False,1,INVESTIGATION
AUTO_COLLISION,SIDE_COLLISION,5,4819.77,3,0,4,1,0.75,True,0,STANDARD
AUTO_COLLISION,FRONT_COLLISION,6,1493.68,3,0,6,0,1.0,False,0,STANDARD
AUTO_COLLISION,FRONT_COLLISION,5,3439.43,1,0,4,0,1.0,False,0,STANDARD
AUTO_COLLISION,REAR_COLLISION,4,2743.34,3,0,4,0,1.0,False,0,FAST_TRACK
AUTO_COLLISION,PARKING_DAMAGE,6,1472.54,2,0,5,2,0.6,False,0,INVESTIGATION
AUTO_COLLISION,SIDE_COLLISION,10,1646.04,1,0,5,0,1.0,False,0,STANDARD
AUTO_COLLISION,REAR_COLLISION,5,3099.02,4,1,4,1,0.75,False,0,INVESTIGATION
AUTO_COLLISION,FRONT_COLLISION,2,2206.44,1,0,4,0,1.0,False,0,INVESTIGATION
AUTO_COLLISION,FRONT_COLLISION,8,2953.11,1,0,6,0,1.0,False,0,FAST_TRACK
AUTO_COLLISION,PARKING_DAMAGE,2,2009.83,2,0,4,0,1.0,True,0,EXPERT_REVIEW
AUTO_COLLISION,REAR_COLLISION,3,1226.88,4,1,3,0,1.0,False,1,EXPERT_REVIEW
AUTO_COLLISION,PARKING_DAMAGE,4,1039.98,4,1,5,1,0.8,False,2,STANDARD
AUTO_COLLISION,FRONT_COLLISION,1,3807.24,1,0,4,0,1.0,False,0,FAST_TRACK
AUTO_COLLISION,REAR_COLLISION,4,1788.36,4,1,4,0,1.0,False,0,FAST_TRACK
AUTO_COLLISION,FRONT_COLLISION,2,2957.34,3,0,6,0,1.0,False,0,STANDARD
AUTO_COLLISION,REAR_COLLISION,3,2920.61,1,1,5,0,1.0,False,0,FAST_TRACK
AUTO_COLLISION,FRONT_COLLISION,5,4421.63,2,0,3,1,0.6666666666666666,False,0,STANDARD
AUTO_COLLISION,SIDE_COLLISION,5,6156.79,2,0,6,0,1.0,False,0,STANDARD
AUTO_COLLISION,REAR_COLLISION,5,4845.16,3,0,6,1,0.8333333333333334,True,1,EXPERT_REVIEW
AUTO_COLLISION,SIDE_COLLISION,5,1706.27,3,0,3,0,1.0,True,0,EXPERT_REVIEW
AUTO_COLLISION,SIDE_COLLISION,8,3942.33,3,1,6,2,0.6666666666666666,False,0,INVESTIGATION
AUTO_COLLISION,SIDE_COLLISION,8,1673.8,1,0,6,1,0.8333333333333334,False,0,STANDARD
AUTO_COLLISION,FRONT_COLLISION,3,4603.15,4,0,5,1,0.8,True,0,STANDARD
AUTO_COLLISION,SIDE_COLLISION,3,4078.18,2,0,6,1,0.8333333333333334,True,1,EXPERT_REVIEW
AUTO_COLLISION,REAR_COLLISION,7,3243.63,4,0,5,1,0.8,True,0,EXPERT_REVIEW
AUTO_COLLISION,SIDE_COLLISION,9,1692.46,2,0,5,0,1.0,False,1,STANDARD
AUTO_COLLISION,REAR_COLLISION,7,1013.11,4,0,6,1,0.8333333333333334,False,1,FAST_TRACK
AUTO_COLLISION,PARKING_DAMAGE,6,734.3,2,0,4,1,0.75,False,0,FAST_TRACK
AUTO_COLLISION,REAR_COLLISION,4,1091.22,2,0,4,0,1.0,False,0,FAST_TRACK
AUTO_COLLISION,PARKING_DAMAGE,5,466.14,1,0,3,1,0.6666666666666666,False,1,STANDARD
AUTO_COLLISION,SIDE_COLLISION,4,3330.47,4,1,5,1,0.8,False,1,INVESTIGATION
AUTO_COLLISION,FRONT_COLLISION,5,6325.08,3,0,4,1,0.75,True,0,EXPERT_REVIEW
AUTO_COLLISION,REAR_COLLISION,5,1133.03,1,0,6,1,0.8333333333333334,False,0,FAST_TRACK
AUTO_COLLISION,SIDE_COLLISION,6,7343.62,4,1,5,0,1.0,False,1,EXPERT_REVIEW
AUTO_COLLISION,PARKING_DAMAGE,6,851.15,2,0,6,0,1.0,False,0,STANDARD
AUTO_COLLISION,PARKING_DAMAGE,5,745.45,1,0,5,1,0.8,False,1,EXPERT_REVIEW
AUTO_COLLISION,FRONT_COLLISION,6,2377.85,2,1,6,1,0.8333333333333334,False,2,INVESTIGATION
AUTO_COLLISION,SIDE_COLLISION,3,1577.41,3,0,4,1,0.75,False,1,EXPERT_REVIEW
AUTO_COLLISION,REAR_COLLISION,6,830.23,2,0,3,0,1.0,False,0,STANDARD
AUTO_COLLISION,SIDE_COLLISION,7,1485.31,1,0,3,0,1.0,False,0,STANDARD
AUTO_COLLISION,FRONT_COLLISION,7,2412.64,2,0,5,1,0.8,False,0,EXPERT_REVIEW
AUTO_COLLISION,REAR_COLLISION,5,1577.45,3,0,6,3,0.5,False,0,STANDARD
AUTO_COLLISION,FRONT_COLLISION,4,417.5,1,0,5,1,0.8,False,0,FAST_TRACK
AUTO_COLLISION,REAR_COLLISION,3,1583.69,3,0,3,0,1.0,False,1,STANDARD
AUTO_COLLISION,SIDE_COLLISION,6,4418.43,4,0,3,0,1.0,True,0,EXPERT_REVIEW
AUTO_COLLISION,FRONT_COLLISION,1,1107.82,2,0,4,1,0.75,False,1,STANDARD
AUTO_COLLISION,FRONT_COLLISION,2,2007.88,2,0,3,0,1.0,False,0,FAST_TRACK
AUTO_COLLISION,PARKING_DAMAGE,5,2191.81,3,0,4,0,1.0,True,0,EXPERT_REVIEW
AUTO_COLLISION,REAR_COLLISION,4,476.84,1,0,6,0,1.0,False,0,FAST_TRACK
AUTO_COLLISION,SIDE_COLLISION,4,1960.13,2,1,5,1,0.8,False,0,EXPERT_REVIEW
AUTO_COLLISION,REAR_COLLISION,4,2448.81,2,1,5,0,1.0,False,3,EXPERT_REVIEW
AUTO_COLLISION,REAR_COLLISION,3,1138.38,2,2,4,0,1.0,False,2,INVESTIGATION
AUTO_COLLISION,SIDE_COLLISION,1,6632.4,5,2,4,0,1.0,False,0,EXPERT_REVIEW
AUTO_COLLISION,FRONT_COLLISION,7,2201.7,1,0,5,1,0.8,False,0,STANDARD
AUTO_COLLISION,FRONT_COLLISION,5,1444.23,1,0,3,0,1.0,True,0,STANDARD
AUTO_COLLISION,REAR_COLLISION,4,4478.65,2,0,4,0,1.0,False,0,FAST_TRACK
AUTO_COLLISION,SIDE_COLLISION,4,3165.62,2,0,3,0,1.0,False,0,EXPERT_REVIEW
AUTO_COLLISION,REAR_COLLISION,7,1125.17,2,0,6,1,0.8333333333333334,False,0,STANDARD
AUTO_COLLISION,REAR_COLLISION,4,1823.96,2,0,5,0,1.0,False,0,STANDARD
AUTO_COLLISION,FRONT_COLLISION,7,1184.31,2,0,5,0,1.0,False,0,STANDARD
AUTO_COLLISION,FRONT_COLLISION,6,2327.28,3,0,3,0,1.0,False,0,STANDARD
AUTO_COLLISION,FRONT_COLLISION,6,4257.84,1,0,3,1,0.6666666666666666,False,1,STANDARD
AUTO_COLLISION,REAR_COLLISION,11,742.71,2,0,5,1,0.8,False,1,EXPERT_REVIEW
AUTO_COLLISION,REAR_COLLISION,6,670.82,2,0,5,1,0.8,False,1,EXPERT_REVIEW
AUTO_COLLISION,SIDE_COLLISION,11,1673.81,1,0,3,1,0.6666666666666666,True,1,STANDARD
AUTO_COLLISION,REAR_COLLISION,11,3398.37,3,0,6,0,1.0,False,1,FAST_TRACK
AUTO_COLLISION,FRONT_COLLISION,8,500.79,1,0,5,0,1.0,False,1,STANDARD
AUTO_COLLISION,SIDE_COLLISION,4,2867.64,2,0,3,0,1.0,False,0,STANDARD
AUTO_COLLISION,FRONT_COLLISION,7,8110.04,3,0,5,1,0.8,False,0,STANDARD
AUTO_COLLISION,SIDE_COLLISION,2,3467.59,4,0,5,2,0.6,False,0,EXPERT_REVIEW
AUTO_COLLISION,PARKING_DAMAGE,6,1557.15,3,0,6,0,1.0,True,0,EXPERT_REVIEW
AUTO_COLLISION,FRONT_COLLISION,6,1502.83,2,0,5,0,1.0,False,0,FAST_TRACK
AUTO_COLLISION,PARKING_DAMAGE,3,1474.34,3,0,3,0,1.0,False,0,FAST_TRACK
AUTO_COLLISION,REAR_COLLISION,9,2661.04,4,0,5,0,1.0,False,0,EXPERT_REVIEW
AUTO_COLLISION,FRONT_COLLISION,8,5960.45,3,0,4,0,1.0,False,0,STANDARD
AUTO_COLLISION,REAR_COLLISION,10,2180.77,2,0,6,0,1.0,False,0,STANDARD
AUTO_COLLISION,SIDE_COLLISION,5,2022.53,1,0,6,1,0.8333333333333334,False,1,STANDARD
AUTO_COLLISION,SIDE_COLLISION,4,2324.83,2,0,3,0,1.0,False,0,STANDARD
AUTO_COLLISION,REAR_COLLISION,9,5796.43,6,0,5,0,1.0,False,0,EXPERT_REVIEW
AUTO_COLLISION,REAR_COLLISION,3,1227.05,2,1,3,0,1.0,False,2,STANDARD
AUTO_COLLISION,PARKING_DAMAGE,12,1073.21,3,0,6,1,0.8333333333333334,False,0,STANDARD
AUTO_COLLISION,FRONT_COLLISION,7,1649.3,1,0,3,0,1.0,False,0,STANDARD
AUTO_COLLISION,REAR_COLLISION,6,1971.83,2,0,5,1,0.8,False,0,STANDARD
AUTO_COLLISION,PARKING_DAMAGE,4,1005.71,1,0,3,0,1.0,False,0,FAST_TRACK
AUTO_COLLISION,REAR_COLLISION,6,2031.36,4,0,4,0,1.0,False,0,STANDARD
AUTO_COLLISION,SIDE_COLLISION,9,1643.86,2,0,6,2,0.6666666666666666,True,1,EXPERT_REVIEW
AUTO_COLLISION,REAR_COLLISION,2,2000.58,2,0,6,0,1.0,False,0,STANDARD
AUTO_COLLISION,FRONT_COLLISION,9,1113.07,1,0,6,1,0.8333333333333334,False,0,FAST_TRACK
AUTO_COLLISION,REAR_COLLISION,6,4695.03,2,0,4,1,0.75,False,0,EXPERT_REVIEW
AUTO_COLLISION,FRONT_COLLISION,5,2025.31,2,0,3,1,0.6666666666666666,True,0,EXPERT_REVIEW
AUTO_COLLISION,REAR_COLLISION,9,1587.86,1,1,5,0,1.0,False,0,STANDARD
AUTO_COLLISION,FRONT_COLLISION,3,1050.82,3,0,4,0,1.0,False,0,STANDARD
AUTO_COLLISION,REAR_COLLISION,8,804.35,1,0,3,0,1.0,False,0,STANDARD
AUTO_COLLISION,FRONT_COLLISION,3,6072.74,1,1,3,0,1.0,True,1,EXPERT_REVIEW
AUTO_COLLISION,PARKING_DAMAGE,10,1226.24,2,0,3,1,0.6666666666666666,False,0,EXPERT_REVIEW
AUTO_COLLISION,FRONT_COLLISION,7,2956.22,4,0,5,1,0.8,False,0,FAST_TRACK
AUTO_COLLISION,SIDE_COLLISION,6,1008.33,2,0,6,0,1.0,False,0,FAST_TRACK
AUTO_COLLISION,REAR_COLLISION,3,5018.86,2,0,3,0,1.0,True,0,STANDARD
AUTO_COLLISION,FRONT_COLLISION,10,2069.22,3,0,5,1,0.8,False,2,INVESTIGATION
AUTO_COLLISION,REAR_COLLISION,7,2809.31,4,2,6,0,1.0,False,0,INVESTIGATION
AUTO_COLLISION,PARKING_DAMAGE,9,2879.89,5,2,4,1,0.75,False,3,INVESTIGATION
AUTO_COLLISION,SIDE_COLLISION,8,1256.56,1,1,6,1,0.8333333333333334,False,2,STANDARD
AUTO_COLLISION,SIDE_COLLISION,4,624.94,1,0,4,1,0.75,False,0,FAST_TRACK
AUTO_COLLISION,REAR_COLLISION,5,436.86,2,0,5,0,1.0,False,0,STANDARD
AUTO_COLLISION,SIDE_COLLISION,10,1292.41,2,0,6,1,0.8333333333333334,False,2,EXPERT_REVIEW
AUTO_COLLISION,REAR_COLLISION,8,952.19,2,1,3,1,0.6666666666666666,False,0,STANDARD
AUTO_COLLISION,REAR_COLLISION,5,2128.41,4,0,6,0,1.0,False,0,STANDARD
AUTO_COLLISION,REAR_COLLISION,8,1010.37,2,0,3,0,1.0,False,0,FAST_TRACK
AUTO_COLLISION,REAR_COLLISION,8,386.19,3,0,6,0,1.0,False,0,EXPERT_REVIEW
AUTO_COLLISION,FRONT_COLLISION,9,3930.33,5,0,6,0,1.0,True,1,EXPERT_REVIEW
AUTO_COLLISION,SIDE_COLLISION,6,6838.88,3,1,4,0,1.0,False,0,STANDARD
AUTO_COLLISION,FRONT_COLLISION,6,3387.26,2,1,5,1,0.8,False,1,EXPERT_REVIEW
AUTO_COLLISION,REAR_COLLISION,3,1691.87,4,0,5,1,0.8,True,0,EXPERT_REVIEW
AUTO_COLLISION,SIDE_COLLISION,3,902.32,2,0,3,0,1.0,False,0,FAST_TRACK
AUTO_COLLISION,FRONT_COLLISION,1,1409.23,1,0,3,0,1.0,False,0,FAST_TRACK
AUTO_COLLISION,SIDE_COLLISION,4,5143.61,4,1,5,0,1.0,False,1,STANDARD
AUTO_COLLISION,FRONT_COLLISION,11,3403.51,3,0,6,1,0.8333333333333334,False,2,INVESTIGATION
AUTO_COLLISION,SIDE_COLLISION,9,3453.58,2,1,6,1,0.8333333333333334,False,1,INVESTIGATION
AUTO_COLLISION,PARKING_DAMAGE,5,2152.4,2,0,5,0,1.0,False,0,STANDARD
AUTO_COLLISION,PARKING_DAMAGE,5,3281.73,3,0,3,0,1.0,True,0,EXPERT_REVIEW
AUTO_COLLISION,FRONT_COLLISION,6,3014.7,2,0,3,0,1.0,False,0,FAST_TRACK
AUTO_COLLISION,REAR_COLLISION,11,1896.64,1,0,4,0,1.0,False,0,FAST_TRACK
AUTO_COLLISION,FRONT_COLLISION,9,2684.62,3,2,3,0,1.0,False,1,EXPERT_REVIEW
AUTO_COLLISION,SIDE_COLLISION,4,2701.87,2,0,4,0,1.0,True,0,EXPERT_REVIEW
AUTO_COLLISION,FRONT_COLLISION,6,5399.01,3,0,4,0,1.0,False,1,STANDARD
AUTO_COLLISION,FRONT_COLLISION,10,711.72,1,0,4,0,1.0,False,0,FAST_TRACK
AUTO_COLLISION,FRONT_COLLISION,5,5370.16,3,0,3,0,1.0,False,0,FAST_TRACK
AUTO_COLLISION,FRONT_COLLISION,5,1854.33,2,0,5,1,0.8,False,0,STANDARD
AUTO_COLLISION,SIDE_COLLISION,4,1183.34,3,0,5,0,1.0,False,0,FAST_TRACK
AUTO_COLLISION,REAR_COLLISION,6,3900.45,2,1,6,0,1.0,False,1,STANDARD
AUTO_COLLISION,SIDE_COLLISION,11,1312.42,3,0,4,0,1.0,False,0,FAST_TRACK
AUTO_COLLISION,SIDE_COLLISION,6,2503.71,2,0,6,0,1.0,False,0,FAST_TRACK
AUTO_COLLISION,FRONT_COLLISION,12,2965.81,1,0,5,0,1.0,False,0,STANDARD
AUTO_COLLISION,FRONT_COLLISION,8,2502.24,2,1,4,0,1.0,False,0,EXPERT_REVIEW
AUTO_COLLISION,SIDE_COLLISION,4,3697.48,3,0,4,0,1.0,True,0,EXPERT_REVIEW
AUTO_COLLISION,REAR_COLLISION,6,1460.88,3,0,4,0,1.0,False,0,FAST_TRACK
AUTO_COLLISION,SIDE_COLLISION,5,516.65,4,0,4,1,0.75,False,2,STANDARD
AUTO_COLLISION,REAR_COLLISION,3,1690.84,2,0,4,0,1.0,False,0,STANDARD
AUTO_COLLISION,PARKING_DAMAGE,4,1648.3,4,0,5,1,0.8,False,0,STANDARD
AUTO_COLLISION,SIDE_COLLISION,3,1235.0,3,0,3,1,0.6666666666666666,False,0,STANDARD
AUTO_COLLISION,FRONT_COLLISION,5,4082.03,2,2,6,2,0.6666666666666666,False,2,INVESTIGATION
AUTO_COLLISION,FRONT_COLLISION,4,2923.21,2,1,6,1,0.8333333333333334,False,2,EXPERT_REVIEW
AUTO_COLLISION,REAR_COLLISION,5,1786.62,4,0,3,1,0.6666666666666666,False,0,STANDARD
AUTO_COLLISION,SIDE_COLLISION,4,1980.21,1,0,6,0,1.0,False,0,STANDARD
AUTO_COLLISION,REAR_COLLISION,7,2776.01,3,0,3,0,1.0,False,0,STANDARD
AUTO_COLLISION,REAR_COLLISION,8,1185.23,2,0,5,0,1.0,False,0,STANDARD
AUTO_COLLISION,FRONT_COLLISION,3,1790.32,2,0,4,0,1.0,False,0,STANDARD
AUTO_COLLISION,SIDE_COLLISION,10,1550.83,3,0,5,1,0.8,False,0,STANDARD
AUTO_COLLISION,REAR_COLLISION,12,703.26,4,0,4,0,1.0,False,0,EXPERT_REVIEW
AUTO_COLLISION,PARKING_DAMAGE,3,480.76,6,1,3,0,1.0,False,0,INVESTIGATION
AUTO_COLLISION,SIDE_COLLISION,1,1081.14,1,0,5,1,0.8,False,0,INVESTIGATION
AUTO_COLLISION,FRONT_COLLISION,5,2043.67,2,0,4,0,1.0,False,1,STANDARD
AUTO_COLLISION,REAR_COLLISION,5,1031.67,4,0,6,0,1.0,False,0,FAST_TRACK
AUTO_COLLISION,REAR_COLLISION,2,1302.16,2,0,3,0,1.0,False,0,FAST_TRACK
AUTO_COLLISION,PARKING_DAMAGE,8,408.31,1,0,5,0,1.0,False,0,FAST_TRACK
AUTO_COLLISION,FRONT_COLLISION,8,909.79,1,0,3,0,1.0,False,0,FAST_TRACK
AUTO_COLLISION,REAR_COLLISION,8,5729.62,5,1,4,1,0.75,False,0,EXPERT_REVIEW
AUTO_COLLISION,SIDE_COLLISION,8,1835.42,3,0,6,0,1.0,False,0,FAST_TRACK
AUTO_COLLISION,REAR_COLLISION,8,1786.79,2,0,3,1,0.6666666666666666,False,0,STANDARD
AUTO_COLLISION,FRONT_COLLISION,5,1240.98,2,0,3,0,1.0,False,0,FAST_TRACK
AUTO_COLLISION,REAR_COLLISION,10,2373.88,2,0,6,0,1.0,False,0,STANDARD
AUTO_COLLISION,FRONT_COLLISION,11,1814.52,4,1,3,0,1.0,False,0,STANDARD
AUTO_COLLISION,FRONT_COLLISION,3,2552.25,4,0,5,2,0.6,True,0,EXPERT_REVIEW
AUTO_COLLISION,REAR_COLLISION,7,4211.11,3,0,4,0,1.0,False,0,STANDARD
AUTO_COLLISION,SIDE_COLLISION,6,2200.86,2,0,5,0,1.0,False,0,FAST_TRACK
AUTO_COLLISION,SIDE_COLLISION,8,5378.5,3,0,6,0,1.0,False,0,INVESTIGATION
AUTO_COLLISION,SIDE_COLLISION,5,6149.81,6,1,5,1,0.8,False,1,EXPERT_REVIEW
AUTO_COLLISION,REAR_COLLISION,3,3615.84,3,0,5,2,0.6,False,2,STANDARD
AUTO_COLLISION,SIDE_COLLISION,5,1565.15,1,0,4,0,1.0,False,0,EXPERT_REVIEW
AUTO_COLLISION,SIDE_COLLISION,11,1403.2,2,0,6,2,0.6666666666666666,False,0,FAST_TRACK
AUTO_COLLISION,SIDE_COLLISION,8,1082.92,2,0,6,0,1.0,False,0,STANDARD
AUTO_COLLISION,REAR_COLLISION,6,2609.94,2,0,5,0,1.0,False,0,STANDARD
AUTO_COLLISION,PARKING_DAMAGE,6,2174.24,3,0,3,1,0.6666666666666666,False,0,FAST_TRACK
AUTO_COLLISION,SIDE_COLLISION,5,1259.67,5,0,6,1,0.8333333333333334,False,0,STANDARD
AUTO_COLLISION,SIDE_COLLISION,7,9222.89,5,0,3,0,1.0,False,0,EXPERT_REVIEW
AUTO_COLLISION,SIDE_COLLISION,8,2093.92,3,1,6,0,1.0,False,0,FAST_TRACK
AUTO_COLLISION,PARKING_DAMAGE,5,427.3,1,0,3,1,0.6666666666666666,False,0,FAST_TRACK
AUTO_COLLISION,FRONT_COLLISION,7,1465.27,4,0,6,1,0.8333333333333334,False,0,FAST_TRACK
AUTO_COLLISION,REAR_COLLISION,5,3336.13,1,0,4,0,1.0,False,0,FAST_TRACK
AUTO_COLLISION,REAR_COLLISION,7,1804.22,2,0,6,0,1.0,False,0,INVESTIGATION
AUTO_COLLISION,FRONT_COLLISION,8,6105.62,2,0,4,0,1.0,True,0,EXPERT_REVIEW
AUTO_COLLISION,FRONT_COLLISION,3,12317.74,4,0,6,0,1.0,False,0,INVESTIGATION
AUTO_COLLISION,FRONT_COLLISION,10,3804.4,2,0,5,0,1.0,False,0,STANDARD
AUTO_COLLISION,SIDE_COLLISION,1,1110.87,1,1,6,0,1.0,False,0,INVESTIGATION
AUTO_COLLISION,FRONT_COLLISION,2,2813.76,2,0,6,1,0.8333333333333334,False,0,EXPERT_REVIEW
AUTO_COLLISION,FRONT_COLLISION,5,6135.35,1,2,4,0,1.0,False,3,INVESTIGATION
AUTO_COLLISION,SIDE_COLLISION,7,1722.37,2,0,4,0,1.0,True,0,STANDARD
AUTO_COLLISION,SIDE_COLLISION,5,611.09,3,0,5,1,0.8,False,0,FAST_TRACK
AUTO_COLLISION,FRONT_COLLISION,8,2972.02,2,0,4,1,0.75,False,0,STANDARD
AUTO_COLLISION,REAR_COLLISION,6,14283.88,3,3,5,1,0.8,False,2,INVESTIGATION
AUTO_COLLISION,SIDE_COLLISION,6,4701.92,4,0,3,0,1.0,False,1,STANDARD
AUTO_COLLISION,PARKING_DAMAGE,6,2486.24,4,0,4,1,0.75,False,0,INVESTIGATION
AUTO_COLLISION,FRONT_COLLISION,4,3250.43,2,1,3,0,1.0,False,0,STANDARD
AUTO_COLLISION,SIDE_COLLISION,6,3184.94,2,0,5,0,1.0,False,0,STANDARD
AUTO_COLLISION,FRONT_COLLISION,5,2260.17,1,1,4,0,1.0,False,1,STANDARD
AUTO_COLLISION,REAR_COLLISION,4,2438.52,4,0,3,0,1.0,False,0,STANDARD
AUTO_COLLISION,FRONT_COLLISION,5,6395.86,5,0,6,2,0.6666666666666666,False,0,STANDARD
AUTO_COLLISION,FRONT_COLLISION,2,2325.74,3,1,3,0,1.0,False,1,STANDARD
AUTO_COLLISION,SIDE_COLLISION,8,3689.7,3,0,6,3,0.5,False,1,STANDARD
AUTO_COLLISION,FRONT_COLLISION,5,5720.41,2,0,3,0,1.0,True,1,EXPERT_REVIEW
AUTO_COLLISION,SIDE_COLLISION,12,3208.95,2,1,5,1,0.8,False,3,INVESTIGATION
AUTO_COLLISION,REAR_COLLISION,5,1237.48,3,1,5,2,0.6,False,1,STANDARD
AUTO_COLLISION,SIDE_COLLISION,6,2502.69,4,0,6,1,0.8333333333333334,False,2,INVESTIGATION
AUTO_COLLISION,PARKING_DAMAGE,5,741.52,2,0,5,0,1.0,False,1,STANDARD
AUTO_COLLISION,PARKING_DAMAGE,6,2645.07,3,1,4,1,0.75,False,2,STANDARD
AUTO_COLLISION,FRONT_COLLISION,7,1052.82,1,0,5,1,0.8,False,0,EXPERT_REVIEW
AUTO_COLLISION,REAR_COLLISION,7,2341.72,2,0,6,0,1.0,False,0,FAST_TRACK
AUTO_COLLISION,PARKING_DAMAGE,12,375.87,3,0,6,1,0.8333333333333334,False,0,FAST_TRACK
AUTO_COLLISION,FRONT_COLLISION,9,3907.61,1,0,3,1,0.6666666666666666,False,0,STANDARD
AUTO_COLLISION,REAR_COLLISION,14,1916.48,2,0,4,0,1.0,False,0,FAST_TRACK
AUTO_COLLISION,FRONT_COLLISION,10,2726.46,2,0,4,0,1.0,False,0,FAST_TRACK
AUTO_COLLISION,REAR_COLLISION,3,1377.17,2,1,5,1,0.8,False,0,STANDARD
AUTO_COLLISION,SIDE_COLLISION,10,4461.22,2,1,6,0,1.0,False,0,EXPERT_REVIEW
AUTO_COLLISION,FRONT_COLLISION,6,4298.23,3,0,6,0,1.0,False,0,STANDARD
AUTO_COLLISION,SIDE_COLLISION,2,6385.31,2,0,3,0,1.0,False,0,STANDARD
AUTO_COLLISION,FRONT_COLLISION,2,3340.09,2,0,3,1,0.6666666666666666,True,1,EXPERT_REVIEW
AUTO_COLLISION,SIDE_COLLISION,9,1789.35,3,0,6,2,0.6666666666666666,False,2,STANDARD
AUTO_COLLISION,PARKING_DAMAGE,3,902.09,1,0,3,0,1.0,False,0,FAST_TRACK
AUTO_COLLISION,PARKING_DAMAGE,9,5890.14,3,1,4,1,0.75,False,0,STANDARD
AUTO_COLLISION,FRONT_COLLISION,6,4338.33,2,0,6,1,0.8333333333333334,False,0,STANDARD
AUTO_COLLISION,FRONT_COLLISION,5,2485.78,2,0,5,0,1.0,False,0,FAST_TRACK
AUTO_COLLISION,PARKING_DAMAGE,5,3921.02,7,0,4,1,0.75,False,0,EXPERT_REVIEW
AUTO_COLLISION,SIDE_COLLISION,4,3089.39,7,0,4,1,0.75,False,0,EXPERT_REVIEW
AUTO_COLLISION,SIDE_COLLISION,5,6044.48,5,1,3,0,1.0,False,2,EXPERT_REVIEW
AUTO_COLLISION,REAR_COLLISION,4,2148.72,3,1,6,2,0.6666666666666666,False,0,STANDARD
AUTO_COLLISION,PARKING_DAMAGE,5,900.45,4,0,3,0,1.0,False,0,STANDARD
AUTO_COLLISION,PARKING_DAMAGE,5,745.91,1,1,4,1,0.75,False,1,STANDARD
AUTO_COLLISION,FRONT_COLLISION,3,2826.48,2,0,6,0,1.0,False,0,EXPERT_REVIEW
AUTO_COLLISION,FRONT_COLLISION,10,992.34,1,0,5,0,1.0,False,0,FAST_TRACK
AUTO_COLLISION,REAR_COLLISION,8,656.38,1,1,5,2,0.6,False,3,INVESTIGATION
AUTO_COLLISION,SIDE_COLLISION,3,755.36,2,0,6,0,1.0,False,0,STANDARD
AUTO_COLLISION,REAR_COLLISION,4,1786.47,2,0,3,0,1.0,False,0,STANDARD
AUTO_COLLISION,FRONT_COLLISION,8,4665.37,2,0,4,0,1.0,False,0,STANDARD
AUTO_COLLISION,SIDE_COLLISION,6,3864.74,3,1,3,2,0.3333333333333333,True,1,EXPERT_REVIEW
AUTO_COLLISION,SIDE_COLLISION,4,2723.57,2,0,5,0,1.0,False,0,EXPERT_REVIEW
AUTO_COLLISION,REAR_COLLISION,10,1237.58,2,0,6,0,1.0,False,0,EXPERT_REVIEW
AUTO_COLLISION,FRONT_COLLISION,13,6787.31,1,0,4,1,0.75,False,1,EXPERT_REVIEW
AUTO_COLLISION,REAR_COLLISION,7,7689.44,6,0,4,0,1.0,False,0,FAST_TRACK
AUTO_COLLISION,FRONT_COLLISION,5,3169.51,4,0,4,0,1.0,False,1,EXPERT_REVIEW
AUTO_COLLISION,SIDE_COLLISION,8,1460.85,2,1,3,0,1.0,False,0,STANDARD
AUTO_COLLISION,FRONT_COLLISION,7,3711.86,3,0,3,0,1.0,False,0,FAST_TRACK
AUTO_COLLISION,FRONT_COLLISION,5,12622.82,7,1,5,0,1.0,False,1,EXPERT_REVIEW
AUTO_COLLISION,REAR_COLLISION,10,1776.31,1,0,5,2,0.6,False,1,EXPERT_REVIEW
AUTO_COLLISION,REAR_COLLISION,6,1735.31,6,0,6,0,1.0,False,0,EXPERT_REVIEW
AUTO_COLLISION,REAR_COLLISION,9,5907.12,4,1,3,0,1.0,False,0,INVESTIGATION
AUTO_COLLISION,SIDE_COLLISION,8,3027.8,2,1,6,2,0.6666666666666666,False,3,INVESTIGATION
AUTO_COLLISION,FRONT_COLLISION,4,2077.81,2,0,5,1,0.8,False,2,STANDARD
AUTO_COLLISION,REAR_COLLISION,6,4559.22,1,1,5,0,1.0,False,1,STANDARD
AUTO_COLLISION,FRONT_COLLISION,7,14007.16,2,2,6,1,0.8333333333333334,False,3,INVESTIGATION
AUTO_COLLISION,FRONT_COLLISION,4,1181.1,2,1,5,0,1.0,False,0,STANDARD
AUTO_COLLISION,FRONT_COLLISION,9,897.29,3,1,5,0,1.0,True,0,STANDARD
AUTO_COLLISION,PARKING_DAMAGE,7,5629.95,2,0,4,0,1.0,False,1,EXPERT_REVIEW
AUTO_COLLISION,SIDE_COLLISION,5,11816.85,3,0,5,1,0.8,True,1,EXPERT_REVIEW
AUTO_COLLISION,REAR_COLLISION,6,3074.71,4,0,4,1,0.75,False,0,FAST_TRACK
AUTO_COLLISION,SIDE_COLLISION,6,1951.16,2,0,6,0,1.0,False,0,FAST_TRACK
AUTO_COLLISION,FRONT_COLLISION,12,1591.45,4,0,6,1,0.8333333333333334,False,0,FAST_TRACK
AUTO_COLLISION,REAR_COLLISION,4,4069.15,2,0,6,2,0.6666666666666666,False,3,STANDARD
AUTO_COLLISION,REAR_COLLISION,2,2605.02,3,2,5,1,0.8,False,0,INVESTIGATION
AUTO_COLLISION,FRONT_COLLISION,10,1880.83,2,0,3,0,1.0,False,0,STANDARD
AUTO_COLLISION,PARKING_DAMAGE,5,628.01,1,0,4,0,1.0,False,0,FAST_TRACK
AUTO_COLLISION,REAR_COLLISION,6,3023.13,2,0,5,0,1.0,False,0,FAST_TRACK
AUTO_COLLISION,SIDE_COLLISION,6,5173.78,4,1,5,0,1.0,False,1,STANDARD
AUTO_COLLISION,SIDE_COLLISION,6,756.49,2,0,5,0,1.0,True,0,STANDARD
AUTO_COLLISION,FRONT_COLLISION,3,1871.31,2,1,4,0,1.0,False,0,FAST_TRACK
AUTO_COLLISION,FRONT_COLLISION,4,2232.29,3,0,6,0,1.0,True,0,EXPERT_REVIEW
AUTO_COLLISION,REAR_COLLISION,9,11488.18,7,1,5,1,0.8,False,0,EXPERT_REVIEW
AUTO_COLLISION,REAR_COLLISION,8,2253.56,4,0,3,0,1.0,False,0,STANDARD
AUTO_COLLISION,FRONT_COLLISION,6,2928.87,4,0,3,0,1.0,False,0,STANDARD
AUTO_COLLISION,SIDE_COLLISION,6,2756.17,2,0,5,0,1.0,False,0,STANDARD
AUTO_COLLISION,FRONT_COLLISION,7,2555.67,1,0,4,1,0.75,False,1,EXPERT_REVIEW
AUTO_COLLISION,PARKING_DAMAGE,7,1804.27,3,0,5,0,1.0,False,0,STANDARD
AUTO_COLLISION,SIDE_COLLISION,10,1682.22,2,0,5,0,1.0,True,0,EXPERT_REVIEW
AUTO_COLLISION,SIDE_COLLISION,6,1051.08,2,0,6,1,0.8333333333333334,False,1,INVESTIGATION
AUTO_COLLISION,REAR_COLLISION,5,1433.51,3,0,4,0,1.0,False,0,STANDARD
AUTO_COLLISION,REAR_COLLISION,4,2932.72,3,0,4,0,1.0,False,0,EXPERT_REVIEW
AUTO_COLLISION,PARKING_DAMAGE,3,555.42,2,0,6,0,1.0,False,0,STANDARD
AUTO_COLLISION,FRONT_COLLISION,7,2262.01,4,1,6,0,1.0,False,0,STANDARD
AUTO_COLLISION,FRONT_COLLISION,8,2856.43,3,1,4,0,1.0,False,0,EXPERT_REVIEW
AUTO_COLLISION,REAR_COLLISION,7,9684.4,2,1,3,0,1.0,False,2,INVESTIGATION
AUTO_COLLISION,PARKING_DAMAGE,2,2364.7,2,1,5,1,0.8,False,1,INVESTIGATION
AUTO_COLLISION,SIDE_COLLISION,9,1415.37,3,0,3,1,0.6666666666666666,False,0,STANDARD
AUTO_COLLISION,FRONT_COLLISION,5,9029.29,3,1,6,1,0.8333333333333334,False,0,STANDARD
AUTO_COLLISION,REAR_COLLISION,5,796.19,2,0,5,0,1.0,False,1,STANDARD
AUTO_COLLISION,PARKING_DAMAGE,11,939.19,1,0,6,0,1.0,False,1,STANDARD
AUTO_COLLISION,SIDE_COLLISION,7,7439.96,3,1,3,0,1.0,True,0,EXPERT_REVIEW
AUTO_COLLISION,REAR_COLLISION,8,1641.9,3,0,6,1,0.8333333333333334,False,0,STANDARD
AUTO_COLLISION,REAR_COLLISION,6,5898.35,5,0,3,0,1.0,False,0,EXPERT_REVIEW
AUTO_COLLISION,FRONT_COLLISION,6,2874.0,3,1,4,0,1.0,False,0,STANDARD
AUTO_COLLISION,REAR_COLLISION,11,2331.07,3,1,6,1,0.8333333333333334,False,2,EXPERT_REVIEW
AUTO_COLLISION,SIDE_COLLISION,7,1020.81,1,0,5,0,1.0,False,0,STANDARD
AUTO_COLLISION,FRONT_COLLISION,6,2270.62,1,0,4,0,1.0,False,0,STANDARD
AUTO_COLLISION,FRONT_COLLISION,3,866.36,2,0,6,1,0.8333333333333334,False,0,STANDARD
AUTO_COLLISION,SIDE_COLLISION,4,3391.62,3,1,6,1,0.8333333333333334,False,0,INVESTIGATION
AUTO_COLLISION,SIDE_COLLISION,3,1659.21,1,0,5,1,0.8,False,0,EXPERT_REVIEW
AUTO_COLLISION,SIDE_COLLISION,7,2053.05,5,0,3,0,1.0,False,0,EXPERT_REVIEW
AUTO_COLLISION,SIDE_COLLISION,3,2897.39,3,1,6,2,0.6666666666666666,False,0,STANDARD
AUTO_COLLISION,SIDE_COLLISION,4,4361.31,3,3,4,0,1.0,False,3,INVESTIGATION
AUTO_COLLISION,REAR_COLLISION,8,1640.57,3,0,4,0,1.0,False,0,STANDARD
AUTO_COLLISION,FRONT_COLLISION,9,1564.32,6,0,5,0,1.0,False,0,STANDARD
AUTO_COLLISION,PARKING_DAMAGE,7,2939.63,1,0,4,1,0.75,False,1,STANDARD
AUTO_COLLISION,SIDE_COLLISION,10,2564.16,3,0,4,1,0.75,True,1,EXPERT_REVIEW
AUTO_COLLISION,REAR_COLLISION,6,4904.79,3,1,5,2,0.6,False,3,INVESTIGATION
AUTO_COLLISION,SIDE_COLLISION,2,7150.55,5,2,3,1,0.6666666666666666,False,2,EXPERT_REVIEW
AUTO_COLLISION,SIDE_COLLISION,11,1007.98,4,0,6,1,0.8333333333333334,False,1,EXPERT_REVIEW
AUTO_COLLISION,FRONT_COLLISION,6,1901.78,2,1,6,0,1.0,False,2,INVESTIGATION
AUTO_COLLISION,REAR_COLLISION,4,5060.42,2,0,3,0,1.0,False,0,FAST_TRACK
AUTO_COLLISION,PARKING_DAMAGE,4,1046.2,2,0,4,0,1.0,False,0,FAST_TRACK
AUTO_COLLISION,FRONT_COLLISION,12,1177.6,2,0,3,0,1.0,False,0,STANDARD
AUTO_COLLISION,FRONT_COLLISION,2,7564.04,5,0,3,0,1.0,False,0,EXPERT_REVIEW
AUTO_COLLISION,FRONT_COLLISION,4,2425.98,4,0,6,1,0.8333333333333334,False,2,EXPERT_REVIEW
AUTO_COLLISION,SIDE_COLLISION,3,1748.34,3,0,5,0,1.0,True,0,EXPERT_REVIEW
AUTO_COLLISION,FRONT_COLLISION,3,4800.42,4,0,5,2,0.6,False,0,EXPERT_REVIEW
AUTO_COLLISION,REAR_COLLISION,7,3401.51,6,1,3,0,1.0,False,0,INVESTIGATION
AUTO_COLLISION,FRONT_COLLISION,8,3238.13,2,0,3,0,1.0,False,1,STANDARD
AUTO_COLLISION,PARKING_DAMAGE,3,894.38,2,1,3,0,1.0,False,0,EXPERT_REVIEW
AUTO_COLLISION,REAR_COLLISION,8,1539.55,3,0,5,0,1.0,False,0,STANDARD
AUTO_COLLISION,REAR_COLLISION,10,12809.94,3,1,4,0,1.0,False,2,EXPERT_REVIEW
AUTO_COLLISION,FRONT_COLLISION,4,1913.95,3,0,6,0,1.0,False,0,STANDARD
AUTO_COLLISION,REAR_COLLISION,6,3063.53,2,1,5,2,0.6,False,0,STANDARD
AUTO_COLLISION,REAR_COLLISION,4,1459.01,1,0,3,0,1.0,False,0,FAST_TRACK
AUTO_COLLISION,SIDE_COLLISION,3,887.88,2,1,4,1,0.75,False,1,INVESTIGATION
AUTO_COLLISION,SIDE_COLLISION,8,2407.9,8,0,6,0,1.0,False,0,EXPERT_REVIEW
AUTO_COLLISION,FRONT_COLLISION,5,779.19,2,0,5,0,1.0,False,0,FAST_TRACK
AUTO_COLLISION,SIDE_COLLISION,5,2951.12,2,0,5,0,1.0,False,0,EXPERT_REVIEW
AUTO_COLLISION,FRONT_COLLISION,1,9353.0,5,1,4,1,0.75,False,0,STANDARD
AUTO_COLLISION,REAR_COLLISION,1,2808.59,3,1,3,1,0.6666666666666666,False,0,STANDARD
AUTO_COLLISION,PARKING_DAMAGE,9,936.89,2,1,3,0,1.0,False,1,INVESTIGATION
AUTO_COLLISION,PARKING_DAMAGE,6,1789.64,2,0,4,0,1.0,False,0,EXPERT_REVIEW
AUTO_COLLISION,REAR_COLLISION,6,1973.42,3,0,4,0,1.0,False,0,STANDARD
AUTO_COLLISION,SIDE_COLLISION,7,1986.27,1,3,3,0,1.0,False,0,INVESTIGATION
AUTO_COLLISION,SIDE_COLLISION,4,2650.59,1,2,5,1,0.8,True,1,EXPERT_REVIEW
AUTO_COLLISION,REAR_COLLISION,8,4712.71,1,0,4,0,1.0,False,0,STANDARD
AUTO_COLLISION,FRONT_COLLISION,9,2740.68,2,0,4,0,1.0,False,0,FAST_TRACK
AUTO_COLLISION,REAR_COLLISION,6,1446.96,1,0,3,0,1.0,False,0,FAST_TRACK
AUTO_COLLISION,REAR_COLLISION,5,945.28,1,0,4,0,1.0,False,0,STANDARD
AUTO_COLLISION,FRONT_COLLISION,8,2088.76,2,1,4,3,0.25,False,2,INVESTIGATION
AUTO_COLLISION,SIDE_COLLISION,5,4005.4,3,0,3,0,1.0,False,0,STANDARD
AUTO_COLLISION,REAR_COLLISION,5,1172.11,2,0,6,1,0.8333333333333334,False,1,INVESTIGATION
AUTO_COLLISION,SIDE_COLLISION,4,3867.13,1,2,3,1,0.6666666666666666,False,3,INVESTIGATION
AUTO_COLLISION,SIDE_COLLISION,7,2007.09,3,0,6,0,1.0,False,0,FAST_TRACK
AUTO_COLLISION,FRONT_COLLISION,4,2101.61,3,0,5,0,1.0,False,0,EXPERT_REVIEW
AUTO_COLLISION,FRONT_COLLISION,12,1584.75,3,0,3,0,1.0,False,0,EXPERT_REVIEW
AUTO_COLLISION,REAR_COLLISION,3,4496.65,3,0,3,1,0.6666666666666666,False,0,EXPERT_REVIEW
AUTO_COLLISION,FRONT_COLLISION,5,1561.92,2,0,4,0,1.0,False,0,STANDARD
AUTO_COLLISION,REAR_COLLISION,5,3518.61,1,0,3,0,1.0,False,1,STANDARD
AUTO_COLLISION,FRONT_COLLISION,9,711.66,3,0,4,0,1.0,False,0,FAST_TRACK
AUTO_COLLISION,SIDE_COLLISION,13,8936.24,5,1,4,1,0.75,True,1,EXPERT_REVIEW
AUTO_COLLISION,FRONT_COLLISION,7,1690.01,1,0,5,0,1.0,False,0,FAST_TRACK
AUTO_COLLISION,SIDE_COLLISION,7,2274.64,2,0,5,0,1.0,False,0,FAST_TRACK
AUTO_COLLISION,REAR_COLLISION,6,411.52,3,0,4,0,1.0,False,0,STANDARD
AUTO_COLLISION,FRONT_COLLISION,9,2674.11,4,0,3,0,1.0,False,0,FAST_TRACK
AUTO_COLLISION,PARKING_DAMAGE,4,673.78,2,0,6,0,1.0,False,0,STANDARD
AUTO_COLLISION,REAR_COLLISION,4,3368.53,3,0,4,3,0.25,False,4,INVESTIGATION
AUTO_COLLISION,SIDE_COLLISION,2,2375.31,2,1,3,0,1.0,False,1,STANDARD
AUTO_COLLISION,REAR_COLLISION,9,2337.71,4,0,3,0,1.0,False,0,EXPERT_REVIEW
AUTO_COLLISION,REAR_COLLISION,11,4143.61,1,0,6,0,1.0,False,0,FAST_TRACK
AUTO_COLLISION,FRONT_COLLISION,5,2419.97,1,0,4,0,1.0,False,0,STANDARD
AUTO_COLLISION,FRONT_COLLISION,5,3661.49,1,0,4,3,0.25,True,2,EXPERT_REVIEW
AUTO_COLLISION,REAR_COLLISION,3,613.5,1,0,4,0,1.0,False,0,FAST_TRACK
AUTO_COLLISION,REAR_COLLISION,5,330.77,3,0,4,1,0.75,False,1,EXPERT_REVIEW
AUTO_COLLISION,PARKING_DAMAGE,5,810.58,2,0,6,1,0.8333333333333334,False,0,EXPERT_REVIEW
AUTO_COLLISION,REAR_COLLISION,10,2330.43,3,0,5,1,0.8,False,0,FAST_TRACK
AUTO_COLLISION,FRONT_COLLISION,8,7662.22,2,1,6,2,0.6666666666666666,False,1,STANDARD
AUTO_COLLISION,SIDE_COLLISION,7,2361.92,3,1,6,1,0.8333333333333334,False,0,FAST_TRACK
AUTO_COLLISION,PARKING_DAMAGE,6,1735.12,2,0,4,0,1.0,False,0,STANDARD
AUTO_COLLISION,REAR_COLLISION,6,1500.7,3,0,5,0,1.0,False,0,STANDARD
AUTO_COLLISION,REAR_COLLISION,7,1165.19,4,0,5,0,1.0,False,1,EXPERT_REVIEW
AUTO_COLLISION,FRONT_COLLISION,8,7322.12,4,1,4,1,0.75,False,1,STANDARD
AUTO_COLLISION,PARKING_DAMAGE,3,932.7,2,0,4,0,1.0,False,0,FAST_TRACK
AUTO_COLLISION,PARKING_DAMAGE,6,2627.1,6,0,4,0,1.0,True,0,STANDARD
AUTO_COLLISION,REAR_COLLISION,3,5866.83,1,1,3,2,0.3333333333333333,False,1,INVESTIGATION
AUTO_COLLISION,SIDE_COLLISION,8,6082.22,2,2,6,0,1.0,True,0,EXPERT_REVIEW
AUTO_COLLISION,FRONT_COLLISION,4,1658.21,4,0,6,2,0.6666666666666666,False,4,STANDARD
AUTO_COLLISION,REAR_COLLISION,4,1861.47,1,0,5,1,0.8,False,0,STANDARD
AUTO_COLLISION,REAR_COLLISION,6,8268.04,4,1,4,0,1.0,False,0,INVESTIGATION
AUTO_COLLISION,FRONT_COLLISION,8,1576.56,2,0,5,1,0.8,True,0,STANDARD
AUTO_COLLISION,SIDE_COLLISION,5,2742.41,3,1,3,0,1.0,False,1,STANDARD
AUTO_COLLISION,SIDE_COLLISION,5,2335.56,1,0,3,0,1.0,False,0,EXPERT_REVIEW
AUTO_COLLISION,SIDE_COLLISION,5,19263.88,7,1,3,0,1.0,True,0,EXPERT_REVIEW
AUTO_COLLISION,SIDE_COLLISION,7,2454.99,2,0,6,1,0.8333333333333334,False,1,FAST_TRACK
AUTO_COLLISION,REAR_COLLISION,6,4259.98,4,1,6,2,0.6666666666666666,False,0,FAST_TRACK
AUTO_COLLISION,FRONT_COLLISION,4,3179.4,4,0,4,1,0.75,False,2,FAST_TRACK
AUTO_COLLISION,REAR_COLLISION,5,787.56,3,0,4,0,1.0,False,0,EXPERT_REVIEW
AUTO_COLLISION,REAR_COLLISION,7,1009.71,1,1,3,1,0.6666666666666666,False,1,STANDARD
AUTO_COLLISION,FRONT_COLLISION,8,1878.05,3,1,3,1,0.6666666666666666,False,4,EXPERT_REVIEW
AUTO_COLLISION,PARKING_DAMAGE,5,640.88,2,0,4,0,1.0,False,0,FAST_TRACK
AUTO_COLLISION,REAR_COLLISION,5,5125.89,2,0,4,0,1.0,False,0,STANDARD
AUTO_COLLISION,FRONT_COLLISION,1,3995.89,1,1,6,1,0.8333333333333334,False,0,INVESTIGATION
AUTO_COLLISION,REAR_COLLISION,5,1909.35,2,0,4,0,1.0,False,0,EXPERT_REVIEW
AUTO_COLLISION,FRONT_COLLISION,10,7908.51,6,1,4,0,1.0,False,0,EXPERT_REVIEW
AUTO_COLLISION,REAR_COLLISION,6,1507.83,2,2,4,1,0.75,False,0,EXPERT_REVIEW
AUTO_COLLISION,FRONT_COLLISION,1,1491.8,3,0,6,2,0.6666666666666666,False,0,EXPERT_REVIEW
AUTO_COLLISION,REAR_COLLISION,5,1552.76,3,0,3,1,0.6666666666666666,False,0,STANDARD
AUTO_COLLISION,SIDE_COLLISION,4,1420.15,4,1,3,1,0.6666666666666666,False,2,EXPERT_REVIEW
AUTO_COLLISION,PARKING_DAMAGE,8,1172.68,3,0,3,0,1.0,False,0,FAST_TRACK
AUTO_COLLISION,FRONT_COLLISION,5,1052.3,1,0,6,0,1.0,False,0,STANDARD
AUTO_COLLISION,FRONT_COLLISION,10,1739.23,2,0,3,0,1.0,False,0,STANDARD
AUTO_COLLISION,FRONT_COLLISION,1,1181.43,2,0,3,0,1.0,False,0,STANDARD
AUTO_COLLISION,FRONT_COLLISION,13,2365.13,3,2,3,0,1.0,False,2,EXPERT_REVIEW
AUTO_COLLISION,FRONT_COLLISION,10,6332.48,4,1,6,1,0.8333333333333334,True,1,STANDARD
AUTO_COLLISION,SIDE_COLLISION,2,9368.47,2,2,4,0,1.0,True,0,FAST_TRACK
AUTO_COLLISION,REAR_COLLISION,10,1723.89,1,0,4,0,1.0,False,0,FAST_TRACK
AUTO_COLLISION,PARKING_DAMAGE,9,1149.7,3,0,4,2,0.5,False,3,EXPERT_REVIEW
AUTO_COLLISION,REAR_COLLISION,1,1743.03,2,0,4,0,1.0,False,1,STANDARD
AUTO_COLLISION,REAR_COLLISION,2,6710.49,2,0,5,0,1.0,False,0,STANDARD
AUTO_COLLISION,FRONT_COLLISION,4,1081.38,2,0,3,0,1.0,False,0,EXPERT_REVIEW
AUTO_COLLISION,FRONT_COLLISION,5,1373.77,1,1,6,1,0.8333333333333334,False,0,FAST_TRACK
AUTO_COLLISION,FRONT_COLLISION,3,12530.78,5,2,6,1,0.8333333333333334,False,2,EXPERT_REVIEW
AUTO_COLLISION,SIDE_COLLISION,5,3658.33,6,0,4,2,0.5,False,1,STANDARD
AUTO_COLLISION,PARKING_DAMAGE,5,1339.55,1,2,4,0,1.0,False,4,INVESTIGATION
AUTO_COLLISION,FRONT_COLLISION,4,2619.69,2,0,3,0,1.0,False,0,EXPERT_REVIEW
AUTO_COLLISION,FRONT_COLLISION,6,1672.99,2,0,6,1,0.8333333333333334,False,2,EXPERT_REVIEW
AUTO_COLLISION,FRONT_COLLISION,7,1669.2,1,0,3,0,1.0,False,0,STANDARD
AUTO_COLLISION,REAR_COLLISION,6,3789.78,1,1,3,2,0.3333333333333333,False,1,STANDARD
AUTO_COLLISION,FRONT_COLLISION,5,8845.94,3,1,5,1,0.8,False,4,INVESTIGATION
AUTO_COLLISION,FRONT_COLLISION,8,3792.78,1,1,6,1,0.8333333333333334,False,2,STANDARD
AUTO_COLLISION,REAR_COLLISION,6,1349.84,1,0,3,0,1.0,False,0,STANDARD
AUTO_COLLISION,FRONT_COLLISION,7,765.24,1,0,3,0,1.0,False,0,EXPERT_REVIEW
AUTO_COLLISION,FRONT_COLLISION,5,641.73,1,0,6,1,0.8333333333333334,False,0,FAST_TRACK
AUTO_COLLISION,PARKING_DAMAGE,3,714.41,4,0,3,0,1.0,False,1,EXPERT_REVIEW
AUTO_COLLISION,PARKING_DAMAGE,4,892.46,3,0,5,0,1.0,False,0,FAST_TRACK
AUTO_COLLISION,REAR_COLLISION,4,4620.39,6,0,4,1,0.75,False,0,EXPERT_REVIEW
AUTO_COLLISION,SIDE_COLLISION,4,2213.26,2,0,6,2,0.6666666666666666,True,0,EXPERT_REVIEW
AUTO_COLLISION,PARKING_DAMAGE,6,2606.75,1,0,6,2,0.6666666666666666,True,0,EXPERT_REVIEW
AUTO_COLLISION,FRONT_COLLISION,4,5548.85,1,0,3,0,1.0,True,0,STANDARD
AUTO_COLLISION,FRONT_COLLISION,3,2054.31,1,0,5,0,1.0,False,0,EXPERT_REVIEW
AUTO_COLLISION,FRONT_COLLISION,6,2841.02,3,1,5,0,1.0,False,1,STANDARD
AUTO_COLLISION,REAR_COLLISION,8,3535.22,4,0,5,0,1.0,False,0,STANDARD
AUTO_COLLISION,FRONT_COLLISION,9,14071.98,4,1,5,0,1.0,False,0,STANDARD
AUTO_COLLISION,REAR_COLLISION,9,5607.43,1,0,5,0,1.0,False,0,FAST_TRACK
AUTO_COLLISION,REAR_COLLISION,4,2987.64,3,0,4,0,1.0,False,1,EXPERT_REVIEW
AUTO_COLLISION,FRONT_COLLISION,5,5275.18,5,0,4,0,1.0,True,0,EXPERT_REVIEW
AUTO_COLLISION,REAR_COLLISION,7,3016.77,4,0,3,0,1.0,True,0,EXPERT_REVIEW
AUTO_COLLISION,FRONT_COLLISION,6,7768.79,4,0,3,0,1.0,False,0,INVESTIGATION
AUTO_COLLISION,REAR_COLLISION,5,1225.31,2,0,3,0,1.0,False,1,FAST_TRACK
AUTO_COLLISION,SIDE_COLLISION,3,1612.72,1,0,6,0,1.0,False,0,FAST_TRACK
AUTO_COLLISION,PARKING_DAMAGE,6,2672.95,3,0,6,2,0.6666666666666666,False,2,INVESTIGATION
AUTO_COLLISION,REAR_COLLISION,7,5585.7,3,1,6,0,1.0,True,0,EXPERT_REVIEW
AUTO_COLLISION,PARKING_DAMAGE,1,1340.4,3,1,5,0,1.0,False,2,INVESTIGATION
AUTO_COLLISION,FRONT_COLLISION,7,2270.17,5,0,4,0,1.0,False,0,STANDARD
AUTO_COLLISION,REAR_COLLISION,7,5890.15,3,1,4,0,1.0,False,1,INVESTIGATION
AUTO_COLLISION,FRONT_COLLISION,4,2698.2,2,0,3,0,1.0,False,2,STANDARD
AUTO_COLLISION,SIDE_COLLISION,7,4664.32,4,2,4,1,0.75,False,0,INVESTIGATION
AUTO_COLLISION,FRONT_COLLISION,5,1410.81,3,0,3,0,1.0,False,0,FAST_TRACK
AUTO_COLLISION,SIDE_COLLISION,6,3001.16,1,0,6,1,0.8333333333333334,False,0,STANDARD
AUTO_COLLISION,REAR_COLLISION,9,1719.01,3,0,6,0,1.0,False,0,EXPERT_REVIEW
AUTO_COLLISION,REAR_COLLISION,7,3756.04,1,1,6,1,0.8333333333333334,False,0,FAST_TRACK
AUTO_COLLISION,REAR_COLLISION,5,1338.7,1,0,6,0,1.0,False,0,FAST_TRACK
AUTO_COLLISION,REAR_COLLISION,10,4295.4,5,0,3,0,1.0,False,0,STANDARD
AUTO_COLLISION,FRONT_COLLISION,9,2239.75,1,0,4,0,1.0,False,0,FAST_TRACK
AUTO_COLLISION,SIDE_COLLISION,4,1333.53,1,1,6,2,0.6666666666666666,True,0,EXPERT_REVIEW
AUTO_COLLISION,PARKING_DAMAGE,8,771.11,2,0,4,1,0.75,False,0,STANDARD
AUTO_COLLISION,SIDE_COLLISION,5,7874.6,6,0,3,1,0.6666666666666666,False,1,INVESTIGATION
AUTO_COLLISION,PARKING_DAMAGE,6,2994.53,3,0,5,0,1.0,False,0,STANDARD
AUTO_COLLISION,PARKING_DAMAGE,5,908.92,3,0,5,0,1.0,True,0,STANDARD
AUTO_COLLISION,REAR_COLLISION,7,1230.62,4,0,3,0,1.0,False,0,EXPERT_REVIEW
AUTO_COLLISION,SIDE_COLLISION,5,4749.78,5,0,6,0,1.0,True,0,EXPERT_REVIEW
AUTO_COLLISION,PARKING_DAMAGE,6,1172.09,1,0,4,0,1.0,False,0,EXPERT_REVIEW
AUTO_COLLISION,SIDE_COLLISION,9,3026.19,5,0,6,1,0.8333333333333334,False,1,EXPERT_REVIEW
AUTO_COLLISION,FRONT_COLLISION,8,8432.54,3,3,3,1,0.6666666666666666,True,2,EXPERT_REVIEW
AUTO_COLLISION,SIDE_COLLISION,4,1889.82,4,0,6,1,0.8333333333333334,True,0,EXPERT_REVIEW
AUTO_COLLISION,SIDE_COLLISION,7,2668.99,3,0,6,0,1.0,False,0,STANDARD
AUTO_COLLISION,PARKING_DAMAGE,9,1265.85,1,0,5,1,0.8,False,0,EXPERT_REVIEW
AUTO_COLLISION,PARKING_DAMAGE,7,1561.36,1,0,5,1,0.8,False,1,STANDARD
AUTO_COLLISION,SIDE_COLLISION,5,2656.09,5,0,6,1,0.8333333333333334,False,0,STANDARD
AUTO_COLLISION,REAR_COLLISION,11,971.1,2,1,5,2,0.6,False,0,EXPERT_REVIEW
AUTO_COLLISION,REAR_COLLISION,9,833.95,1,0,6,0,1.0,False,0,STANDARD
AUTO_COLLISION,REAR_COLLISION,2,3548.05,2,0,4,1,0.75,False,1,EXPERT_REVIEW
AUTO_COLLISION,REAR_COLLISION,2,2504.86,3,0,6,0,1.0,False,1,INVESTIGATION
AUTO_COLLISION,SIDE_COLLISION,6,7000.88,4,2,6,0,1.0,True,0,EXPERT_REVIEW
AUTO_COLLISION,REAR_COLLISION,6,2605.86,2,1,4,0,1.0,False,0,STANDARD
AUTO_COLLISION,REAR_COLLISION,5,1316.12,3,0,6,0,1.0,False,0,STANDARD
AUTO_COLLISION,SIDE_COLLISION,8,2754.13,2,1,3,0,1.0,False,0,STANDARD
AUTO_COLLISION,PARKING_DAMAGE,5,2341.54,2,0,3,0,1.0,False,0,STANDARD
AUTO_COLLISION,SIDE_COLLISION,4,1751.75,3,0,3,0,1.0,False,0,FAST_TRACK
AUTO_COLLISION,SIDE_COLLISION,5,1626.96,2,0,3,1,0.6666666666666666,False,1,EXPERT_REVIEW
AUTO_COLLISION,FRONT_COLLISION,5,648.91,4,0,3,0,1.0,False,0,FAST_TRACK
AUTO_COLLISION,SIDE_COLLISION,5,744.81,1,1,4,0,1.0,False,1,EXPERT_REVIEW
AUTO_COLLISION,FRONT_COLLISION,5,3059.42,2,1,4,0,1.0,False,1,STANDARD
AUTO_COLLISION,SIDE_COLLISION,6,5335.95,1,1,5,0,1.0,False,0,EXPERT_REVIEW
AUTO_COLLISION,REAR_COLLISION,6,1027.54,2,2,5,1,0.8,False,3,FAST_TRACK
AUTO_COLLISION,FRONT_COLLISION,8,1587.91,1,0,3,1,0.6666666666666666,False,1,EXPERT_REVIEW
AUTO_COLLISION,FRONT_COLLISION,3,10714.84,6,0,5,0,1.0,False,0,STANDARD
AUTO_COLLISION,REAR_COLLISION,5,819.01,1,0,6,0,1.0,False,0,INVESTIGATION
AUTO_COLLISION,REAR_COLLISION,5,1493.01,4,0,3,0,1.0,True,1,EXPERT_REVIEW
AUTO_COLLISION,REAR_COLLISION,3,899.55,1,0,5,1,0.8,False,0,FAST_TRACK
AUTO_COLLISION,PARKING_DAMAGE,4,3350.94,2,1,3,0,1.0,False,1,EXPERT_REVIEW
AUTO_COLLISION,SIDE_COLLISION,5,3803.07,2,1,6,0,1.0,False,1,INVESTIGATION
AUTO_COLLISION,SIDE_COLLISION,7,1951.59,1,1,3,1,0.6666666666666666,False,0,EXPERT_REVIEW
AUTO_COLLISION,REAR_COLLISION,6,539.84,3,0,6,1,0.8333333333333334,False,0,FAST_TRACK
AUTO_COLLISION,FRONT_COLLISION,3,2629.06,2,0,6,0,1.0,False,0,STANDARD
AUTO_COLLISION,SIDE_COLLISION,5,1931.58,1,0,4,0,1.0,False,0,FAST_TRACK
AUTO_COLLISION,REAR_COLLISION,4,1681.27,2,1,3,0,1.0,False,1,EXPERT_REVIEW
AUTO_COLLISION,PARKING_DAMAGE,4,1457.81,2,0,3,0,1.0,False,0,STANDARD
AUTO_COLLISION,SIDE_COLLISION,3,434.25,2,0,6,0,1.0,True,0,EXPERT_REVIEW
AUTO_COLLISION,REAR_COLLISION,3,712.52,4,0,6,1,0.8333333333333334,False,0,STANDARD
AUTO_COLLISION,REAR_COLLISION,6,1079.55,3,0,3,0,1.0,False,0,STANDARD
AUTO_COLLISION,PARKING_DAMAGE,8,1010.9,2,0,4,0,1.0,True,0,STANDARD
AUTO_COLLISION,REAR_COLLISION,4,3649.57,2,0,4,0,1.0,False,1,FAST_TRACK
AUTO_COLLISION,FRONT_COLLISION,4,2178.42,4,1,4,0,1.0,False,2,STANDARD
AUTO_COLLISION,SIDE_COLLISION,9,4605.68,3,0,5,1,0.8,True,0,STANDARD
AUTO_COLLISION,REAR_COLLISION,9,3034.49,5,1,6,0,1.0,False,0,STANDARD
AUTO_COLLISION,FRONT_COLLISION,4,2909.22,4,0,3,0,1.0,False,0,EXPERT_REVIEW
AUTO_COLLISION,PARKING_DAMAGE,7,1904.28,2,1,6,1,0.8333333333333334,False,0,FAST_TRACK
AUTO_COLLISION,SIDE_COLLISION,2,730.99,5,1,4,1,0.75,False,0,EXPERT_REVIEW
AUTO_COLLISION,SIDE_COLLISION,10,5005.85,3,0,6,0,1.0,False,0,EXPERT_REVIEW
AUTO_COLLISION,SIDE_COLLISION,7,3777.39,1,0,3,0,1.0,False,1,EXPERT_REVIEW
AUTO_COLLISION,SIDE_COLLISION,9,4439.24,3,0,5,0,1.0,False,1,STANDARD
AUTO_COLLISION,REAR_COLLISION,5,1062.32,2,0,3,0,1.0,False,0,STANDARD
AUTO_COLLISION,PARKING_DAMAGE,7,1701.52,2,0,6,1,0.8333333333333334,False,0,STANDARD
AUTO_COLLISION,SIDE_COLLISION,5,2484.21,1,0,5,2,0.6,False,3,FAST_TRACK
AUTO_COLLISION,PARKING_DAMAGE,12,951.17,1,0,6,1,0.8333333333333334,False,1,STANDARD
AUTO_COLLISION,FRONT_COLLISION,8,16752.01,3,1,5,2,0.6,False,2,INVESTIGATION
AUTO_COLLISION,REAR_COLLISION,8,4903.75,3,0,3,0,1.0,False,0,EXPERT_REVIEW
AUTO_COLLISION,SIDE_COLLISION,5,4763.6,4,0,5,1,0.8,False,0,EXPERT_REVIEW
AUTO_COLLISION,FRONT_COLLISION,2,1924.22,2,1,5,1,0.8,False,2,STANDARD
AUTO_COLLISION,REAR_COLLISION,7,3093.13,3,1,3,1,0.6666666666666666,False,1,STANDARD
AUTO_COLLISION,REAR_COLLISION,4,1534.68,2,0,6,0,1.0,True,0,FAST_TRACK
AUTO_COLLISION,FRONT_COLLISION,4,2167.84,1,0,4,1,0.75,True,0,EXPERT_REVIEW
AUTO_COLLISION,FRONT_COLLISION,11,4920.47,2,0,4,1,0.75,False,0,STANDARD
AUTO_COLLISION,REAR_COLLISION,13,273.12,3,0,5,0,1.0,False,0,EXPERT_REVIEW
AUTO_COLLISION,SIDE_COLLISION,6,1838.75,4,0,6,0,1.0,False,0,STANDARD
AUTO_COLLISION,PARKING_DAMAGE,4,1347.18,2,0,3,0,1.0,False,0,FAST_TRACK
AUTO_COLLISION,SIDE_COLLISION,6,4640.1,2,1,3,2,0.3333333333333333,False,2,INVESTIGATION
AUTO_COLLISION,FRONT_COLLISION,8,1989.49,1,0,4,0,1.0,False,0,STANDARD
AUTO_COLLISION,FRONT_COLLISION,2,2668.06,2,0,4,1,0.75,False,1,EXPERT_REVIEW
AUTO_COLLISION,SIDE_COLLISION,7,3062.14,3,1,4,0,1.0,False,0,STANDARD
AUTO_COLLISION,SIDE_COLLISION,7,4758.72,2,1,3,1,0.6666666666666666,False,0,EXPERT_REVIEW
AUTO_COLLISION,REAR_COLLISION,9,1288.2,1,0,3,0,1.0,False,1,STANDARD
AUTO_COLLISION,SIDE_COLLISION,7,5153.11,5,0,4,1,0.75,False,2,EXPERT_REVIEW
AUTO_COLLISION,SIDE_COLLISION,7,9060.29,5,0,6,2,0.6666666666666666,False,1,STANDARD
AUTO_COLLISION,PARKING_DAMAGE,7,2405.71,3,0,5,0,1.0,False,0,EXPERT_REVIEW
AUTO_COLLISION,SIDE_COLLISION,12,3904.52,2,0,6,0,1.0,False,0,STANDARD
AUTO_COLLISION,PARKING_DAMAGE,5,3003.29,5,0,6,2,0.6666666666666666,False,1,STANDARD
AUTO_COLLISION,REAR_COLLISION,6,872.55,3,1,4,0,1.0,False,0,STANDARD
AUTO_COLLISION,SIDE_COLLISION,3,2848.54,5,0,3,0,1.0,False,1,FAST_TRACK
AUTO_COLLISION,SIDE_COLLISION,8,3184.97,3,0,4,0,1.0,False,0,FAST_TRACK
AUTO_COLLISION,SIDE_COLLISION,6,2259.18,4,0,3,0,1.0,False,0,STANDARD
AUTO_COLLISION,FRONT_COLLISION,8,2590.19,2,0,5,0,1.0,False,0,FAST_TRACK
AUTO_COLLISION,FRONT_COLLISION,3,3400.08,1,2,6,1,0.8333333333333334,False,1,INVESTIGATION
AUTO_COLLISION,REAR_COLLISION,7,1618.08,4,0,4,0,1.0,False,1,EXPERT_REVIEW
AUTO_COLLISION,SIDE_COLLISION,6,1996.25,2,0,5,2,0.6,False,0,STANDARD
AUTO_COLLISION,SIDE_COLLISION,4,867.21,1,0,5,0,1.0,True,0,STANDARD
AUTO_COLLISION,REAR_COLLISION,10,3899.1,3,0,6,1,0.8333333333333334,False,0,EXPERT_REVIEW
AUTO_COLLISION,REAR_COLLISION,6,1309.07,2,0,6,1,0.8333333333333334,True,0,EXPERT_REVIEW
AUTO_COLLISION,PARKING_DAMAGE,13,2030.18,2,0,3,1,0.6666666666666666,False,1,STANDARD
AUTO_COLLISION,PARKING_DAMAGE,3,3524.77,1,0,3,0,1.0,False,0,FAST_TRACK
AUTO_COLLISION,FRONT_COLLISION,5,2650.87,3,1,5,1,0.8,False,1,INVESTIGATION
AUTO_COLLISION,PARKING_DAMAGE,5,1525.91,1,0,4,0,1.0,True,0,EXPERT_REVIEW
AUTO_COLLISION,FRONT_COLLISION,7,714.98,1,1,5,0,1.0,False,1,STANDARD
AUTO_COLLISION,SIDE_COLLISION,11,3503.53,5,1,3,0,1.0,False,0,EXPERT_REVIEW
AUTO_COLLISION,SIDE_COLLISION,10,4441.55,1,0,6,2,0.6666666666666666,False,2,INVESTIGATION
AUTO_COLLISION,REAR_COLLISION,6,3983.59,1,0,3,1,0.6666666666666666,False,0,FAST_TRACK
AUTO_COLLISION,REAR_COLLISION,8,1958.76,2,2,4,1,0.75,False,2,INVESTIGATION
AUTO_COLLISION,FRONT_COLLISION,9,3317.15,5,1,6,2,0.6666666666666666,False,1,INVESTIGATION
AUTO_COLLISION,REAR_COLLISION,8,1771.9,4,0,4,0,1.0,False,1,FAST_TRACK
AUTO_COLLISION,FRONT_COLLISION,7,1048.25,1,0,6,1,0.8333333333333334,True,0,STANDARD
AUTO_COLLISION,SIDE_COLLISION,4,4127.25,2,2,5,0,1.0,False,0,EXPERT_REVIEW
AUTO_COLLISION,SIDE_COLLISION,8,1507.36,2,0,3,0,1.0,False,0,STANDARD
AUTO_COLLISION,FRONT_COLLISION,5,8258.97,3,1,6,1,0.8333333333333334,True,0,EXPERT_REVIEW
AUTO_COLLISION,FRONT_COLLISION,1,3518.57,2,0,5,0,1.0,False,0,STANDARD
AUTO_COLLISION,PARKING_DAMAGE,4,1256.64,3,0,3,0,1.0,False,0,FAST_TRACK
AUTO_COLLISION,SIDE_COLLISION,6,1177.82,1,0,3,0,1.0,False,0,EXPERT_REVIEW
AUTO_COLLISION,SIDE_COLLISION,6,5175.79,3,1,6,0,1.0,False,2,EXPERT_REVIEW
AUTO_COLLISION,FRONT_COLLISION,5,1870.82,3,1,4,0,1.0,False,2,EXPERT_REVIEW
AUTO_COLLISION,FRONT_COLLISION,6,1680.6,1,1,3,0,1.0,False,1,FAST_TRACK
AUTO_COLLISION,REAR_COLLISION,5,3331.68,3,3,4,0,1.0,False,0,EXPERT_REVIEW
AUTO_COLLISION,FRONT_COLLISION,6,4735.34,3,1,5,0,1.0,False,0,STANDARD
AUTO_COLLISION,REAR_COLLISION,6,704.09,2,0,6,0,1.0,False,0,STANDARD
AUTO_COLLISION,SIDE_COLLISION,8,5404.66,2,3,3,2,0.3333333333333333,False,0,EXPERT_REVIEW
AUTO_COLLISION,FRONT_COLLISION,2,1698.6,3,0,3,0,1.0,False,0,FAST_TRACK
AUTO_COLLISION,REAR_COLLISION,3,1943.15,4,0,5,4,0.2,False,1,INVESTIGATION
AUTO_COLLISION,PARKING_DAMAGE,7,2610.69,2,0,5,0,1.0,False,0,INVESTIGATION
AUTO_COLLISION,SIDE_COLLISION,6,1880.67,2,0,6,0,1.0,False,0,FAST_TRACK
AUTO_COLLISION,SIDE_COLLISION,3,1191.16,3,0,6,1,0.8333333333333334,False,0,STANDARD
AUTO_COLLISION,FRONT_COLLISION,6,3465.67,4,0,3,0,1.0,False,0,INVESTIGATION
AUTO_COLLISION,FRONT_COLLISION,6,1471.84,2,0,3,1,0.6666666666666666,False,0,FAST_TRACK
AUTO_COLLISION,FRONT_COLLISION,6,14846.27,3,0,3,0,1.0,False,0,STANDARD
AUTO_COLLISION,SIDE_COLLISION,7,3547.15,3,0,4,0,1.0,False,0,EXPERT_REVIEW
AUTO_COLLISION,SIDE_COLLISION,6,4413.11,5,0,5,0,1.0,False,0,FAST_TRACK
AUTO_COLLISION,SIDE_COLLISION,5,1355.47,1,0,4,1,0.75,False,1,INVESTIGATION
AUTO_COLLISION,SIDE_COLLISION,4,3075.15,3,0,5,1,0.8,False,0,STANDARD
AUTO_COLLISION,REAR_COLLISION,1,2831.61,3,0,4,0,1.0,False,0,STANDARD
AUTO_COLLISION,SIDE_COLLISION,10,1676.19,1,0,4,0,1.0,False,0,STANDARD
AUTO_COLLISION,FRONT_COLLISION,8,4195.74,1,0,3,0,1.0,True,0,EXPERT_REVIEW
AUTO_COLLISION,PARKING_DAMAGE,9,1868.9,3,0,6,0,1.0,False,0,STANDARD
AUTO_COLLISION,REAR_COLLISION,6,3113.63,3,0,4,0,1.0,False,0,STANDARD
AUTO_COLLISION,PARKING_DAMAGE,3,6274.84,3,0,3,1,0.6666666666666666,False,0,EXPERT_REVIEW
AUTO_COLLISION,FRONT_COLLISION,6,1429.11,2,0,4,0,1.0,False,0,FAST_TRACK
AUTO_COLLISION,FRONT_COLLISION,8,2496.41,1,0,4,0,1.0,False,0,FAST_TRACK
AUTO_COLLISION,REAR_COLLISION,11,1927.33,2,0,3,1,0.6666666666666666,False,1,EXPERT_REVIEW
AUTO_COLLISION,PARKING_DAMAGE,6,2482.01,3,1,4,0,1.0,False,0,STANDARD
AUTO_COLLISION,REAR_COLLISION,6,1900.21,2,1,6,2,0.6666666666666666,True,2,INVESTIGATION
AUTO_COLLISION,REAR_COLLISION,2,4596.19,2,0,4,0,1.0,False,0,FAST_TRACK
AUTO_COLLISION,FRONT_COLLISION,8,2347.55,2,0,3,0,1.0,False,0,STANDARD
AUTO_COLLISION,FRONT_COLLISION,7,7751.05,6,1,4,0,1.0,False,2,INVESTIGATION
AUTO_COLLISION,SIDE_COLLISION,5,1394.57,4,0,4,0,1.0,True,0,INVESTIGATION
AUTO_COLLISION,REAR_COLLISION,6,821.21,2,0,3,1,0.6666666666666666,False,1,STANDARD
AUTO_COLLISION,FRONT_COLLISION,5,917.25,3,0,3,0,1.0,False,0,STANDARD
AUTO_COLLISION,PARKING_DAMAGE,6,2064.66,3,0,4,2,0.5,False,1,INVESTIGATION
AUTO_COLLISION,PARKING_DAMAGE,8,321.69,3,0,5,0,1.0,False,0,STANDARD
AUTO_COLLISION,FRONT_COLLISION,4,6281.5,6,2,3,0,1.0,False,0,STANDARD
AUTO_COLLISION,FRONT_COLLISION,3,1348.92,2,1,6,0,1.0,True,0,EXPERT_REVIEW
AUTO_COLLISION,FRONT_COLLISION,11,1438.25,2,0,6,0,1.0,False,0,STANDARD
AUTO_COLLISION,SIDE_COLLISION,7,7223.49,4,0,5,1,0.8,False,1,EXPERT_REVIEW
AUTO_COLLISION,REAR_COLLISION,8,1398.82,2,0,6,0,1.0,False,0,FAST_TRACK
AUTO_COLLISION,REAR_COLLISION,4,1907.77,2,1,6,0,1.0,False,2,INVESTIGATION
AUTO_COLLISION,PARKING_DAMAGE,5,1308.96,1,0,6,0,1.0,False,0,FAST_TRACK
AUTO_COLLISION,PARKING_DAMAGE,6,543.18,2,0,5,1,0.8,False,1,STANDARD
AUTO_COLLISION,REAR_COLLISION,3,4277.64,5,1,4,0,1.0,False,2,STANDARD
AUTO_COLLISION,REAR_COLLISION,9,1217.68,1,0,6,2,0.6666666666666666,False,1,INVESTIGATION
AUTO_COLLISION,FRONT_COLLISION,8,1639.89,2,0,5,1,0.8,False,0,FAST_TRACK
AUTO_COLLISION,PARKING_DAMAGE,2,290.81,2,0,5,0,1.0,False,0,FAST_TRACK
AUTO_COLLISION,FRONT_COLLISION,10,2057.91,1,0,3,0,1.0,False,0,STANDARD
AUTO_COLLISION,REAR_COLLISION,3,1596.11,2,1,5,1,0.8,False,1,STANDARD
AUTO_COLLISION,SIDE_COLLISION,4,1070.41,1,1,6,0,1.0,False,1,STANDARD
AUTO_COLLISION,SIDE_COLLISION,8,3133.68,2,0,5,1,0.8,False,1,STANDARD
AUTO_COLLISION,REAR_COLLISION,9,3468.51,1,0,5,0,1.0,False,0,STANDARD
AUTO_COLLISION,REAR_COLLISION,7,1524.78,3,0,6,0,1.0,False,0,STANDARD
AUTO_COLLISION,PARKING_DAMAGE,8,470.67,1,1,6,1,0.8333333333333334,False,1,EXPERT_REVIEW
AUTO_COLLISION,SIDE_COLLISION,8,5151.43,4,0,3,0,1.0,False,0,STANDARD
AUTO_COLLISION,FRONT_COLLISION,6,1388.35,1,0,3,1,0.6666666666666666,True,1,INVESTIGATION
AUTO_COLLISION,SIDE_COLLISION,5,4119.2,3,0,5,0,1.0,True,0,STANDARD
AUTO_COLLISION,SIDE_COLLISION,9,2272.46,4,0,6,1,0.8333333333333334,False,0,EXPERT_REVIEW
AUTO_COLLISION,FRONT_COLLISION,3,4867.59,1,2,5,0,1.0,False,2,STANDARD
AUTO_COLLISION,SIDE_COLLISION,5,5278.17,6,2,5,1,0.8,False,2,EXPERT_REVIEW
AUTO_COLLISION,SIDE_COLLISION,3,1649.76,3,0,4,0,1.0,False,0,FAST_TRACK
AUTO_COLLISION,REAR_COLLISION,9,2607.53,1,0,4,0,1.0,False,0,FAST_TRACK
AUTO_COLLISION,PARKING_DAMAGE,5,5873.65,4,3,4,0,1.0,True,0,EXPERT_REVIEW
AUTO_COLLISION,REAR_COLLISION,7,789.74,2,0,5,0,1.0,False,0,STANDARD
AUTO_COLLISION,FRONT_COLLISION,3,1747.13,2,0,4,1,0.75,False,0,STANDARD
AUTO_COLLISION,REAR_COLLISION,4,2609.24,4,0,4,0,1.0,False,0,INVESTIGATION
AUTO_COLLISION,FRONT_COLLISION,7,5337.76,4,1,5,2,0.6,False,4,STANDARD
AUTO_COLLISION,SIDE_COLLISION,6,1574.93,3,0,6,0,1.0,False,0,FAST_TRACK
AUTO_COLLISION,FRONT_COLLISION,5,2337.4,2,0,5,1,0.8,False,0,INVESTIGATION
AUTO_COLLISION,REAR_COLLISION,9,5978.29,3,0,6,0,1.0,False,0,EXPERT_REVIEW
AUTO_COLLISION,REAR_COLLISION,8,839.32,3,0,4,0,1.0,False,0,STANDARD
AUTO_COLLISION,REAR_COLLISION,6,589.95,6,0,3,0,1.0,False,0,STANDARD
AUTO_COLLISION,FRONT_COLLISION,6,4893.22,1,0,4,0,1.0,False,0,STANDARD
AUTO_COLLISION,PARKING_DAMAGE,8,2995.24,2,0,5,0,1.0,False,0,STANDARD
AUTO_COLLISION,SIDE_COLLISION,5,3775.22,3,1,5,0,1.0,False,0,STANDARD
AUTO_COLLISION,SIDE_COLLISION,4,666.38,3,0,5,1,0.8,False,0,STANDARD
AUTO_COLLISION,PARKING_DAMAGE,9,508.28,2,0,4,0,1.0,False,0,FAST_TRACK
AUTO_COLLISION,REAR_COLLISION,5,1303.87,3,0,5,1,0.8,False,2,INVESTIGATION
AUTO_COLLISION,PARKING_DAMAGE,5,719.64,1,0,6,0,1.0,False,0,STANDARD
AUTO_COLLISION,FRONT_COLLISION,8,3096.59,1,1,5,0,1.0,False,1,STANDARD
AUTO_COLLISION,REAR_COLLISION,9,739.24,2,1,5,1,0.8,True,1,INVESTIGATION
AUTO_COLLISION,FRONT_COLLISION,11,3256.78,4,0,6,1,0.8333333333333334,False,1,INVESTIGATION
AUTO_COLLISION,FRONT_COLLISION,6,4330.52,4,0,5,0,1.0,False,0,INVESTIGATION
AUTO_COLLISION,REAR_COLLISION,6,3793.55,3,1,4,1,0.75,True,1,EXPERT_REVIEW
AUTO_COLLISION,FRONT_COLLISION,6,9723.6,6,1,5,0,1.0,False,0,EXPERT_REVIEW
AUTO_COLLISION,SIDE_COLLISION,4,1471.41,4,0,5,1,0.8,False,0,STANDARD
AUTO_COLLISION,REAR_COLLISION,6,1595.49,3,1,6,0,1.0,False,0,INVESTIGATION
AUTO_COLLISION,SIDE_COLLISION,6,5995.91,4,0,5,2,0.6,True,1,EXPERT_REVIEW
AUTO_COLLISION,FRONT_COLLISION,10,10909.62,8,0,5,0,1.0,False,0,EXPERT_REVIEW
AUTO_COLLISION,PARKING_DAMAGE,3,2647.06,2,0,6,0,1.0,False,0,STANDARD
AUTO_COLLISION,SIDE_COLLISION,7,3237.94,4,0,4,0,1.0,False,0,STANDARD
AUTO_COLLISION,REAR_COLLISION,5,2004.38,2,0,4,0,1.0,False,0,FAST_TRACK
AUTO_COLLISION,SIDE_COLLISION,4,13929.24,2,2,4,0,1.0,True,3,INVESTIGATION
AUTO_COLLISION,REAR_COLLISION,5,1331.44,1,0,3,0,1.0,False,0,INVESTIGATION
AUTO_COLLISION,SIDE_COLLISION,6,2366.8,1,0,3,0,1.0,False,0,STANDARD
AUTO_COLLISION,REAR_COLLISION,5,2329.65,3,1,4,0,1.0,False,0,EXPERT_REVIEW
AUTO_COLLISION,FRONT_COLLISION,4,1906.84,2,0,5,0,1.0,False,0,FAST_TRACK
AUTO_COLLISION,REAR_COLLISION,10,2424.12,1,0,5,0,1.0,False,0,FAST_TRACK
AUTO_COLLISION,FRONT_COLLISION,8,914.22,6,0,3,0,1.0,False,0,FAST_TRACK
AUTO_COLLISION,FRONT_COLLISION,3,4905.61,2,0,4,0,1.0,True,0,EXPERT_REVIEW
AUTO_COLLISION,SIDE_COLLISION,6,1425.52,1,0,6,0,1.0,False,0,EXPERT_REVIEW
AUTO_COLLISION,PARKING_DAMAGE,3,2490.4,2,0,4,1,0.75,False,0,STANDARD
AUTO_COLLISION,REAR_COLLISION,4,2040.44,3,0,6,0,1.0,False,0,STANDARD
AUTO_COLLISION,REAR_COLLISION,5,3188.14,2,0,5,0,1.0,False,0,FAST_TRACK
AUTO_COLLISION,PARKING_DAMAGE,8,3666.74,1,0,3,0,1.0,True,0,EXPERT_REVIEW
AUTO_COLLISION,PARKING_DAMAGE,6,684.69,1,0,5,0,1.0,False,0,FAST_TRACK
AUTO_COLLISION,REAR_COLLISION,3,672.43,3,0,6,1,0.8333333333333334,False,1,EXPERT_REVIEW
AUTO_COLLISION,SIDE_COLLISION,6,2551.8,1,0,4,0,1.0,False,0,FAST_TRACK
AUTO_COLLISION,SIDE_COLLISION,7,3410.78,3,0,3,0,1.0,True,0,STANDARD
AUTO_COLLISION,FRONT_COLLISION,11,1761.97,2,0,3,0,1.0,False,0,STANDARD
AUTO_COLLISION,REAR_COLLISION,7,794.25,3,0,6,3,0.5,False,1,INVESTIGATION
AUTO_COLLISION,FRONT_COLLISION,7,1215.57,1,0,4,0,1.0,False,0,FAST_TRACK
AUTO_COLLISION,REAR_COLLISION,9,6868.17,2,1,5,2,0.6,False,5,INVESTIGATION
AUTO_COLLISION,REAR_COLLISION,10,2706.72,2,1,5,2,0.6,False,0,STANDARD
AUTO_COLLISION,REAR_COLLISION,8,1710.06,1,1,5,0,1.0,False,1,STANDARD
AUTO_COLLISION,REAR_COLLISION,2,1993.12,1,0,6,0,1.0,False,1,INVESTIGATION
AUTO_COLLISION,REAR_COLLISION,6,1063.9,1,0,6,0,1.0,False,0,FAST_TRACK
AUTO_COLLISION,SIDE_COLLISION,3,4544.47,3,0,6,1,0.8333333333333334,False,0,STANDARD
AUTO_COLLISION,REAR_COLLISION,7,1024.21,2,0,4,0,1.0,True,0,EXPERT_REVIEW
AUTO_COLLISION,REAR_COLLISION,8,2108.47,4,0,3,0,1.0,True,0,EXPERT_REVIEW
AUTO_COLLISION,SIDE_COLLISION,4,2632.0,3,0,5,0,1.0,False,0,STANDARD
AUTO_COLLISION,REAR_COLLISION,6,2351.49,3,1,6,1,0.8333333333333334,False,1,INVESTIGATION
AUTO_COLLISION,SIDE_COLLISION,7,1263.34,1,0,6,0,1.0,True,2,EXPERT_REVIEW
AUTO_COLLISION,FRONT_COLLISION,8,1840.72,2,0,4,0,1.0,False,0,FAST_TRACK
AUTO_COLLISION,FRONT_COLLISION,8,4086.42,5,0,5,0,1.0,False,0,STANDARD
AUTO_COLLISION,FRONT_COLLISION,5,582.87,3,0,4,0,1.0,False,0,EXPERT_REVIEW
AUTO_COLLISION,FRONT_COLLISION,5,4772.67,2,2,4,0,1.0,False,1,STANDARD
AUTO_COLLISION,REAR_COLLISION,8,3856.59,5,2,5,0,1.0,False,2,INVESTIGATION
AUTO_COLLISION,PARKING_DAMAGE,9,914.56,2,0,5,1,0.8,False,0,STANDARD
AUTO_COLLISION,FRONT_COLLISION,6,913.88,2,0,6,0,1.0,False,0,EXPERT_REVIEW
AUTO_COLLISION,PARKING_DAMAGE,6,2316.61,1,0,3,0,1.0,False,0,EXPERT_REVIEW
AUTO_COLLISION,FRONT_COLLISION,2,12207.54,4,1,3,0,1.0,False,0,STANDARD
AUTO_COLLISION,FRONT_COLLISION,7,1085.05,4,0,3,0,1.0,False,0,STANDARD
AUTO_COLLISION,REAR_COLLISION,4,1316.77,1,2,3,1,0.6666666666666666,False,1,INVESTIGATION
AUTO_COLLISION,REAR_COLLISION,10,2023.41,2,0,4,0,1.0,False,0,INVESTIGATION
AUTO_COLLISION,FRONT_COLLISION,7,2137.51,1,0,4,0,1.0,False,0,STANDARD
AUTO_COLLISION,REAR_COLLISION,8,2011.02,2,0,4,1,0.75,False,0,INVESTIGATION
AUTO_COLLISION,PARKING_DAMAGE,5,879.49,4,0,6,0,1.0,False,0,STANDARD
AUTO_COLLISION,FRONT_COLLISION,7,2019.73,2,0,3,0,1.0,False,0,STANDARD
AUTO_COLLISION,REAR_COLLISION,5,1375.14,2,1,6,1,0.8333333333333334,False,1,EXPERT_REVIEW
AUTO_COLLISION,FRONT_COLLISION,5,3828.17,3,1,4,0,1.0,False,0,STANDARD
AUTO_COLLISION,SIDE_COLLISION,7,5579.79,4,1,5,0,1.0,False,1,INVESTIGATION
AUTO_COLLISION,REAR_COLLISION,4,2350.32,1,0,6,0,1.0,False,0,INVESTIGATION
AUTO_COLLISION,FRONT_COLLISION,6,14023.96,6,1,6,1,0.8333333333333334,False,1,EXPERT_REVIEW
AUTO_COLLISION,FRONT_COLLISION,6,2029.74,2,1,3,1,0.6666666666666666,False,1,INVESTIGATION
AUTO_COLLISION,SIDE_COLLISION,7,1682.88,3,0,4,0,1.0,False,0,EXPERT_REVIEW
AUTO_COLLISION,SIDE_COLLISION,8,10873.58,6,3,5,2,0.6,False,3,INVESTIGATION
AUTO_COLLISION,SIDE_COLLISION,12,9212.24,7,0,4,0,1.0,False,0,STANDARD
AUTO_COLLISION,FRONT_COLLISION,7,4401.18,6,0,3,1,0.6666666666666666,False,1,EXPERT_REVIEW
AUTO_COLLISION,PARKING_DAMAGE,4,679.21,1,0,5,1,0.8,False,0,EXPERT_REVIEW
AUTO_COLLISION,FRONT_COLLISION,3,4042.77,3,0,6,0,1.0,False,0,STANDARD
AUTO_COLLISION,FRONT_COLLISION,5,312.48,1,0,5,0,1.0,False,0,FAST_TRACK
AUTO_COLLISION,FRONT_COLLISION,4,4087.9,2,0,3,0,1.0,False,1,EXPERT_REVIEW
AUTO_COLLISION,PARKING_DAMAGE,2,592.79,3,0,6,1,0.8333333333333334,False,0,EXPERT_REVIEW
AUTO_COLLISION,SIDE_COLLISION,5,2319.63,3,0,6,0,1.0,True,1,EXPERT_REVIEW
AUTO_COLLISION,PARKING_DAMAGE,5,611.96,2,0,3,0,1.0,False,1,EXPERT_REVIEW
AUTO_COLLISION,REAR_COLLISION,4,1643.41,2,0,4,0,1.0,False,1,STANDARD
AUTO_COLLISION,FRONT_COLLISION,4,14344.8,8,1,6,2,0.6666666666666666,False,0,EXPERT_REVIEW
AUTO_COLLISION,PARKING_DAMAGE,7,2604.13,3,0,3,0,1.0,False,0,FAST_TRACK
AUTO_COLLISION,SIDE_COLLISION,5,2426.32,2,1,4,0,1.0,False,0,STANDARD
AUTO_COLLISION,SIDE_COLLISION,8,2440.94,2,0,6,0,1.0,False,1,INVESTIGATION
AUTO_COLLISION,SIDE_COLLISION,2,3701.42,5,0,3,0,1.0,False,0,STANDARD
AUTO_COLLISION,SIDE_COLLISION,7,1575.35,1,0,4,0,1.0,False,0,STANDARD
AUTO_COLLISION,FRONT_COLLISION,4,3282.47,3,0,3,0,1.0,False,0,STANDARD
AUTO_COLLISION,SIDE_COLLISION,5,1780.82,4,1,5,1,0.8,False,0,EXPERT_REVIEW
AUTO_COLLISION,SIDE_COLLISION,7,1334.27,2,0,3,1,0.6666666666666666,False,0,FAST_TRACK
AUTO_COLLISION,REAR_COLLISION,12,6062.98,2,0,5,0,1.0,False,0,FAST_TRACK
AUTO_COLLISION,REAR_COLLISION,7,1386.98,5,0,3,0,1.0,False,1,FAST_TRACK
AUTO_COLLISION,PARKING_DAMAGE,7,300.95,6,0,3,0,1.0,False,0,STANDARD
AUTO_COLLISION,FRONT_COLLISION,5,2165.67,2,0,6,0,1.0,False,0,STANDARD
AUTO_COLLISION,SIDE_COLLISION,8,1892.24,1,0,6,1,0.8333333333333334,False,2,STANDARD
AUTO_COLLISION,PARKING_DAMAGE,6,651.25,4,1,6,2,0.6666666666666666,False,1,EXPERT_REVIEW
AUTO_COLLISION,FRONT_COLLISION,5,2631.34,2,0,4,0,1.0,False,0,STANDARD
AUTO_COLLISION,FRONT_COLLISION,3,6278.3,5,1,6,0,1.0,False,0,EXPERT_REVIEW
AUTO_COLLISION,PARKING_DAMAGE,6,2201.06,4,0,5,0,1.0,True,0,EXPERT_REVIEW
AUTO_COLLISION,FRONT_COLLISION,7,13614.51,7,0,3,0,1.0,False,0,EXPERT_REVIEW
AUTO_COLLISION,FRONT_COLLISION,4,939.63,3,1,3,0,1.0,False,0,EXPERT_REVIEW
AUTO_COLLISION,FRONT_COLLISION,6,675.35,3,0,3,0,1.0,False,0,EXPERT_REVIEW
AUTO_COLLISION,SIDE_COLLISION,10,1951.87,3,1,5,1,0.8,False,1,STANDARD
AUTO_COLLISION,REAR_COLLISION,3,3210.89,3,0,5,0,1.0,False,0,FAST_TRACK
AUTO_COLLISION,PARKING_DAMAGE,4,1704.86,1,0,6,0,1.0,False,0,STANDARD
AUTO_COLLISION,FRONT_COLLISION,4,3995.22,1,0,6,0,1.0,False,0,EXPERT_REVIEW
AUTO_COLLISION,FRONT_COLLISION,3,4942.02,1,0,3,0,1.0,True,0,EXPERT_REVIEW
AUTO_COLLISION,PARKING_DAMAGE,7,1821.73,2,0,3,0,1.0,False,0,STANDARD
AUTO_COLLISION,REAR_COLLISION,2,4749.99,3,0,4,1,0.75,False,0,STANDARD
AUTO_COLLISION,SIDE_COLLISION,5,2118.25,2,0,3,0,1.0,False,0,FAST_TRACK
AUTO_COLLISION,FRONT_COLLISION,4,6509.54,6,2,4,0,1.0,False,2,EXPERT_REVIEW
AUTO_COLLISION,SIDE_COLLISION,8,2701.48,1,0,4,1,0.75,False,0,EXPERT_REVIEW
AUTO_COLLISION,FRONT_COLLISION,5,1603.16,2,0,4,1,0.75,False,0,INVESTIGATION
AUTO_COLLISION,SIDE_COLLISION,4,4098.02,1,1,6,0,1.0,False,2,INVESTIGATION
AUTO_COLLISION,REAR_COLLISION,17,542.89,4,0,3,1,0.6666666666666666,False,0,STANDARD
AUTO_COLLISION,SIDE_COLLISION,11,2926.02,1,0,6,1,0.8333333333333334,False,0,STANDARD
AUTO_COLLISION,SIDE_COLLISION,7,2008.16,3,0,3,0,1.0,False,0,STANDARD
AUTO_COLLISION,REAR_COLLISION,7,728.14,1,0,3,0,1.0,False,0,FAST_TRACK
AUTO_COLLISION,FRONT_COLLISION,8,5254.6,4,0,6,0,1.0,True,0,EXPERT_REVIEW
AUTO_COLLISION,FRONT_COLLISION,5,1928.05,2,1,5,0,1.0,False,1,FAST_TRACK
AUTO_COLLISION,SIDE_COLLISION,5,1441.83,3,0,3,0,1.0,False,0,STANDARD
AUTO_COLLISION,PARKING_DAMAGE,3,935.75,2,0,3,1,0.6666666666666666,False,0,FAST_TRACK
AUTO_COLLISION,FRONT_COLLISION,5,2641.54,4,0,3,0,1.0,False,0,STANDARD
AUTO_COLLISION,SIDE_COLLISION,8,1994.32,2,0,3,0,1.0,False,0,FAST_TRACK
AUTO_COLLISION,REAR_COLLISION,8,2087.56,2,0,5,1,0.8,False,0,STANDARD
AUTO_COLLISION,FRONT_COLLISION,6,4554.98,2,1,5,0,1.0,False,0,STANDARD
AUTO_COLLISION,SIDE_COLLISION,8,8931.91,3,0,5,1,0.8,True,0,EXPERT_REVIEW
AUTO_COLLISION,SIDE_COLLISION,3,4145.41,2,0,3,0,1.0,False,0,EXPERT_REVIEW
AUTO_COLLISION,REAR_COLLISION,3,6371.03,2,1,6,2,0.6666666666666666,False,1,EXPERT_REVIEW
AUTO_COLLISION,FRONT_COLLISION,7,2089.98,4,1,3,0,1.0,False,1,EXPERT_REVIEW
AUTO_COLLISION,REAR_COLLISION,4,1157.27,1,1,3,1,0.6666666666666666,False,0,INVESTIGATION
AUTO_COLLISION,REAR_COLLISION,9,4088.05,2,0,6,2,0.6666666666666666,False,2,EXPERT_REVIEW
AUTO_COLLISION,REAR_COLLISION,8,1670.51,2,0,6,1,0.8333333333333334,False,0,STANDARD
AUTO_COLLISION,REAR_COLLISION,8,4023.62,3,1,4,1,0.75,False,1,STANDARD
AUTO_COLLISION,FRONT_COLLISION,6,3528.76,2,0,5,0,1.0,False,0,FAST_TRACK
AUTO_COLLISION,SIDE_COLLISION,4,6053.27,1,0,6,1,0.8333333333333334,False,1,EXPERT_REVIEW
AUTO_COLLISION,REAR_COLLISION,5,1697.99,1,0,3,0,1.0,False,0,INVESTIGATION
AUTO_COLLISION,REAR_COLLISION,3,4085.69,5,2,6,2,0.6666666666666666,True,2,EXPERT_REVIEW
AUTO_COLLISION,PARKING_DAMAGE,4,318.23,2,0,4,1,0.75,False,1,STANDARD
AUTO_COLLISION,SIDE_COLLISION,8,2344.14,3,0,4,0,1.0,False,0,STANDARD
AUTO_COLLISION,FRONT_COLLISION,5,3595.59,4,0,3,0,1.0,False,0,EXPERT_REVIEW
AUTO_COLLISION,PARKING_DAMAGE,3,1217.8,2,0,3,1,0.6666666666666666,False,0,STANDARD
AUTO_COLLISION,SIDE_COLLISION,5,2136.25,1,0,5,0,1.0,False,0,STANDARD
AUTO_COLLISION,FRONT_COLLISION,5,1318.02,4,0,4,0,1.0,False,0,EXPERT_REVIEW
AUTO_COLLISION,REAR_COLLISION,9,3985.69,4,0,4,0,1.0,False,0,INVESTIGATION
AUTO_COLLISION,FRONT_COLLISION,2,4525.78,2,0,3,0,1.0,False,0,EXPERT_REVIEW
AUTO_COLLISION,FRONT_COLLISION,5,1895.23,2,0,4,2,0.5,False,0,STANDARD
AUTO_COLLISION,REAR_COLLISION,8,1314.55,2,1,6,1,0.8333333333333334,False,1,STANDARD
AUTO_COLLISION,FRONT_COLLISION,5,1683.49,3,0,4,0,1.0,False,0,FAST_TRACK
AUTO_COLLISION,FRONT_COLLISION,8,758.82,2,0,5,1,0.8,False,1,STANDARD
AUTO_COLLISION,SIDE_COLLISION,2,5359.82,4,1,5,0,1.0,False,1,STANDARD
AUTO_COLLISION,PARKING_DAMAGE,9,2500.83,2,0,3,0,1.0,False,1,STANDARD
AUTO_COLLISION,SIDE_COLLISION,5,1642.26,3,0,5,0,1.0,False,0,EXPERT_REVIEW
AUTO_COLLISION,REAR_COLLISION,6,2435.21,5,0,5,1,0.8,False,0,EXPERT_REVIEW
AUTO_COLLISION,REAR_COLLISION,4,4843.66,1,1,5,1,0.8,False,2,EXPERT_REVIEW
AUTO_COLLISION,REAR_COLLISION,6,4643.44,3,0,5,1,0.8,True,0,EXPERT_REVIEW
AUTO_COLLISION,FRONT_COLLISION,5,2597.6,3,0,6,0,1.0,True,0,EXPERT_REVIEW
AUTO_COLLISION,PARKING_DAMAGE,9,630.17,1,0,5,0,1.0,False,0,STANDARD
AUTO_COLLISION,SIDE_COLLISION,7,5790.5,3,1,6,0,1.0,False,0,STANDARD
AUTO_COLLISION,REAR_COLLISION,9,477.72,3,1,5,0,1.0,False,0,FAST_TRACK
AUTO_COLLISION,PARKING_DAMAGE,11,1992.9,1,0,3,0,1.0,False,0,FAST_TRACK
AUTO_COLLISION,FRONT_COLLISION,1,4948.55,3,1,5,1,0.8,False,0,STANDARD
AUTO_COLLISION,SIDE_COLLISION,4,6566.14,3,0,3,0,1.0,False,0,STANDARD
AUTO_COLLISION,REAR_COLLISION,9,3831.55,5,0,3,0,1.0,False,0,EXPERT_REVIEW
AUTO_COLLISION,FRONT_COLLISION,5,1543.24,2,0,4,0,1.0,False,0,FAST_TRACK
AUTO_COLLISION,FRONT_COLLISION,5,6984.49,2,0,5,0,1.0,False,0,STANDARD
AUTO_COLLISION,REAR_COLLISION,6,4234.48,2,2,3,0,1.0,False,1,INVESTIGATION
AUTO_COLLISION,PARKING_DAMAGE,7,456.12,2,1,5,0,1.0,False,0,EXPERT_REVIEW
AUTO_COLLISION,FRONT_COLLISION,5,1459.54,2,0,6,0,1.0,True,1,EXPERT_REVIEW
AUTO_COLLISION,SIDE_COLLISION,12,5930.21,1,2,3,0,1.0,False,1,EXPERT_REVIEW
AUTO_COLLISION,PARKING_DAMAGE,3,3513.44,4,0,6,2,0.6666666666666666,False,0,STANDARD
AUTO_COLLISION,REAR_COLLISION,8,2774.83,8,1,6,0,1.0,False,0,EXPERT_REVIEW
AUTO_COLLISION,REAR_COLLISION,5,3640.71,4,0,5,0,1.0,False,1,INVESTIGATION
AUTO_COLLISION,SIDE_COLLISION,6,1337.27,1,0,5,1,0.8,False,0,STANDARD
AUTO_COLLISION,FRONT_COLLISION,1,814.97,1,0,5,0,1.0,False,0,EXPERT_REVIEW
AUTO_COLLISION,SIDE_COLLISION,3,3042.67,5,2,3,1,0.6666666666666666,False,3,INVESTIGATION
AUTO_COLLISION,REAR_COLLISION,9,1435.55,3,0,6,0,1.0,True,0,STANDARD
AUTO_COLLISION,REAR_COLLISION,5,1567.02,2,0,5,1,0.8,False,1,EXPERT_REVIEW
AUTO_COLLISION,REAR_COLLISION,6,1052.4,3,0,6,1,0.8333333333333334,False,0,FAST_TRACK
AUTO_COLLISION,FRONT_COLLISION,2,6907.54,5,1,4,1,0.75,False,0,INVESTIGATION
AUTO_COLLISION,FRONT_COLLISION,7,4507.22,5,0,5,0,1.0,False,0,STANDARD
AUTO_COLLISION,REAR_COLLISION,6,800.29,3,0,3,0,1.0,False,0,STANDARD
AUTO_COLLISION,SIDE_COLLISION,5,2163.79,4,0,3,0,1.0,False,0,EXPERT_REVIEW
AUTO_COLLISION,REAR_COLLISION,10,1242.12,2,1,3,1,0.6666666666666666,False,0,FAST_TRACK
AUTO_COLLISION,REAR_COLLISION,5,543.35,1,0,4,1,0.75,False,0,STANDARD
AUTO_COLLISION,SIDE_COLLISION,7,1991.64,1,1,4,1,0.75,True,2,STANDARD
AUTO_COLLISION,SIDE_COLLISION,4,1443.13,2,1,5,0,1.0,False,1,STANDARD
AUTO_COLLISION,FRONT_COLLISION,4,3064.3,1,1,4,1,0.75,False,1,STANDARD
AUTO_COLLISION,FRONT_COLLISION,4,1815.88,3,0,6,0,1.0,False,0,STANDARD
AUTO_COLLISION,SIDE_COLLISION,7,2001.62,2,0,6,0,1.0,True,0,EXPERT_REVIEW
AUTO_COLLISION,FRONT_COLLISION,4,1739.29,2,2,5,1,0.8,False,1,INVESTIGATION
AUTO_COLLISION,FRONT_COLLISION,4,1391.25,1,0,4,0,1.0,False,0,FAST_TRACK
AUTO_COLLISION,FRONT_COLLISION,4,1976.94,1,0,6,2,0.6666666666666666,True,0,EXPERT_REVIEW
AUTO_COLLISION,FRONT_COLLISION,6,1592.15,3,0,4,1,0.75,False,2,INVESTIGATION
AUTO_COLLISION,SIDE_COLLISION,7,6097.72,2,0,5,0,1.0,True,0,EXPERT_REVIEW
AUTO_COLLISION,FRONT_COLLISION,7,944.35,1,0,6,2,0.6666666666666666,False,2,INVESTIGATION
AUTO_COLLISION,FRONT_COLLISION,2,3114.29,2,0,5,0,1.0,False,1,STANDARD
AUTO_COLLISION,REAR_COLLISION,6,919.75,3,0,4,0,1.0,False,1,EXPERT_REVIEW
AUTO_COLLISION,REAR_COLLISION,7,1072.3,2,0,4,1,0.75,False,0,EXPERT_REVIEW
AUTO_COLLISION,SIDE_COLLISION,11,737.23,3,1,4,2,0.5,False,1,STANDARD
AUTO_COLLISION,FRONT_COLLISION,5,3972.67,5,1,4,0,1.0,False,0,EXPERT_REVIEW
AUTO_COLLISION,FRONT_COLLISION,3,1223.7,1,0,4,0,1.0,False,0,FAST_TRACK
AUTO_COLLISION,FRONT_COLLISION,5,3228.6,4,1,3,0,1.0,False,0,EXPERT_REVIEW
AUTO_COLLISION,FRONT_COLLISION,5,5175.74,7,0,4,1,0.75,False,0,EXPERT_REVIEW
AUTO_COLLISION,PARKING_DAMAGE,6,340.85,2,2,4,2,0.5,False,5,INVESTIGATION
AUTO_COLLISION,REAR_COLLISION,6,1249.54,2,0,3,1,0.6666666666666666,False,1,INVESTIGATION
AUTO_COLLISION,FRONT_COLLISION,5,2900.42,4,0,3,1,0.6666666666666666,False,0,STANDARD
AUTO_COLLISION,REAR_COLLISION,4,6449.66,1,0,3,0,1.0,False,0,INVESTIGATION
AUTO_COLLISION,FRONT_COLLISION,3,1046.58,2,0,3,0,1.0,False,0,STANDARD
AUTO_COLLISION,PARKING_DAMAGE,4,765.52,1,0,4,0,1.0,False,0,FAST_TRACK
AUTO_COLLISION,SIDE_COLLISION,2,1906.37,3,0,6,1,0.8333333333333334,False,0,STANDARD
AUTO_COLLISION,REAR_COLLISION,5,1054.07,2,0,6,0,1.0,False,0,FAST_TRACK
AUTO_COLLISION,PARKING_DAMAGE,8,1098.55,3,0,3,0,1.0,False,0,STANDARD
AUTO_COLLISION,SIDE_COLLISION,2,4195.41,4,0,6,1,0.8333333333333334,False,0,STANDARD
AUTO_COLLISION,REAR_COLLISION,5,4816.5,3,1,6,1,0.8333333333333334,True,0,EXPERT_REVIEW
AUTO_COLLISION,SIDE_COLLISION,4,4182.9,1,0,6,2,0.6666666666666666,False,1,STANDARD
AUTO_COLLISION,FRONT_COLLISION,5,2649.14,2,1,4,0,1.0,False,0,FAST_TRACK
AUTO_COLLISION,SIDE_COLLISION,5,812.84,3,0,3,0,1.0,False,0,FAST_TRACK
AUTO_COLLISION,FRONT_COLLISION,10,3754.58,3,0,6,2,0.6666666666666666,False,0,STANDARD
AUTO_COLLISION,FRONT_COLLISION,4,1277.05,8,0,4,0,1.0,False,0,STANDARD
AUTO_COLLISION,FRONT_COLLISION,10,1735.79,3,0,6,1,0.8333333333333334,False,3,FAST_TRACK
AUTO_COLLISION,SIDE_COLLISION,3,10673.63,6,0,4,1,0.75,False,2,EXPERT_REVIEW
AUTO_COLLISION,REAR_COLLISION,7,2023.09,2,0,6,2,0.6666666666666666,False,0,STANDARD
AUTO_COLLISION,SIDE_COLLISION,2,2369.0,1,0,5,0,1.0,False,0,FAST_TRACK
AUTO_COLLISION,SIDE_COLLISION,2,3832.97,3,0,4,2,0.5,False,0,EXPERT_REVIEW
AUTO_COLLISION,FRONT_COLLISION,8,3922.32,1,0,3,0,1.0,False,0,EXPERT_REVIEW
AUTO_COLLISION,FRONT_COLLISION,3,1875.39,4,0,5,1,0.8,False,1,STANDARD
AUTO_COLLISION,FRONT_COLLISION,6,8114.04,4,0,5,0,1.0,True,0,EXPERT_REVIEW
AUTO_COLLISION,SIDE_COLLISION,7,2152.77,3,0,6,0,1.0,False,1,EXPERT_REVIEW
AUTO_COLLISION,PARKING_DAMAGE,5,1553.07,2,0,4,0,1.0,False,0,FAST_TRACK
AUTO_COLLISION,REAR_COLLISION,4,5369.44,5,0,3,0,1.0,False,0,STANDARD
AUTO_COLLISION,FRONT_COLLISION,7,624.62,2,0,6,1,0.8333333333333334,False,1,STANDARD
AUTO_COLLISION,FRONT_COLLISION,4,2175.53,3,0,3,0,1.0,False,0,EXPERT_REVIEW
AUTO_COLLISION,REAR_COLLISION,8,1775.59,1,0,5,0,1.0,False,0,FAST_TRACK
AUTO_COLLISION,PARKING_DAMAGE,5,350.07,2,1,3,0,1.0,False,0,FAST_TRACK
AUTO_COLLISION,FRONT_COLLISION,7,1398.54,3,0,3,0,1.0,False,0,EXPERT_REVIEW
AUTO_COLLISION,FRONT_COLLISION,3,2647.57,1,0,3,0,1.0,False,0,FAST_TRACK
AUTO_COLLISION,SIDE_COLLISION,2,1240.18,4,1,5,1,0.8,False,3,INVESTIGATION
AUTO_COLLISION,REAR_COLLISION,9,2359.36,2,1,4,2,0.5,False,1,INVESTIGATION
AUTO_COLLISION,SIDE_COLLISION,7,4968.2,6,0,3,0,1.0,False,0,EXPERT_REVIEW
AUTO_COLLISION,REAR_COLLISION,7,5520.82,2,2,4,2,0.5,False,3,INVESTIGATION
AUTO_COLLISION,FRONT_COLLISION,3,2995.41,1,0,4,0,1.0,False,0,FAST_TRACK
AUTO_COLLISION,FRONT_COLLISION,5,2155.29,3,0,3,0,1.0,True,0,EXPERT_REVIEW
AUTO_COLLISION,REAR_COLLISION,8,4560.99,2,2,6,0,1.0,False,0,INVESTIGATION
AUTO_COLLISION,FRONT_COLLISION,2,892.64,2,0,5,0,1.0,False,0,STANDARD
AUTO_COLLISION,FRONT_COLLISION,5,2601.44,2,0,4,1,0.75,False,0,FAST_TRACK
AUTO_COLLISION,FRONT_COLLISION,0,1663.04,1,1,5,1,0.8,False,0,STANDARD
AUTO_COLLISION,SIDE_COLLISION,6,2036.77,1,0,5,0,1.0,False,0,EXPERT_REVIEW
AUTO_COLLISION,SIDE_COLLISION,3,1489.99,1,0,5,0,1.0,False,0,STANDARD
AUTO_COLLISION,REAR_COLLISION,10,3311.49,3,1,3,0,1.0,False,0,EXPERT_REVIEW
AUTO_COLLISION,REAR_COLLISION,9,2078.9,1,1,6,1,0.8333333333333334,False,0,EXPERT_REVIEW
AUTO_COLLISION,FRONT_COLLISION,7,5345.15,5,0,3,0,1.0,True,0,EXPERT_REVIEW
AUTO_COLLISION,REAR_COLLISION,3,2030.05,1,1,5,0,1.0,False,0,INVESTIGATION
AUTO_COLLISION,REAR_COLLISION,10,3134.79,2,0,3,0,1.0,True,0,EXPERT_REVIEW
AUTO_COLLISION,REAR_COLLISION,6,2019.65,1,0,5,0,1.0,False,0,FAST_TRACK
AUTO_COLLISION,FRONT_COLLISION,6,624.93,2,1,5,0,1.0,False,0,EXPERT_REVIEW
AUTO_COLLISION,FRONT_COLLISION,1,1431.12,4,0,6,0,1.0,True,1,EXPERT_REVIEW
AUTO_COLLISION,REAR_COLLISION,8,3814.41,2,0,3,0,1.0,False,0,STANDARD
AUTO_COLLISION,REAR_COLLISION,5,1898.06,3,1,5,0,1.0,False,1,EXPERT_REVIEW
AUTO_COLLISION,FRONT_COLLISION,5,1277.1,3,1,6,0,1.0,False,0,STANDARD
AUTO_COLLISION,REAR_COLLISION,8,361.54,1,0,5,0,1.0,False,0,FAST_TRACK
AUTO_COLLISION,SIDE_COLLISION,5,2777.64,3,0,3,0,1.0,True,1,EXPERT_REVIEW
AUTO_COLLISION,PARKING_DAMAGE,6,435.92,2,0,5,0,1.0,False,0,FAST_TRACK
AUTO_COLLISION,PARKING_DAMAGE,4,522.74,3,1,5,0,1.0,False,1,INVESTIGATION
AUTO_COLLISION,SIDE_COLLISION,10,13500.63,4,0,5,0,1.0,True,0,EXPERT_REVIEW
AUTO_COLLISION,FRONT_COLLISION,6,1011.88,3,0,3,1,0.6666666666666666,False,1,STANDARD
AUTO_COLLISION,REAR_COLLISION,6,2271.05,2,1,5,1,0.8,False,0,EXPERT_REVIEW
AUTO_COLLISION,FRONT_COLLISION,4,10613.62,4,1,5,1,0.8,False,1,STANDARD
AUTO_COLLISION,SIDE_COLLISION,7,1027.11,1,0,6,0,1.0,False,0,FAST_TRACK
AUTO_COLLISION,FRONT_COLLISION,10,6755.87,1,1,4,0,1.0,False,1,STANDARD
AUTO_COLLISION,FRONT_COLLISION,6,1691.26,2,0,4,0,1.0,False,0,STANDARD
AUTO_COLLISION,REAR_COLLISION,6,2830.61,2,0,6,0,1.0,False,1,STANDARD
AUTO_COLLISION,SIDE_COLLISION,6,3729.13,3,0,5,0,1.0,True,0,EXPERT_REVIEW
AUTO_COLLISION,FRONT_COLLISION,10,1787.26,3,0,3,0,1.0,False,0,FAST_TRACK
AUTO_COLLISION,FRONT_COLLISION,10,4847.34,3,0,3,0,1.0,False,0,STANDARD
AUTO_COLLISION,REAR_COLLISION,4,2717.67,2,2,6,4,0.3333333333333333,False,2,INVESTIGATION
AUTO_COLLISION,REAR_COLLISION,7,2102.12,2,1,6,0,1.0,False,0,INVESTIGATION
AUTO_COLLISION,REAR_COLLISION,9,6829.33,3,0,4,0,1.0,True,0,EXPERT_REVIEW
AUTO_COLLISION,FRONT_COLLISION,7,1868.05,3,0,3,0,1.0,False,0,FAST_TRACK
AUTO_COLLISION,PARKING_DAMAGE,8,1225.44,1,0,4,0,1.0,False,0,FAST_TRACK
AUTO_COLLISION,REAR_COLLISION,3,2202.62,3,1,3,0,1.0,True,1,EXPERT_REVIEW
AUTO_COLLISION,REAR_COLLISION,3,6117.5,4,0,4,0,1.0,False,0,EXPERT_REVIEW
AUTO_COLLISION,SIDE_COLLISION,4,1562.73,4,0,6,0,1.0,False,0,STANDARD
AUTO_COLLISION,FRONT_COLLISION,7,502.85,1,0,3,0,1.0,False,0,FAST_TRACK
AUTO_COLLISION,FRONT_COLLISION,6,2218.0,5,0,4,1,0.75,False,0,EXPERT_REVIEW
AUTO_COLLISION,SIDE_COLLISION,7,2016.62,1,2,4,1,0.75,False,1,STANDARD
AUTO_COLLISION,SIDE_COLLISION,10,3144.47,2,0,5,2,0.6,True,0,EXPERT_REVIEW
AUTO_COLLISION,REAR_COLLISION,6,473.36,2,0,6,0,1.0,False,0,STANDARD
AUTO_COLLISION,FRONT_COLLISION,9,3873.35,4,0,6,0,1.0,True,0,EXPERT_REVIEW
AUTO_COLLISION,FRONT_COLLISION,5,2726.37,4,0,5,0,1.0,False,0,FAST_TRACK
AUTO_COLLISION,SIDE_COLLISION,7,1234.99,1,1,4,2,0.5,False,1,INVESTIGATION
AUTO_COLLISION,SIDE_COLLISION,3,4834.53,3,0,4,0,1.0,False,0,FAST_TRACK
AUTO_COLLISION,FRONT_COLLISION,8,1172.63,3,1,3,2,0.3333333333333333,False,0,INVESTIGATION
AUTO_COLLISION,FRONT_COLLISION,7,2615.89,2,0,3,0,1.0,False,0,STANDARD
AUTO_COLLISION,REAR_COLLISION,5,4521.62,3,0,6,0,1.0,False,0,FAST_TRACK
AUTO_COLLISION,SIDE_COLLISION,5,1378.67,2,0,5,0,1.0,False,0,FAST_TRACK
AUTO_COLLISION,PARKING_DAMAGE,1,4212.7,2,0,6,0,1.0,False,0,STANDARD
AUTO_COLLISION,SIDE_COLLISION,6,2631.5,3,0,5,0,1.0,False,0,FAST_TRACK
AUTO_COLLISION,REAR_COLLISION,4,1009.23,2,0,5,1,0.8,False,1,EXPERT_REVIEW
AUTO_COLLISION,SIDE_COLLISION,7,10039.6,5,0,3,0,1.0,False,0,EXPERT_REVIEW
AUTO_COLLISION,FRONT_COLLISION,8,1774.1,3,0,4,2,0.5,False,0,STANDARD
AUTO_COLLISION,FRONT_COLLISION,4,1946.38,2,1,6,0,1.0,False,0,INVESTIGATION
AUTO_COLLISION,REAR_COLLISION,3,2162.22,4,0,6,0,1.0,True,0,EXPERT_REVIEW
AUTO_COLLISION,FRONT_COLLISION,9,1337.93,4,0,5,1,0.8,False,0,FAST_TRACK
AUTO_COLLISION,FRONT_COLLISION,3,5033.6,2,1,3,0,1.0,False,0,EXPERT_REVIEW
AUTO_COLLISION,REAR_COLLISION,11,1171.68,3,0,4,0,1.0,False,0,FAST_TRACK
AUTO_COLLISION,SIDE_COLLISION,5,3029.53,5,0,5,1,0.8,True,0,EXPERT_REVIEW
AUTO_COLLISION,REAR_COLLISION,8,1606.51,2,0,6,1,0.8333333333333334,False,0,STANDARD
AUTO_COLLISION,SIDE_COLLISION,6,950.08,2,0,3,0,1.0,True,0,EXPERT_REVIEW
AUTO_COLLISION,FRONT_COLLISION,4,947.29,2,0,6,1,0.8333333333333334,False,1,STANDARD
AUTO_COLLISION,REAR_COLLISION,12,3817.22,3,2,4,0,1.0,False,2,INVESTIGATION
AUTO_COLLISION,FRONT_COLLISION,11,2858.9,2,0,6,1,0.8333333333333334,False,0,FAST_TRACK
AUTO_COLLISION,SIDE_COLLISION,9,1707.59,2,1,5,1,0.8,False,2,INVESTIGATION
AUTO_COLLISION,REAR_COLLISION,8,8537.72,2,1,3,0,1.0,False,1,STANDARD
AUTO_COLLISION,SIDE_COLLISION,6,4779.37,3,1,3,0,1.0,False,0,EXPERT_REVIEW
AUTO_COLLISION,REAR_COLLISION,4,6223.99,5,0,6,0,1.0,False,0,EXPERT_REVIEW
AUTO_COLLISION,FRONT_COLLISION,5,1878.02,1,0,6,0,1.0,False,0,EXPERT_REVIEW
AUTO_COLLISION,SIDE_COLLISION,6,15362.38,4,0,3,0,1.0,False,0,EXPERT_REVIEW
AUTO_COLLISION,FRONT_COLLISION,3,3172.48,3,1,3,0,1.0,False,0,EXPERT_REVIEW
AUTO_COLLISION,FRONT_COLLISION,8,447.61,4,0,5,0,1.0,False,0,FAST_TRACK
AUTO_COLLISION,REAR_COLLISION,5,6391.27,1,0,3,0,1.0,False,0,FAST_TRACK
AUTO_COLLISION,SIDE_COLLISION,6,1861.53,3,2,4,1,0.75,False,3,INVESTIGATION
AUTO_COLLISION,FRONT_COLLISION,7,2393.18,2,0,6,2,0.6666666666666666,True,2,EXPERT_REVIEW
AUTO_COLLISION,FRONT_COLLISION,8,2659.89,2,0,6,2,0.6666666666666666,False,0,STANDARD
AUTO_COLLISION,PARKING_DAMAGE,2,1122.75,1,0,6,0,1.0,False,1,STANDARD
AUTO_COLLISION,PARKING_DAMAGE,5,1614.47,2,2,4,2,0.5,False,1,INVESTIGATION
AUTO_COLLISION,SIDE_COLLISION,5,4614.7,3,1,6,0,1.0,False,0,FAST_TRACK
AUTO_COLLISION,REAR_COLLISION,6,1382.67,1,0,6,2,0.6666666666666666,False,3,STANDARD
AUTO_COLLISION,REAR_COLLISION,3,876.43,3,0,6,0,1.0,False,0,STANDARD
AUTO_COLLISION,FRONT_COLLISION,7,2179.89,1,0,5,0,1.0,False,0,FAST_TRACK
AUTO_COLLISION,SIDE_COLLISION,8,1489.26,4,0,3,0,1.0,False,0,FAST_TRACK
AUTO_COLLISION,FRONT_COLLISION,7,2255.4,5,0,3,0,1.0,True,0,EXPERT_REVIEW
AUTO_COLLISION,FRONT_COLLISION,7,2592.35,2,0,6,1,0.8333333333333334,False,0,EXPERT_REVIEW
AUTO_COLLISION,REAR_COLLISION,6,899.91,3,1,3,0,1.0,False,3,STANDARD
AUTO_COLLISION,FRONT_COLLISION,3,2984.37,1,1,3,1,0.6666666666666666,False,2,INVESTIGATION
AUTO_COLLISION,PARKING_DAMAGE,5,1792.67,1,0,4,1,0.75,False,1,FAST_TRACK
AUTO_COLLISION,FRONT_COLLISION,7,1974.8,2,0,4,1,0.75,False,0,FAST_TRACK
AUTO_COLLISION,FRONT_COLLISION,7,1228.98,2,1,4,1,0.75,False,3,EXPERT_REVIEW
AUTO_COLLISION,PARKING_DAMAGE,4,1554.25,3,0,4,1,0.75,False,0,FAST_TRACK
AUTO_COLLISION,SIDE_COLLISION,2,1685.68,1,0,3,0,1.0,False,0,STANDARD
AUTO_COLLISION,FRONT_COLLISION,5,5941.26,3,0,3,0,1.0,False,1,EXPERT_REVIEW
AUTO_COLLISION,SIDE_COLLISION,2,2462.13,2,1,4,0,1.0,True,1,EXPERT_REVIEW
AUTO_COLLISION,FRONT_COLLISION,6,3274.7,2,1,4,0,1.0,False,1,INVESTIGATION
AUTO_COLLISION,FRONT_COLLISION,9,2504.29,1,0,5,0,1.0,False,0,FAST_TRACK
AUTO_COLLISION,FRONT_COLLISION,3,1301.94,2,0,5,1,0.8,False,0,EXPERT_REVIEW
AUTO_COLLISION,FRONT_COLLISION,6,1468.09,3,0,3,0,1.0,False,0,INVESTIGATION
AUTO_COLLISION,PARKING_DAMAGE,8,492.79,3,0,5,0,1.0,False,1,STANDARD
AUTO_COLLISION,SIDE_COLLISION,4,2109.11,2,0,5,0,1.0,False,0,FAST_TRACK
AUTO_COLLISION,REAR_COLLISION,5,2592.99,2,0,5,0,1.0,False,0,STANDARD
AUTO_COLLISION,REAR_COLLISION,5,1940.51,3,2,3,1,0.6666666666666666,False,1,INVESTIGATION
AUTO_COLLISION,FRONT_COLLISION,5,17294.98,6,1,3,1,0.6666666666666666,False,2,INVESTIGATION
AUTO_COLLISION,PARKING_DAMAGE,7,1103.66,2,1,5,1,0.8,False,2,STANDARD
AUTO_COLLISION,FRONT_COLLISION,4,3598.04,2,1,6,3,0.5,False,3,INVESTIGATION
AUTO_COLLISION,PARKING_DAMAGE,11,451.14,4,0,4,0,1.0,False,0,EXPERT_REVIEW
AUTO_COLLISION,PARKING_DAMAGE,4,936.33,1,0,3,0,1.0,False,0,FAST_TRACK
AUTO_COLLISION,PARKING_DAMAGE,2,2454.48,4,1,4,1,0.75,False,4,INVESTIGATION
AUTO_COLLISION,PARKING_DAMAGE,11,5166.64,2,1,3,1,0.6666666666666666,False,1,STANDARD
AUTO_COLLISION,FRONT_COLLISION,5,2807.16,2,0,4,0,1.0,False,1,STANDARD
AUTO_COLLISION,FRONT_COLLISION,8,2458.64,2,0,5,0,1.0,False,1,EXPERT_REVIEW
AUTO_COLLISION,PARKING_DAMAGE,5,988.41,1,0,6,0,1.0,False,0,FAST_TRACK
AUTO_COLLISION,SIDE_COLLISION,3,4215.09,1,0,5,0,1.0,False,0,STANDARD
AUTO_COLLISION,SIDE_COLLISION,5,3354.17,2,0,4,0,1.0,True,0,EXPERT_REVIEW
AUTO_COLLISION,SIDE_COLLISION,5,3661.22,1,0,4,0,1.0,False,0,STANDARD
AUTO_COLLISION,FRONT_COLLISION,3,2828.64,4,0,4,1,0.75,False,0,INVESTIGATION
AUTO_COLLISION,SIDE_COLLISION,6,3751.74,1,0,4,0,1.0,False,0,EXPERT_REVIEW
AUTO_COLLISION,FRONT_COLLISION,4,1002.65,2,1,6,0,1.0,False,0,STANDARD
AUTO_COLLISION,REAR_COLLISION,6,1155.99,4,0,6,0,1.0,False,0,EXPERT_REVIEW
AUTO_COLLISION,SIDE_COLLISION,4,934.75,2,0,6,1,0.8333333333333334,False,1,FAST_TRACK
AUTO_COLLISION,SIDE_COLLISION,7,1211.7,1,0,4,0,1.0,False,0,STANDARD
AUTO_COLLISION,PARKING_DAMAGE,7,925.64,3,0,6,2,0.6666666666666666,False,1,INVESTIGATION
AUTO_COLLISION,FRONT_COLLISION,7,2751.4,1,1,4,0,1.0,False,1,STANDARD
AUTO_COLLISION,REAR_COLLISION,9,1583.47,4,0,4,1,0.75,False,0,INVESTIGATION
AUTO_COLLISION,PARKING_DAMAGE,2,196.08,1,1,4,0,1.0,False,1,STANDARD
AUTO_COLLISION,REAR_COLLISION,5,1635.17,3,2,3,0,1.0,False,0,STANDARD
AUTO_COLLISION,PARKING_DAMAGE,10,1530.88,1,0,3,0,1.0,False,0,EXPERT_REVIEW
AUTO_COLLISION,REAR_COLLISION,6,1398.61,5,0,6,1,0.8333333333333334,True,1,EXPERT_REVIEW
AUTO_COLLISION,REAR_COLLISION,4,911.25,4,2,5,1,0.8,False,2,INVESTIGATION
AUTO_COLLISION,REAR_COLLISION,7,1639.25,3,1,4,0,1.0,False,1,EXPERT_REVIEW
AUTO_COLLISION,PARKING_DAMAGE,5,1333.28,1,0,6,0,1.0,False,0,STANDARD
AUTO_COLLISION,REAR_COLLISION,4,1723.08,2,0,3,0,1.0,False,0,STANDARD
AUTO_COLLISION,PARKING_DAMAGE,7,298.69,2,0,6,0,1.0,False,0,FAST_TRACK
AUTO_COLLISION,SIDE_COLLISION,4,2236.7,4,0,6,0,1.0,False,1,EXPERT_REVIEW
AUTO_COLLISION,PARKING_DAMAGE,6,640.64,1,0,6,3,0.5,False,1,STANDARD
AUTO_COLLISION,REAR_COLLISION,5,1857.71,3,0,3,0,1.0,False,0,FAST_TRACK
AUTO_COLLISION,SIDE_COLLISION,4,2750.92,2,0,6,1,0.8333333333333334,False,1,STANDARD
AUTO_COLLISION,REAR_COLLISION,6,3924.94,5,0,3,0,1.0,True,1,STANDARD
AUTO_COLLISION,REAR_COLLISION,7,1262.91,2,1,5,1,0.8,False,0,EXPERT_REVIEW
AUTO_COLLISION,FRONT_COLLISION,8,3125.42,1,0,3,0,1.0,False,1,STANDARD
AUTO_COLLISION,SIDE_COLLISION,1,8144.63,5,0,4,0,1.0,False,0,STANDARD
AUTO_COLLISION,SIDE_COLLISION,5,1890.04,2,0,4,1,0.75,False,0,STANDARD
AUTO_COLLISION,SIDE_COLLISION,5,2086.67,3,0,6,1,0.8333333333333334,False,1,STANDARD
AUTO_COLLISION,REAR_COLLISION,5,3043.89,3,1,3,0,1.0,False,1,INVESTIGATION
AUTO_COLLISION,REAR_COLLISION,7,2271.54,2,0,6,0,1.0,False,0,STANDARD
AUTO_COLLISION,FRONT_COLLISION,6,1882.77,2,0,5,0,1.0,False,0,FAST_TRACK
AUTO_COLLISION,SIDE_COLLISION,4,5034.09,4,0,4,1,0.75,False,0,EXPERT_REVIEW
AUTO_COLLISION,SIDE_COLLISION,11,7886.63,1,0,6,0,1.0,False,1,STANDARD
AUTO_COLLISION,SIDE_COLLISION,5,2623.76,3,0,3,0,1.0,False,0,EXPERT_REVIEW
AUTO_COLLISION,PARKING_DAMAGE,4,923.58,2,0,3,0,1.0,False,0,STANDARD
AUTO_COLLISION,FRONT_COLLISION,2,2857.8,3,0,6,2,0.6666666666666666,False,0,EXPERT_REVIEW
AUTO_COLLISION,SIDE_COLLISION,7,757.13,2,0,5,2,0.6,False,3,INVESTIGATION
AUTO_COLLISION,SIDE_COLLISION,9,2264.65,3,0,4,0,1.0,False,0,STANDARD
AUTO_COLLISION,FRONT_COLLISION,3,1632.98,5,0,4,0,1.0,False,0,STANDARD
AUTO_COLLISION,SIDE_COLLISION,4,3929.66,3,0,3,0,1.0,False,0,FAST_TRACK
AUTO_COLLISION,REAR_COLLISION,3,3597.34,2,0,6,1,0.8333333333333334,False,1,STANDARD
AUTO_COLLISION,SIDE_COLLISION,5,2839.12,2,0,4,0,1.0,True,0,FAST_TRACK
AUTO_COLLISION,REAR_COLLISION,5,891.86,2,0,6,0,1.0,False,1,STANDARD
AUTO_COLLISION,SIDE_COLLISION,7,2434.89,2,0,5,2,0.6,False,1,EXPERT_REVIEW
AUTO_COLLISION,REAR_COLLISION,4,12873.75,3,0,4,0,1.0,False,0,FAST_TRACK
AUTO_COLLISION,REAR_COLLISION,9,655.32,1,0,3,1,0.6666666666666666,True,1,EXPERT_REVIEW
AUTO_COLLISION,PARKING_DAMAGE,11,1922.75,4,0,5,2,0.6,False,2,FAST_TRACK
AUTO_COLLISION,FRONT_COLLISION,8,2079.49,3,0,5,1,0.8,False,0,FAST_TRACK
AUTO_COLLISION,SIDE_COLLISION,6,5524.38,2,1,6,0,1.0,False,2,STANDARD
AUTO_COLLISION,REAR_COLLISION,3,5720.75,1,0,5,0,1.0,False,0,STANDARD
AUTO_COLLISION,SIDE_COLLISION,5,2052.05,2,0,6,0,1.0,False,0,FAST_TRACK
AUTO_COLLISION,FRONT_COLLISION,3,2019.13,2,0,3,0,1.0,False,0,FAST_TRACK
AUTO_COLLISION,REAR_COLLISION,8,1059.08,1,0,5,0,1.0,False,0,STANDARD
AUTO_COLLISION,SIDE_COLLISION,5,4271.27,6,0,5,1,0.8,False,1,EXPERT_REVIEW
AUTO_COLLISION,FRONT_COLLISION,4,7406.16,3,0,3,0,1.0,False,0,EXPERT_REVIEW
AUTO_COLLISION,PARKING_DAMAGE,7,1864.54,1,1,6,2,0.6666666666666666,False,3,INVESTIGATION
AUTO_COLLISION,FRONT_COLLISION,4,2976.56,3,0,3,1,0.6666666666666666,False,0,EXPERT_REVIEW
AUTO_COLLISION,REAR_COLLISION,6,2114.98,3,1,5,1,0.8,False,1,EXPERT_REVIEW
AUTO_COLLISION,FRONT_COLLISION,5,5227.63,2,2,6,1,0.8333333333333334,False,2,INVESTIGATION
AUTO_COLLISION,REAR_COLLISION,7,356.34,1,1,5,1,0.8,False,1,STANDARD
AUTO_COLLISION,SIDE_COLLISION,6,1053.2,3,1,5,1,0.8,False,1,EXPERT_REVIEW
AUTO_COLLISION,PARKING_DAMAGE,4,1448.65,2,0,4,0,1.0,False,0,EXPERT_REVIEW
AUTO_COLLISION,REAR_COLLISION,5,1799.8,4,0,5,0,1.0,False,0,STANDARD
AUTO_COLLISION,PARKING_DAMAGE,8,1415.15,2,0,4,0,1.0,False,1,FAST_TRACK
AUTO_COLLISION,SIDE_COLLISION,6,2706.23,2,1,3,0,1.0,False,0,STANDARD
AUTO_COLLISION,PARKING_DAMAGE,5,590.92,2,0,3,0,1.0,False,1,STANDARD
AUTO_COLLISION,SIDE_COLLISION,10,498.71,3,0,4,1,0.75,False,2,STANDARD
AUTO_COLLISION,FRONT_COLLISION,9,1171.08,3,0,6,0,1.0,False,0,STANDARD
AUTO_COLLISION,FRONT_COLLISION,2,6116.47,2,0,6,0,1.0,True,0,STANDARD
AUTO_COLLISION,FRONT_COLLISION,6,1351.13,2,1,5,1,0.8,False,3,INVESTIGATION
AUTO_COLLISION,REAR_COLLISION,6,4004.49,2,0,4,1,0.75,False,0,STANDARD
AUTO_COLLISION,FRONT_COLLISION,4,2714.23,2,0,6,0,1.0,True,0,EXPERT_REVIEW
AUTO_COLLISION,SIDE_COLLISION,6,3753.94,1,1,4,0,1.0,False,0,FAST_TRACK
AUTO_COLLISION,FRONT_COLLISION,3,1823.79,1,1,3,0,1.0,False,1,INVESTIGATION
AUTO_COLLISION,SIDE_COLLISION,7,3055.6,5,0,3,0,1.0,False,1,INVESTIGATION
AUTO_COLLISION,FRONT_COLLISION,5,783.42,2,0,6,1,0.8333333333333334,False,1,EXPERT_REVIEW
AUTO_COLLISION,FRONT_COLLISION,3,6931.04,5,1,4,2,0.5,False,1,STANDARD
AUTO_COLLISION,FRONT_COLLISION,8,3265.6,2,0,3,1,0.6666666666666666,True,0,EXPERT_REVIEW
AUTO_COLLISION,FRONT_COLLISION,2,860.03,1,0,6,2,0.6666666666666666,False,1,INVESTIGATION
AUTO_COLLISION,FRONT_COLLISION,8,790.42,2,0,5,0,1.0,False,0,STANDARD
AUTO_COLLISION,FRONT_COLLISION,6,3715.3,1,0,5,0,1.0,False,0,STANDARD
AUTO_COLLISION,SIDE_COLLISION,6,3252.24,4,0,3,0,1.0,False,0,STANDARD
AUTO_COLLISION,SIDE_COLLISION,6,651.49,1,1,4,0,1.0,False,1,STANDARD
AUTO_COLLISION,FRONT_COLLISION,7,1430.03,2,0,6,1,0.8333333333333334,False,1,FAST_TRACK
AUTO_COLLISION,FRONT_COLLISION,8,2179.02,1,0,5,1,0.8,False,0,STANDARD
AUTO_COLLISION,PARKING_DAMAGE,6,840.42,3,0,6,0,1.0,False,0,EXPERT_REVIEW
AUTO_COLLISION,REAR_COLLISION,3,1596.57,3,0,3,0,1.0,False,0,INVESTIGATION
AUTO_COLLISION,REAR_COLLISION,8,1563.69,1,1,4,1,0.75,False,0,INVESTIGATION
AUTO_COLLISION,FRONT_COLLISION,4,1106.08,3,0,3,1,0.6666666666666666,False,0,FAST_TRACK
AUTO_COLLISION,PARKING_DAMAGE,5,830.17,3,0,5,1,0.8,False,1,FAST_TRACK
AUTO_COLLISION,REAR_COLLISION,3,2619.75,3,0,4,1,0.75,False,0,STANDARD
AUTO_COLLISION,SIDE_COLLISION,4,4010.3,2,0,6,1,0.8333333333333334,False,1,EXPERT_REVIEW
AUTO_COLLISION,SIDE_COLLISION,4,14332.23,5,2,6,1,0.8333333333333334,True,5,INVESTIGATION
AUTO_COLLISION,FRONT_COLLISION,6,3505.98,3,0,5,0,1.0,False,0,STANDARD
AUTO_COLLISION,FRONT_COLLISION,8,3722.32,3,1,4,0,1.0,False,0,EXPERT_REVIEW
AUTO_COLLISION,REAR_COLLISION,6,1400.52,3,0,4,0,1.0,False,0,STANDARD
AUTO_COLLISION,FRONT_COLLISION,10,6883.73,3,0,5,0,1.0,False,0,FAST_TRACK
AUTO_COLLISION,SIDE_COLLISION,11,1001.53,4,0,5,1,0.8,False,0,INVESTIGATION
AUTO_COLLISION,SIDE_COLLISION,16,3006.56,4,0,4,0,1.0,False,0,EXPERT_REVIEW
AUTO_COLLISION,FRONT_COLLISION,11,8238.0,3,0,5,0,1.0,False,1,EXPERT_REVIEW
AUTO_COLLISION,REAR_COLLISION,6,1573.53,2,0,3,0,1.0,False,0,STANDARD
AUTO_COLLISION,SIDE_COLLISION,8,4052.21,3,1,6,0,1.0,False,1,STANDARD
AUTO_COLLISION,FRONT_COLLISION,5,2105.71,4,0,3,0,1.0,False,0,STANDARD
AUTO_COLLISION,FRONT_COLLISION,6,955.48,2,0,5,1,0.8,False,0,EXPERT_REVIEW
AUTO_COLLISION,FRONT_COLLISION,8,1984.73,3,0,4,1,0.75,False,2,EXPERT_REVIEW
AUTO_COLLISION,FRONT_COLLISION,7,1152.47,2,1,5,1,0.8,False,0,INVESTIGATION
AUTO_COLLISION,SIDE_COLLISION,4,3526.06,1,0,3,0,1.0,False,0,STANDARD
AUTO_COLLISION,REAR_COLLISION,7,3987.63,5,0,6,1,0.8333333333333334,True,0,EXPERT_REVIEW
AUTO_COLLISION,PARKING_DAMAGE,4,1511.48,5,1,4,0,1.0,False,1,INVESTIGATION
AUTO_COLLISION,FRONT_COLLISION,7,4745.35,6,1,4,2,0.5,False,1,INVESTIGATION
AUTO_COLLISION,FRONT_COLLISION,2,11023.77,4,2,5,0,1.0,False,3,INVESTIGATION
AUTO_COLLISION,FRONT_COLLISION,6,4213.51,2,0,5,0,1.0,False,0,EXPERT_REVIEW
AUTO_COLLISION,REAR_COLLISION,9,3943.88,3,1,6,1,0.8333333333333334,False,1,EXPERT_REVIEW
AUTO_COLLISION,SIDE_COLLISION,4,1691.29,1,0,6,0,1.0,False,0,STANDARD
AUTO_COLLISION,REAR_COLLISION,8,2557.27,1,2,6,1,0.8333333333333334,False,1,INVESTIGATION
AUTO_COLLISION,REAR_COLLISION,10,1454.15,3,1,5,1,0.8,False,2,STANDARD
AUTO_COLLISION,SIDE_COLLISION,4,1954.11,3,0,3,0,1.0,False,0,STANDARD
AUTO_COLLISION,SIDE_COLLISION,11,5069.61,2,0,6,1,0.8333333333333334,False,2,STANDARD
AUTO_COLLISION,SIDE_COLLISION,8,1195.25,1,0,4,0,1.0,False,0,STANDARD
AUTO_COLLISION,REAR_COLLISION,4,1776.44,3,0,5,2,0.6,False,1,INVESTIGATION
AUTO_COLLISION,REAR_COLLISION,4,3738.56,1,1,4,2,0.5,False,1,INVESTIGATION
AUTO_COLLISION,FRONT_COLLISION,7,5992.58,5,1,5,1,0.8,False,0,INVESTIGATION
AUTO_COLLISION,REAR_COLLISION,8,6981.52,5,0,3,0,1.0,True,0,EXPERT_REVIEW
AUTO_COLLISION,SIDE_COLLISION,4,1490.99,1,0,6,0,1.0,False,0,FAST_TRACK
AUTO_COLLISION,REAR_COLLISION,9,5248.7,2,2,5,1,0.8,True,1,INVESTIGATION
AUTO_COLLISION,PARKING_DAMAGE,4,460.95,1,1,4,0,1.0,False,0,FAST_TRACK
AUTO_COLLISION,REAR_COLLISION,7,1006.88,1,0,5,0,1.0,False,0,EXPERT_REVIEW
AUTO_COLLISION,FRONT_COLLISION,6,3452.25,1,0,3,1,0.6666666666666666,False,0,STANDARD
AUTO_COLLISION,PARKING_DAMAGE,8,1781.7,5,1,6,0,1.0,False,0,INVESTIGATION
AUTO_COLLISION,SIDE_COLLISION,2,1340.68,4,0,4,0,1.0,False,0,EXPERT_REVIEW
AUTO_COLLISION,REAR_COLLISION,6,7456.53,3,1,4,1,0.75,False,0,EXPERT_REVIEW
AUTO_COLLISION,REAR_COLLISION,9,1096.1,1,0,5,0,1.0,False,0,STANDARD
AUTO_COLLISION,FRONT_COLLISION,7,5046.06,2,0,4,0,1.0,False,1,EXPERT_REVIEW
AUTO_COLLISION,FRONT_COLLISION,7,4501.77,1,1,3,0,1.0,False,2,EXPERT_REVIEW
AUTO_COLLISION,REAR_COLLISION,4,6599.02,4,0,5,0,1.0,False,0,STANDARD
AUTO_COLLISION,PARKING_DAMAGE,8,1144.46,1,1,6,1,0.8333333333333334,False,0,FAST_TRACK
AUTO_COLLISION,FRONT_COLLISION,12,4963.93,4,0,3,0,1.0,False,0,EXPERT_REVIEW
AUTO_COLLISION,FRONT_COLLISION,5,6357.97,1,0,6,1,0.8333333333333334,True,0,EXPERT_REVIEW
AUTO_COLLISION,SIDE_COLLISION,4,4358.07,1,0,6,0,1.0,False,0,FAST_TRACK
AUTO_COLLISION,PARKING_DAMAGE,4,1027.2,1,0,6,0,1.0,False,0,FAST_TRACK
AUTO_COLLISION,FRONT_COLLISION,7,15652.16,5,2,3,1,0.6666666666666666,False,5,INVESTIGATION
AUTO_COLLISION,SIDE_COLLISION,6,2785.59,1,0,5,0,1.0,False,1,INVESTIGATION
AUTO_COLLISION,FRONT_COLLISION,10,1997.05,3,0,3,0,1.0,True,0,EXPERT_REVIEW
AUTO_COLLISION,REAR_COLLISION,4,5564.48,5,0,6,2,0.6666666666666666,False,0,EXPERT_REVIEW
AUTO_COLLISION,PARKING_DAMAGE,5,569.49,1,0,5,0,1.0,False,1,STANDARD
AUTO_COLLISION,PARKING_DAMAGE,5,825.97,3,0,4,0,1.0,False,0,STANDARD
AUTO_COLLISION,FRONT_COLLISION,10,1091.45,3,0,4,0,1.0,False,0,FAST_TRACK
AUTO_COLLISION,FRONT_COLLISION,5,2268.04,1,0,6,1,0.8333333333333334,False,0,STANDARD
AUTO_COLLISION,FRONT_COLLISION,7,2291.2,4,0,3,0,1.0,False,0,STANDARD
AUTO_COLLISION,REAR_COLLISION,5,979.05,1,0,6,0,1.0,False,0,FAST_TRACK
AUTO_COLLISION,FRONT_COLLISION,8,2294.2,2,0,4,0,1.0,False,1,STANDARD
AUTO_COLLISION,REAR_COLLISION,9,893.85,2,0,3,0,1.0,False,0,FAST_TRACK
AUTO_COLLISION,FRONT_COLLISION,4,1903.27,2,0,5,1,0.8,False,0,FAST_TRACK
AUTO_COLLISION,PARKING_DAMAGE,8,1340.94,2,1,3,0,1.0,False,0,FAST_TRACK
AUTO_COLLISION,REAR_COLLISION,10,787.33,3,0,4,1,0.75,False,1,FAST_TRACK
AUTO_COLLISION,PARKING_DAMAGE,2,1792.77,1,0,6,0,1.0,False,1,STANDARD
AUTO_COLLISION,SIDE_COLLISION,3,12341.96,5,3,6,1,0.8333333333333334,False,3,INVESTIGATION
AUTO_COLLISION,SIDE_COLLISION,11,1386.75,1,0,3,0,1.0,False,0,FAST_TRACK
AUTO_COLLISION,FRONT_COLLISION,5,4680.45,2,0,4,1,0.75,False,0,FAST_TRACK
AUTO_COLLISION,FRONT_COLLISION,3,1244.6,2,1,3,0,1.0,False,0,STANDARD
AUTO_COLLISION,SIDE_COLLISION,7,1517.23,4,0,4,0,1.0,False,0,EXPERT_REVIEW
AUTO_COLLISION,REAR_COLLISION,6,2459.65,1,0,5,0,1.0,True,0,STANDARD
AUTO_COLLISION,PARKING_DAMAGE,8,700.53,1,0,3,0,1.0,False,0,EXPERT_REVIEW
AUTO_COLLISION,FRONT_COLLISION,8,6924.64,2,0,4,0,1.0,False,0,FAST_TRACK
AUTO_COLLISION,SIDE_COLLISION,6,1282.55,2,0,6,0,1.0,False,0,STANDARD
AUTO_COLLISION,FRONT_COLLISION,13,1845.98,3,0,5,0,1.0,False,0,EXPERT_REVIEW
AUTO_COLLISION,SIDE_COLLISION,9,3336.05,3,0,6,0,1.0,False,0,STANDARD
AUTO_COLLISION,SIDE_COLLISION,7,6171.96,2,1,5,0,1.0,False,2,STANDARD
AUTO_COLLISION,FRONT_COLLISION,7,1607.56,3,0,3,0,1.0,True,0,STANDARD
AUTO_COLLISION,SIDE_COLLISION,7,8247.82,2,0,3,0,1.0,False,0,STANDARD
AUTO_COLLISION,SIDE_COLLISION,4,2551.12,2,0,6,0,1.0,False,0,STANDARD
AUTO_COLLISION,REAR_COLLISION,5,1717.14,3,0,4,0,1.0,False,0,EXPERT_REVIEW
AUTO_COLLISION,REAR_COLLISION,6,2735.42,1,0,5,0,1.0,False,0,FAST_TRACK
AUTO_COLLISION,REAR_COLLISION,4,3128.94,2,1,6,2,0.6666666666666666,False,0,STANDARD
AUTO_COLLISION,SIDE_COLLISION,6,1052.9,3,0,6,0,1.0,False,0,STANDARD
AUTO_COLLISION,PARKING_DAMAGE,8,1006.41,3,0,6,1,0.8333333333333334,False,1,STANDARD
AUTO_COLLISION,SIDE_COLLISION,3,1003.88,2,0,5,2,0.6,False,1,INVESTIGATION
AUTO_COLLISION,FRONT_COLLISION,6,2387.78,3,0,3,1,0.6666666666666666,False,0,INVESTIGATION
AUTO_COLLISION,FRONT_COLLISION,2,3017.39,2,0,3,1,0.6666666666666666,False,0,EXPERT_REVIEW
AUTO_COLLISION,FRONT_COLLISION,11,9585.66,4,0,3,0,1.0,True,0,EXPERT_REVIEW
AUTO_COLLISION,FRONT_COLLISION,4,4518.09,2,0,5,1,0.8,False,0,STANDARD
AUTO_COLLISION,FRONT_COLLISION,8,2617.81,2,1,4,1,0.75,False,1,STANDARD
AUTO_COLLISION,FRONT_COLLISION,5,5811.46,5,0,4,0,1.0,False,0,STANDARD
AUTO_COLLISION,SIDE_COLLISION,8,5881.82,1,0,5,1,0.8,True,1,INVESTIGATION
AUTO_COLLISION,SIDE_COLLISION,4,1102.71,2,0,3,0,1.0,False,0,STANDARD
AUTO_COLLISION,FRONT_COLLISION,4,2042.51,3,1,6,0,1.0,True,1,EXPERT_REVIEW
AUTO_COLLISION,SIDE_COLLISION,5,1291.85,2,0,3,1,0.6666666666666666,True,0,EXPERT_REVIEW
AUTO_COLLISION,PARKING_DAMAGE,5,1630.76,3,0,4,0,1.0,True,1,INVESTIGATION
AUTO_COLLISION,FRONT_COLLISION,4,2358.46,3,0,4,0,1.0,False,2,EXPERT_REVIEW
AUTO_COLLISION,REAR_COLLISION,4,2492.24,2,0,3,0,1.0,False,0,FAST_TRACK
AUTO_COLLISION,FRONT_COLLISION,7,3751.54,5,0,4,0,1.0,False,0,FAST_TRACK
AUTO_COLLISION,SIDE_COLLISION,3,672.3,1,0,3,1,0.6666666666666666,True,0,EXPERT_REVIEW
AUTO_COLLISION,REAR_COLLISION,7,1306.58,3,1,6,0,1.0,False,0,FAST_TRACK
AUTO_COLLISION,REAR_COLLISION,10,4183.41,2,0,4,1,0.75,False,0,STANDARD
AUTO_COLLISION,PARKING_DAMAGE,5,5012.19,4,1,4,1,0.75,False,1,EXPERT_REVIEW
AUTO_COLLISION,REAR_COLLISION,4,7620.87,4,1,6,1,0.8333333333333334,False,2,INVESTIGATION
AUTO_COLLISION,SIDE_COLLISION,8,2606.09,1,0,6,0,1.0,False,0,EXPERT_REVIEW
AUTO_COLLISION,SIDE_COLLISION,5,3650.77,3,0,4,1,0.75,False,0,FAST_TRACK
AUTO_COLLISION,FRONT_COLLISION,6,6155.93,1,0,6,1,0.8333333333333334,True,1,EXPERT_REVIEW
AUTO_COLLISION,FRONT_COLLISION,6,7377.85,2,0,5,0,1.0,True,0,EXPERT_REVIEW
AUTO_COLLISION,REAR_COLLISION,9,1624.37,2,0,4,0,1.0,False,0,STANDARD
AUTO_COLLISION,FRONT_COLLISION,4,3357.03,1,1,3,0,1.0,False,1,EXPERT_REVIEW
AUTO_COLLISION,FRONT_COLLISION,4,6855.91,3,1,6,0,1.0,False,1,STANDARD
AUTO_COLLISION,FRONT_COLLISION,6,4620.79,2,0,3,1,0.6666666666666666,False,0,STANDARD
AUTO_COLLISION,FRONT_COLLISION,10,2975.88,1,0,3,0,1.0,False,0,FAST_TRACK
AUTO_COLLISION,SIDE_COLLISION,6,4470.45,3,1,4,1,0.75,False,1,EXPERT_REVIEW
AUTO_COLLISION,FRONT_COLLISION,3,3200.17,3,0,6,0,1.0,False,0,FAST_TRACK
AUTO_COLLISION,SIDE_COLLISION,9,1185.47,3,0,4,2,0.5,False,0,STANDARD
AUTO_COLLISION,REAR_COLLISION,5,1045.77,4,0,3,1,0.6666666666666666,False,0,STANDARD
AUTO_COLLISION,REAR_COLLISION,6,6465.86,3,0,3,1,0.6666666666666666,True,1,EXPERT_REVIEW
AUTO_COLLISION,SIDE_COLLISION,2,4684.25,2,0,3,1,0.6666666666666666,True,1,EXPERT_REVIEW
AUTO_COLLISION,SIDE_COLLISION,6,6281.07,4,1,5,3,0.4,False,1,INVESTIGATION
AUTO_COLLISION,PARKING_DAMAGE,9,2672.32,1,0,3,0,1.0,True,0,STANDARD
AUTO_COLLISION,FRONT_COLLISION,3,5366.13,1,0,4,0,1.0,False,0,STANDARD
AUTO_COLLISION,PARKING_DAMAGE,3,979.24,1,2,5,0,1.0,False,1,INVESTIGATION
AUTO_COLLISION,PARKING_DAMAGE,3,524.81,2,1,4,0,1.0,False,4,STANDARD
AUTO_COLLISION,FRONT_COLLISION,8,2899.11,3,0,6,0,1.0,False,0,EXPERT_REVIEW
AUTO_COLLISION,PARKING_DAMAGE,9,433.51,3,0,6,2,0.6666666666666666,False,1,FAST_TRACK
AUTO_COLLISION,SIDE_COLLISION,4,816.61,3,0,6,0,1.0,False,0,STANDARD
AUTO_COLLISION,FRONT_COLLISION,4,397.43,3,0,3,0,1.0,False,0,STANDARD
AUTO_COLLISION,FRONT_COLLISION,9,5195.86,2,0,6,0,1.0,True,0,EXPERT_REVIEW
AUTO_COLLISION,SIDE_COLLISION,4,951.78,3,0,5,0,1.0,False,0,STANDARD
AUTO_COLLISION,REAR_COLLISION,6,4341.39,3,0,4,1,0.75,False,1,STANDARD
AUTO_COLLISION,PARKING_DAMAGE,5,398.91,3,0,3,0,1.0,False,0,STANDARD
AUTO_COLLISION,REAR_COLLISION,7,4766.99,2,0,5,2,0.6,False,3,EXPERT_REVIEW
AUTO_COLLISION,SIDE_COLLISION,4,2411.84,5,0,5,1,0.8,False,1,EXPERT_REVIEW
AUTO_COLLISION,SIDE_COLLISION,7,2271.41,2,0,5,1,0.8,False,0,EXPERT_REVIEW
AUTO_COLLISION,SIDE_COLLISION,1,11110.23,5,1,6,1,0.8333333333333334,False,1,INVESTIGATION
AUTO_COLLISION,REAR_COLLISION,3,648.3,2,0,4,0,1.0,False,0,FAST_TRACK
AUTO_COLLISION,PARKING_DAMAGE,7,400.57,1,0,4,1,0.75,False,0,FAST_TRACK
AUTO_COLLISION,REAR_COLLISION,5,2554.0,3,1,3,0,1.0,False,1,EXPERT_REVIEW
AUTO_COLLISION,SIDE_COLLISION,6,4161.46,2,0,4,0,1.0,False,1,STANDARD
AUTO_COLLISION,PARKING_DAMAGE,7,1006.16,1,1,4,1,0.75,False,0,FAST_TRACK
AUTO_COLLISION,PARKING_DAMAGE,11,704.57,1,1,4,2,0.5,False,1,EXPERT_REVIEW
AUTO_COLLISION,FRONT_COLLISION,9,1897.87,2,0,4,0,1.0,False,0,STANDARD
AUTO_COLLISION,FRONT_COLLISION,4,1758.5,3,0,3,0,1.0,True,0,EXPERT_REVIEW
AUTO_COLLISION,REAR_COLLISION,2,3794.12,1,0,6,1,0.8333333333333334,False,0,STANDARD
AUTO_COLLISION,SIDE_COLLISION,8,2299.02,3,0,4,0,1.0,False,0,STANDARD
AUTO_COLLISION,PARKING_DAMAGE,3,935.43,1,0,5,1,0.8,False,3,INVESTIGATION
AUTO_COLLISION,SIDE_COLLISION,7,3995.57,1,1,3,0,1.0,False,1,STANDARD
AUTO_COLLISION,SIDE_COLLISION,6,2790.36,3,1,6,1,0.8333333333333334,False,2,STANDARD
AUTO_COLLISION,PARKING_DAMAGE,9,1701.57,2,0,5,0,1.0,False,0,FAST_TRACK
AUTO_COLLISION,FRONT_COLLISION,5,1598.72,4,0,5,0,1.0,False,0,FAST_TRACK
AUTO_COLLISION,FRONT_COLLISION,3,3338.96,6,1,6,1,0.8333333333333334,False,4,INVESTIGATION
AUTO_COLLISION,REAR_COLLISION,2,3876.58,2,0,3,0,1.0,False,0,FAST_TRACK
AUTO_COLLISION,SIDE_COLLISION,6,1293.72,1,0,6,1,0.8333333333333334,False,0,EXPERT_REVIEW
AUTO_COLLISION,REAR_COLLISION,4,3963.71,2,0,6,0,1.0,False,0,FAST_TRACK
AUTO_COLLISION,PARKING_DAMAGE,9,1930.03,2,0,6,3,0.5,False,1,STANDARD
AUTO_COLLISION,REAR_COLLISION,5,3005.52,1,0,4,1,0.75,False,0,FAST_TRACK
AUTO_COLLISION,FRONT_COLLISION,4,1479.88,1,0,6,0,1.0,False,0,FAST_TRACK
AUTO_COLLISION,SIDE_COLLISION,6,561.96,2,0,6,0,1.0,False,0,STANDARD
AUTO_COLLISION,REAR_COLLISION,5,2829.66,3,1,4,0,1.0,False,2,EXPERT_REVIEW
AUTO_COLLISION,FRONT_COLLISION,3,6551.65,2,3,5,1,0.8,False,0,INVESTIGATION
AUTO_COLLISION,SIDE_COLLISION,3,6928.66,2,1,6,0,1.0,False,0,STANDARD
AUTO_COLLISION,REAR_COLLISION,5,3025.76,1,0,6,0,1.0,True,0,STANDARD
AUTO_COLLISION,REAR_COLLISION,7,2082.54,2,0,5,1,0.8,False,0,EXPERT_REVIEW
AUTO_COLLISION,FRONT_COLLISION,7,5030.83,3,0,5,0,1.0,False,0,STANDARD
AUTO_COLLISION,PARKING_DAMAGE,5,801.95,3,0,6,1,0.8333333333333334,False,0,STANDARD
AUTO_COLLISION,SIDE_COLLISION,6,4746.65,5,0,4,0,1.0,False,0,STANDARD
AUTO_COLLISION,FRONT_COLLISION,6,3093.11,3,1,5,1,0.8,False,0,STANDARD
AUTO_COLLISION,SIDE_COLLISION,4,2127.63,2,0,6,0,1.0,False,0,EXPERT_REVIEW
AUTO_COLLISION,SIDE_COLLISION,8,1906.81,3,0,6,0,1.0,False,1,EXPERT_REVIEW
AUTO_COLLISION,REAR_COLLISION,5,1386.87,2,0,4,0,1.0,False,0,FAST_TRACK
AUTO_COLLISION,REAR_COLLISION,5,809.59,2,0,3,1,0.6666666666666666,False,0,STANDARD
AUTO_COLLISION,REAR_COLLISION,11,2374.1,5,0,6,0,1.0,False,0,STANDARD
AUTO_COLLISION,FRONT_COLLISION,12,5360.16,3,0,5,0,1.0,False,0,EXPERT_REVIEW
AUTO_COLLISION,FRONT_COLLISION,9,2468.4,3,1,6,0,1.0,False,0,FAST_TRACK
AUTO_COLLISION,REAR_COLLISION,5,2203.52,4,0,5,0,1.0,True,0,EXPERT_REVIEW
AUTO_COLLISION,PARKING_DAMAGE,6,886.49,3,1,4,0,1.0,False,0,EXPERT_REVIEW
AUTO_COLLISION,SIDE_COLLISION,6,6092.56,2,0,6,0,1.0,True,0,EXPERT_REVIEW
AUTO_COLLISION,SIDE_COLLISION,7,4059.39,4,0,5,0,1.0,False,0,EXPERT_REVIEW
AUTO_COLLISION,FRONT_COLLISION,8,4364.53,2,0,3,1,0.6666666666666666,True,2,STANDARD
AUTO_COLLISION,SIDE_COLLISION,4,13692.34,8,0,6,1,0.8333333333333334,True,0,EXPERT_REVIEW
AUTO_COLLISION,PARKING_DAMAGE,12,2055.2,2,0,3,0,1.0,False,0,EXPERT_REVIEW
AUTO_COLLISION,SIDE_COLLISION,5,1395.92,3,1,4,1,0.75,False,1,INVESTIGATION
AUTO_COLLISION,PARKING_DAMAGE,8,1257.02,2,0,3,0,1.0,False,0,FAST_TRACK
AUTO_COLLISION,PARKING_DAMAGE,3,5917.14,4,1,6,1,0.8333333333333334,False,0,STANDARD
AUTO_COLLISION,FRONT_COLLISION,5,2024.11,1,0,6,1,0.8333333333333334,False,1,EXPERT_REVIEW
AUTO_COLLISION,FRONT_COLLISION,6,1150.63,2,0,3,0,1.0,False,0,FAST_TRACK
AUTO_COLLISION,REAR_COLLISION,5,21500.97,6,0,6,2,0.6666666666666666,True,1,EXPERT_REVIEW
AUTO_COLLISION,SIDE_COLLISION,6,1551.83,2,0,6,1,0.8333333333333334,False,0,STANDARD
AUTO_COLLISION,SIDE_COLLISION,3,554.25,3,0,6,1,0.8333333333333334,False,0,FAST_TRACK
AUTO_COLLISION,FRONT_COLLISION,7,4202.87,4,0,3,1,0.6666666666666666,False,2,EXPERT_REVIEW
AUTO_COLLISION,SIDE_COLLISION,4,2720.51,2,1,3,0,1.0,True,2,INVESTIGATION
AUTO_COLLISION,REAR_COLLISION,6,827.09,1,0,5,0,1.0,False,0,STANDARD
AUTO_COLLISION,SIDE_COLLISION,7,4280.13,1,1,4,0,1.0,False,2,STANDARD
AUTO_COLLISION,PARKING_DAMAGE,2,1707.06,3,0,4,0,1.0,False,0,FAST_TRACK
AUTO_COLLISION,REAR_COLLISION,5,950.6,1,0,6,1,0.8333333333333334,False,0,FAST_TRACK
AUTO_COLLISION,SIDE_COLLISION,2,2283.44,4,0,6,1,0.8333333333333334,False,1,EXPERT_REVIEW
AUTO_COLLISION,REAR_COLLISION,4,888.8,2,0,6,2,0.6666666666666666,False,2,INVESTIGATION
AUTO_COLLISION,REAR_COLLISION,6,3013.08,2,0,3,0,1.0,True,0,STANDARD
AUTO_COLLISION,REAR_COLLISION,9,1574.38,1,0,6,0,1.0,False,1,EXPERT_REVIEW
AUTO_COLLISION,SIDE_COLLISION,2,565.74,3,0,6,1,0.8333333333333334,False,0,STANDARD
AUTO_COLLISION,REAR_COLLISION,5,2807.9,3,0,4,1,0.75,False,0,STANDARD
AUTO_COLLISION,FRONT_COLLISION,5,3196.57,2,0,5,1,0.8,False,0,EXPERT_REVIEW
AUTO_COLLISION,SIDE_COLLISION,2,3606.02,2,0,3,0,1.0,False,0,EXPERT_REVIEW
AUTO_COLLISION,FRONT_COLLISION,4,2481.86,2,0,5,0,1.0,False,0,STANDARD
AUTO_COLLISION,SIDE_COLLISION,4,1596.93,2,0,6,1,0.8333333333333334,False,2,INVESTIGATION
AUTO_COLLISION,FRONT_COLLISION,9,4247.32,2,0,6,1,0.8333333333333334,False,2,STANDARD
AUTO_COLLISION,SIDE_COLLISION,7,1355.11,4,0,5,1,0.8,False,0,INVESTIGATION
AUTO_COLLISION,PARKING_DAMAGE,4,1333.64,1,0,6,2,0.6666666666666666,False,0,STANDARD
AUTO_COLLISION,REAR_COLLISION,4,1919.35,1,0,5,2,0.6,False,0,FAST_TRACK
AUTO_COLLISION,SIDE_COLLISION,8,814.91,4,0,6,0,1.0,True,0,EXPERT_REVIEW
AUTO_COLLISION,FRONT_COLLISION,9,1801.95,1,0,3,0,1.0,False,0,FAST_TRACK
AUTO_COLLISION,PARKING_DAMAGE,5,620.75,2,0,6,0,1.0,False,0,FAST_TRACK
AUTO_COLLISION,SIDE_COLLISION,7,8862.68,3,1,4,1,0.75,False,2,INVESTIGATION
AUTO_COLLISION,FRONT_COLLISION,5,2800.61,3,0,6,1,0.8333333333333334,False,1,EXPERT_REVIEW
AUTO_COLLISION,FRONT_COLLISION,2,798.18,2,0,3,0,1.0,False,0,FAST_TRACK
AUTO_COLLISION,REAR_COLLISION,9,1027.66,2,0,6,0,1.0,False,1,STANDARD
AUTO_COLLISION,REAR_COLLISION,11,1167.38,2,0,6,0,1.0,False,0,FAST_TRACK
AUTO_COLLISION,PARKING_DAMAGE,5,2792.16,5,0,6,0,1.0,False,0,FAST_TRACK
AUTO_COLLISION,REAR_COLLISION,7,1228.06,6,1,6,0,1.0,False,0,FAST_TRACK
AUTO_COLLISION,SIDE_COLLISION,2,3746.36,2,2,6,2,0.6666666666666666,False,2,INVESTIGATION
AUTO_COLLISION,REAR_COLLISION,6,864.28,3,1,4,0,1.0,False,2,INVESTIGATION
AUTO_COLLISION,PARKING_DAMAGE,6,773.29,2,0,4,0,1.0,True,0,EXPERT_REVIEW
AUTO_COLLISION,REAR_COLLISION,5,1636.6,1,0,5,1,0.8,False,2,STANDARD
AUTO_COLLISION,SIDE_COLLISION,5,732.17,1,0,3,0,1.0,False,0,FAST_TRACK
AUTO_COLLISION,FRONT_COLLISION,5,1096.05,2,0,5,0,1.0,False,0,INVESTIGATION
AUTO_COLLISION,REAR_COLLISION,7,2989.19,1,0,6,0,1.0,False,0,STANDARD
AUTO_COLLISION,FRONT_COLLISION,7,3159.06,3,0,6,2,0.6666666666666666,False,1,EXPERT_REVIEW
AUTO_COLLISION,PARKING_DAMAGE,9,3072.35,2,0,6,0,1.0,False,0,FAST_TRACK
AUTO_COLLISION,PARKING_DAMAGE,11,1646.87,3,2,6,0,1.0,False,1,STANDARD
AUTO_COLLISION,SIDE_COLLISION,5,2719.58,2,1,3,1,0.6666666666666666,False,0,STANDARD
AUTO_COLLISION,REAR_COLLISION,4,16116.41,4,0,5,1,0.8,False,0,EXPERT_REVIEW
AUTO_COLLISION,REAR_COLLISION,9,1973.37,2,0,4,0,1.0,False,0,FAST_TRACK
AUTO_COLLISION,FRONT_COLLISION,3,9061.23,5,1,4,0,1.0,False,2,EXPERT_REVIEW
AUTO_COLLISION,REAR_COLLISION,4,7561.28,2,0,5,0,1.0,True,0,EXPERT_REVIEW
AUTO_COLLISION,FRONT_COLLISION,4,722.65,3,0,3,0,1.0,False,0,EXPERT_REVIEW
AUTO_COLLISION,REAR_COLLISION,12,4249.26,2,0,3,0,1.0,False,0,STANDARD
AUTO_COLLISION,PARKING_DAMAGE,5,1421.37,2,1,5,0,1.0,True,2,EXPERT_REVIEW
AUTO_COLLISION,SIDE_COLLISION,6,1292.29,2,0,6,0,1.0,False,1,STANDARD
AUTO_COLLISION,FRONT_COLLISION,5,4443.18,2,0,3,0,1.0,True,0,EXPERT_REVIEW
AUTO_COLLISION,REAR_COLLISION,7,1292.18,2,0,6,1,0.8333333333333334,False,0,STANDARD
AUTO_COLLISION,PARKING_DAMAGE,4,1182.73,1,1,3,0,1.0,False,1,FAST_TRACK
AUTO_COLLISION,PARKING_DAMAGE,5,448.12,1,0,6,0,1.0,False,0,FAST_TRACK
AUTO_COLLISION,REAR_COLLISION,7,541.4,2,0,5,1,0.8,False,0,EXPERT_REVIEW
AUTO_COLLISION,REAR_COLLISION,3,1229.97,1,0,6,2,0.6666666666666666,False,0,FAST_TRACK
AUTO_COLLISION,SIDE_COLLISION,8,2911.29,2,0,3,1,0.6666666666666666,False,2,INVESTIGATION
AUTO_COLLISION,FRONT_COLLISION,4,572.13,3,0,5,1,0.8,False,0,EXPERT_REVIEW
AUTO_COLLISION,REAR_COLLISION,5,752.94,4,0,3,0,1.0,False,0,FAST_TRACK
AUTO_COLLISION,SIDE_COLLISION,8,950.12,2,0,4,0,1.0,False,0,FAST_TRACK
AUTO_COLLISION,FRONT_COLLISION,5,3366.81,1,0,4,0,1.0,True,0,STANDARD
AUTO_COLLISION,FRONT_COLLISION,5,8909.29,3,1,4,0,1.0,True,1,STANDARD
AUTO_COLLISION,REAR_COLLISION,2,8227.69,2,0,6,1,0.8333333333333334,False,0,STANDARD
AUTO_COLLISION,SIDE_COLLISION,4,2528.56,3,0,5,1,0.8,False,0,EXPERT_REVIEW
AUTO_COLLISION,PARKING_DAMAGE,5,2230.65,3,1,6,1,0.8333333333333334,False,4,INVESTIGATION
AUTO_COLLISION,REAR_COLLISION,5,4840.34,1,1,3,0,1.0,False,0,STANDARD
AUTO_COLLISION,PARKING_DAMAGE,6,2496.73,1,0,4,0,1.0,False,0,FAST_TRACK
AUTO_COLLISION,REAR_COLLISION,7,1260.15,2,0,5,0,1.0,False,0,STANDARD
AUTO_COLLISION,FRONT_COLLISION,4,2934.32,3,1,3,1,0.6666666666666666,False,1,EXPERT_REVIEW
AUTO_COLLISION,PARKING_DAMAGE,7,308.23,2,1,4,0,1.0,False,0,FAST_TRACK
AUTO_COLLISION,REAR_COLLISION,6,1225.1,5,0,5,0,1.0,True,0,EXPERT_REVIEW
AUTO_COLLISION,FRONT_COLLISION,6,1882.49,2,0,4,1,0.75,False,0,INVESTIGATION
AUTO_COLLISION,FRONT_COLLISION,7,6602.75,3,0,6,2,0.6666666666666666,False,2,STANDARD
AUTO_COLLISION,REAR_COLLISION,5,1507.92,3,0,4,0,1.0,False,0,STANDARD
AUTO_COLLISION,REAR_COLLISION,9,2390.49,4,0,6,0,1.0,False,0,FAST_TRACK
AUTO_COLLISION,FRONT_COLLISION,5,2591.85,2,0,4,1,0.75,False,0,STANDARD
AUTO_COLLISION,FRONT_COLLISION,5,4847.27,2,0,5,0,1.0,True,0,EXPERT_REVIEW
AUTO_COLLISION,FRONT_COLLISION,10,2170.37,3,0,4,1,0.75,False,0,FAST_TRACK
AUTO_COLLISION,FRONT_COLLISION,9,6107.82,4,0,6,0,1.0,False,0,STANDARD
AUTO_COLLISION,SIDE_COLLISION,9,1507.06,2,0,4,1,0.75,False,0,STANDARD
AUTO_COLLISION,SIDE_COLLISION,6,3517.27,1,1,3,1,0.6666666666666666,False,0,STANDARD
AUTO_COLLISION,REAR_COLLISION,8,3062.71,2,0,5,0,1.0,False,0,FAST_TRACK
AUTO_COLLISION,REAR_COLLISION,6,179.6,3,1,4,0,1.0,False,1,FAST_TRACK
AUTO_COLLISION,REAR_COLLISION,3,1928.16,4,1,5,1,0.8,False,1,EXPERT_REVIEW
AUTO_COLLISION,FRONT_COLLISION,6,812.39,2,1,3,0,1.0,False,0,EXPERT_REVIEW
AUTO_COLLISION,REAR_COLLISION,5,822.48,2,1,3,0,1.0,False,0,STANDARD
AUTO_COLLISION,REAR_COLLISION,7,1813.18,3,1,5,2,0.6,False,1,FAST_TRACK
AUTO_COLLISION,FRONT_COLLISION,6,1335.05,5,2,3,0,1.0,False,1,EXPERT_REVIEW
AUTO_COLLISION,FRONT_COLLISION,3,2019.67,3,1,4,0,1.0,False,1,STANDARD
AUTO_COLLISION,PARKING_DAMAGE,7,2721.5,4,0,4,0,1.0,False,0,STANDARD
AUTO_COLLISION,SIDE_COLLISION,8,3895.01,2,1,5,0,1.0,False,0,INVESTIGATION
AUTO_COLLISION,PARKING_DAMAGE,6,748.63,3,0,3,0,1.0,False,0,FAST_TRACK
AUTO_COLLISION,REAR_COLLISION,4,937.96,1,0,5,0,1.0,False,1,STANDARD
AUTO_COLLISION,SIDE_COLLISION,7,4559.3,3,0,6,0,1.0,False,0,STANDARD
AUTO_COLLISION,REAR_COLLISION,6,3700.96,1,0,3,0,1.0,False,0,EXPERT_REVIEW
AUTO_COLLISION,SIDE_COLLISION,6,1686.27,2,1,4,0,1.0,False,1,INVESTIGATION
AUTO_COLLISION,REAR_COLLISION,6,975.44,2,0,5,2,0.6,False,1,EXPERT_REVIEW
AUTO_COLLISION,FRONT_COLLISION,3,7232.71,3,0,6,1,0.8333333333333334,False,0,FAST_TRACK
AUTO_COLLISION,REAR_COLLISION,4,2276.3,1,1,5,1,0.8,False,1,EXPERT_REVIEW
AUTO_COLLISION,REAR_COLLISION,3,1445.69,1,1,5,0,1.0,False,0,STANDARD
AUTO_COLLISION,REAR_COLLISION,7,6740.28,3,0,6,1,0.8333333333333334,False,0,FAST_TRACK
AUTO_COLLISION,FRONT_COLLISION,9,1952.13,2,0,3,0,1.0,False,0,FAST_TRACK
AUTO_COLLISION,SIDE_COLLISION,9,2230.33,4,1,4,1,0.75,False,1,EXPERT_REVIEW
AUTO_COLLISION,SIDE_COLLISION,7,1665.19,2,0,4,1,0.75,False,1,FAST_TRACK
AUTO_COLLISION,FRONT_COLLISION,3,5791.5,4,1,6,1,0.8333333333333334,False,1,EXPERT_REVIEW
AUTO_COLLISION,REAR_COLLISION,12,1145.82,3,0,3,0,1.0,False,0,INVESTIGATION
AUTO_COLLISION,FRONT_COLLISION,11,5193.76,4,0,6,0,1.0,False,1,EXPERT_REVIEW
AUTO_COLLISION,PARKING_DAMAGE,9,3665.99,4,1,4,0,1.0,False,0,STANDARD
AUTO_COLLISION,FRONT_COLLISION,8,2514.37,3,0,5,0,1.0,False,0,EXPERT_REVIEW
AUTO_COLLISION,SIDE_COLLISION,13,1629.63,2,0,4,1,0.75,False,2,INVESTIGATION
AUTO_COLLISION,FRONT_COLLISION,9,748.29,3,0,3,1,0.6666666666666666,False,1,FAST_TRACK
AUTO_COLLISION,SIDE_COLLISION,10,15011.31,2,1,4,0,1.0,False,1,STANDARD
AUTO_COLLISION,SIDE_COLLISION,6,4681.39,1,0,4,0,1.0,False,1,EXPERT_REVIEW
AUTO_COLLISION,FRONT_COLLISION,6,1721.22,1,0,3,1,0.6666666666666666,False,0,STANDARD
AUTO_COLLISION,FRONT_COLLISION,5,597.22,2,0,6,1,0.8333333333333334,False,0,STANDARD
AUTO_COLLISION,SIDE_COLLISION,5,3394.95,3,0,5,2,0.6,False,3,INVESTIGATION
AUTO_COLLISION,PARKING_DAMAGE,5,1154.04,3,0,5,2,0.6,False,1,STANDARD
AUTO_COLLISION,FRONT_COLLISION,0,3554.22,4,1,5,0,1.0,False,0,FAST_TRACK
AUTO_COLLISION,FRONT_COLLISION,2,2291.34,3,0,6,0,1.0,True,0,STANDARD
AUTO_COLLISION,SIDE_COLLISION,5,1335.01,3,0,6,0,1.0,False,0,STANDARD
AUTO_COLLISION,SIDE_COLLISION,5,5575.4,4,2,4,0,1.0,False,0,STANDARD
AUTO_COLLISION,SIDE_COLLISION,6,2412.95,3,0,6,0,1.0,False,0,FAST_TRACK
AUTO_COLLISION,PARKING_DAMAGE,7,3019.95,1,1,4,0,1.0,True,0,EXPERT_REVIEW
AUTO_COLLISION,SIDE_COLLISION,8,5132.27,5,1,6,2,0.6666666666666666,False,2,INVESTIGATION
AUTO_COLLISION,SIDE_COLLISION,5,2748.83,4,0,3,0,1.0,False,0,STANDARD
AUTO_COLLISION,FRONT_COLLISION,3,1084.54,2,0,3,0,1.0,False,1,FAST_TRACK
AUTO_COLLISION,PARKING_DAMAGE,10,751.56,4,0,3,0,1.0,False,0,FAST_TRACK
AUTO_COLLISION,SIDE_COLLISION,13,4364.93,6,0,3,0,1.0,False,0,FAST_TRACK
AUTO_COLLISION,REAR_COLLISION,6,1656.07,2,0,6,0,1.0,False,0,FAST_TRACK
AUTO_COLLISION,SIDE_COLLISION,10,4548.35,6,1,5,0,1.0,True,0,INVESTIGATION
AUTO_COLLISION,REAR_COLLISION,3,2960.01,1,0,4,1,0.75,False,1,EXPERT_REVIEW
AUTO_COLLISION,PARKING_DAMAGE,12,275.58,1,0,6,1,0.8333333333333334,False,3,INVESTIGATION
AUTO_COLLISION,FRONT_COLLISION,5,3208.12,4,0,4,1,0.75,False,0,INVESTIGATION
AUTO_COLLISION,SIDE_COLLISION,5,898.97,1,1,3,0,1.0,False,2,STANDARD
AUTO_COLLISION,SIDE_COLLISION,9,496.43,1,0,5,1,0.8,False,0,STANDARD
AUTO_COLLISION,FRONT_COLLISION,3,3014.05,2,0,6,0,1.0,False,0,EXPERT_REVIEW
AUTO_COLLISION,REAR_COLLISION,7,716.14,3,1,6,0,1.0,False,3,INVESTIGATION
AUTO_COLLISION,REAR_COLLISION,9,1487.64,1,0,6,1,0.8333333333333334,False,0,STANDARD
AUTO_COLLISION,FRONT_COLLISION,7,7015.51,3,1,3,0,1.0,False,2,INVESTIGATION
AUTO_COLLISION,FRONT_COLLISION,9,3435.52,2,1,6,1,0.8333333333333334,False,5,INVESTIGATION
AUTO_COLLISION,REAR_COLLISION,7,6904.22,3,0,4,0,1.0,True,1,EXPERT_REVIEW
AUTO_COLLISION,SIDE_COLLISION,9,1733.21,1,0,5,1,0.8,False,0,FAST_TRACK
AUTO_COLLISION,REAR_COLLISION,9,6557.13,6,1,6,0,1.0,True,0,EXPERT_REVIEW
AUTO_COLLISION,FRONT_COLLISION,10,1320.88,4,0,5,1,0.8,True,2,EXPERT_REVIEW
AUTO_COLLISION,REAR_COLLISION,5,1235.44,3,0,6,1,0.8333333333333334,False,0,STANDARD
AUTO_COLLISION,SIDE_COLLISION,5,3041.91,5,0,3,0,1.0,False,0,EXPERT_REVIEW
AUTO_COLLISION,FRONT_COLLISION,4,1167.63,2,0,6,0,1.0,False,1,STANDARD
AUTO_COLLISION,PARKING_DAMAGE,6,1969.49,2,0,6,0,1.0,False,0,INVESTIGATION
AUTO_COLLISION,FRONT_COLLISION,4,3977.24,4,0,6,2,0.6666666666666666,False,2,INVESTIGATION
AUTO_COLLISION,FRONT_COLLISION,4,5242.71,3,0,5,1,0.8,False,0,EXPERT_REVIEW
AUTO_COLLISION,SIDE_COLLISION,6,750.62,1,0,6,2,0.6666666666666666,False,1,STANDARD
AUTO_COLLISION,SIDE_COLLISION,7,14285.8,2,0,4,0,1.0,False,0,EXPERT_REVIEW
AUTO_COLLISION,SIDE_COLLISION,5,1907.53,3,1,4,1,0.75,True,1,EXPERT_REVIEW
AUTO_COLLISION,PARKING_DAMAGE,5,359.91,2,0,4,0,1.0,False,0,FAST_TRACK
AUTO_COLLISION,REAR_COLLISION,6,1853.19,3,0,6,2,0.6666666666666666,False,0,STANDARD
AUTO_COLLISION,REAR_COLLISION,6,3701.02,1,0,6,0,1.0,False,0,STANDARD
AUTO_COLLISION,SIDE_COLLISION,4,1222.25,2,0,3,0,1.0,False,1,FAST_TRACK
AUTO_COLLISION,SIDE_COLLISION,5,3626.06,4,1,3,0,1.0,False,1,STANDARD
AUTO_COLLISION,REAR_COLLISION,5,7363.6,6,0,3,0,1.0,False,0,STANDARD
AUTO_COLLISION,FRONT_COLLISION,7,2551.92,4,0,6,3,0.5,False,1,STANDARD
AUTO_COLLISION,PARKING_DAMAGE,10,1039.46,4,0,6,0,1.0,False,0,STANDARD
AUTO_COLLISION,SIDE_COLLISION,3,1611.23,1,0,6,0,1.0,False,0,FAST_TRACK
AUTO_COLLISION,SIDE_COLLISION,3,826.59,2,0,3,0,1.0,False,0,FAST_TRACK
AUTO_COLLISION,PARKING_DAMAGE,8,3313.82,3,0,5,0,1.0,False,0,STANDARD
AUTO_COLLISION,FRONT_COLLISION,5,3383.54,2,0,5,0,1.0,False,0,EXPERT_REVIEW
AUTO_COLLISION,SIDE_COLLISION,8,4136.24,3,0,5,1,0.8,False,1,EXPERT_REVIEW
AUTO_COLLISION,SIDE_COLLISION,7,1495.18,1,1,5,2,0.6,True,1,EXPERT_REVIEW
AUTO_COLLISION,REAR_COLLISION,4,1772.96,2,1,6,1,0.8333333333333334,False,2,EXPERT_REVIEW
AUTO_COLLISION,FRONT_COLLISION,10,8677.93,1,2,6,1,0.8333333333333334,False,1,INVESTIGATION
AUTO_COLLISION,FRONT_COLLISION,5,2798.4,6,0,6,0,1.0,True,0,EXPERT_REVIEW
AUTO_COLLISION,SIDE_COLLISION,2,842.52,1,1,4,0,1.0,False,0,EXPERT_REVIEW
AUTO_COLLISION,FRONT_COLLISION,6,867.57,2,0,4,0,1.0,False,0,STANDARD
AUTO_COLLISION,PARKING_DAMAGE,3,693.24,2,0,4,0,1.0,False,0,STANDARD
AUTO_COLLISION,PARKING_DAMAGE,4,865.65,5,0,5,1,0.8,False,1,STANDARD
AUTO_COLLISION,REAR_COLLISION,8,4775.06,4,0,4,1,0.75,False,1,STANDARD
AUTO_COLLISION,FRONT_COLLISION,4,2488.5,3,0,3,0,1.0,False,0,STANDARD
AUTO_COLLISION,REAR_COLLISION,4,5539.42,5,0,6,1,0.8333333333333334,False,2,STANDARD
AUTO_COLLISION,FRONT_COLLISION,7,2398.64,5,0,5,0,1.0,False,0,EXPERT_REVIEW
AUTO_COLLISION,REAR_COLLISION,4,1423.23,4,0,4,0,1.0,False,0,STANDARD
AUTO_COLLISION,SIDE_COLLISION,1,1888.08,1,0,4,2,0.5,False,1,INVESTIGATION
AUTO_COLLISION,PARKING_DAMAGE,5,2762.59,2,0,4,0,1.0,False,0,FAST_TRACK
AUTO_COLLISION,PARKING_DAMAGE,5,1272.27,2,0,6,0,1.0,False,1,FAST_TRACK
AUTO_COLLISION,FRONT_COLLISION,5,1461.47,3,0,4,0,1.0,False,0,STANDARD
AUTO_COLLISION,REAR_COLLISION,10,2216.95,1,0,3,0,1.0,False,0,STANDARD
AUTO_COLLISION,SIDE_COLLISION,10,1285.94,4,0,3,0,1.0,False,0,EXPERT_REVIEW
AUTO_COLLISION,FRONT_COLLISION,8,3225.5,5,0,5,0,1.0,False,0,STANDARD
AUTO_COLLISION,FRONT_COLLISION,4,7735.13,2,0,5,1,0.8,False,0,FAST_TRACK
AUTO_COLLISION,FRONT_COLLISION,5,7850.83,3,0,6,1,0.8333333333333334,True,1,EXPERT_REVIEW
AUTO_COLLISION,REAR_COLLISION,9,3036.0,2,1,6,0,1.0,False,0,STANDARD
AUTO_COLLISION,FRONT_COLLISION,9,1891.77,2,0,6,1,0.8333333333333334,False,0,FAST_TRACK
AUTO_COLLISION,REAR_COLLISION,5,11213.96,6,1,4,0,1.0,False,0,STANDARD
AUTO_COLLISION,REAR_COLLISION,3,3022.12,2,0,4,1,0.75,False,0,EXPERT_REVIEW
AUTO_COLLISION,FRONT_COLLISION,11,2443.54,2,0,3,0,1.0,False,0,FAST_TRACK
AUTO_COLLISION,REAR_COLLISION,6,707.75,2,0,5,0,1.0,False,0,FAST_TRACK
AUTO_COLLISION,REAR_COLLISION,5,2428.8,3,0,5,1,0.8,False,0,STANDARD
AUTO_COLLISION,FRONT_COLLISION,7,3688.94,2,1,4,1,0.75,False,1,INVESTIGATION
AUTO_COLLISION,REAR_COLLISION,4,2624.17,3,1,5,0,1.0,False,0,EXPERT_REVIEW
AUTO_COLLISION,FRONT_COLLISION,10,1817.34,1,1,5,1,0.8,False,1,INVESTIGATION
AUTO_COLLISION,FRONT_COLLISION,4,4179.41,2,1,4,0,1.0,False,0,STANDARD
AUTO_COLLISION,FRONT_COLLISION,8,864.7,4,0,6,0,1.0,False,0,FAST_TRACK
AUTO_COLLISION,PARKING_DAMAGE,10,4472.18,4,0,5,0,1.0,False,1,STANDARD
AUTO_COLLISION,FRONT_COLLISION,6,1954.04,1,0,6,2,0.6666666666666666,False,2,STANDARD
AUTO_COLLISION,FRONT_COLLISION,5,1959.43,4,0,6,0,1.0,False,0,STANDARD
AUTO_COLLISION,PARKING_DAMAGE,5,2231.76,3,0,5,1,0.8,False,0,INVESTIGATION
AUTO_COLLISION,REAR_COLLISION,7,4701.3,4,0,5,0,1.0,False,0,STANDARD
AUTO_COLLISION,FRONT_COLLISION,6,1058.54,4,0,6,1,0.8333333333333334,False,1,STANDARD
AUTO_COLLISION,PARKING_DAMAGE,5,758.73,2,0,6,0,1.0,True,0,EXPERT_REVIEW
AUTO_COLLISION,SIDE_COLLISION,3,2235.91,3,0,5,0,1.0,False,0,FAST_TRACK
AUTO_COLLISION,REAR_COLLISION,9,6212.22,4,0,4,1,0.75,False,0,STANDARD
AUTO_COLLISION,FRONT_COLLISION,1,569.78,2,0,3,0,1.0,False,1,STANDARD
AUTO_COLLISION,SIDE_COLLISION,3,968.7,3,0,4,1,0.75,False,0,STANDARD
AUTO_COLLISION,SIDE_COLLISION,7,1065.48,3,0,3,0,1.0,False,1,EXPERT_REVIEW
AUTO_COLLISION,SIDE_COLLISION,3,1560.95,3,1,4,1,0.75,False,0,STANDARD
AUTO_COLLISION,FRONT_COLLISION,9,2581.72,3,0,4,1,0.75,True,2,STANDARD
AUTO_COLLISION,FRONT_COLLISION,8,1988.24,2,0,6,0,1.0,False,0,STANDARD
AUTO_COLLISION,PARKING_DAMAGE,9,5838.63,2,1,3,1,0.6666666666666666,False,2,FAST_TRACK
AUTO_COLLISION,FRONT_COLLISION,9,2869.08,2,0,4,1,0.75,False,1,EXPERT_REVIEW
AUTO_COLLISION,FRONT_COLLISION,13,5738.34,1,0,5,1,0.8,False,0,EXPERT_REVIEW
AUTO_COLLISION,PARKING_DAMAGE,4,422.62,2,0,4,2,0.5,False,0,STANDARD
AUTO_COLLISION,FRONT_COLLISION,7,11218.57,3,0,5,1,0.8,False,0,EXPERT_REVIEW
AUTO_COLLISION,FRONT_COLLISION,5,4286.14,4,0,6,2,0.6666666666666666,False,1,EXPERT_REVIEW
AUTO_COLLISION,REAR_COLLISION,8,1889.2,3,0,4,1,0.75,False,0,EXPERT_REVIEW
AUTO_COLLISION,REAR_COLLISION,5,1013.28,2,0,6,1,0.8333333333333334,False,0,EXPERT_REVIEW
AUTO_COLLISION,PARKING_DAMAGE,9,1075.39,3,0,6,0,1.0,False,0,STANDARD
AUTO_COLLISION,SIDE_COLLISION,5,2523.98,3,1,5,2,0.6,True,1,EXPERT_REVIEW
AUTO_COLLISION,SIDE_COLLISION,2,3784.83,3,0,5,2,0.6,False,1,EXPERT_REVIEW
AUTO_COLLISION,REAR_COLLISION,13,613.67,3,0,5,1,0.8,False,0,FAST_TRACK
AUTO_COLLISION,FRONT_COLLISION,4,2441.21,1,0,3,0,1.0,False,0,EXPERT_REVIEW
AUTO_COLLISION,SIDE_COLLISION,4,3708.15,4,0,5,0,1.0,False,0,FAST_TRACK
AUTO_COLLISION,REAR_COLLISION,8,1650.6,1,0,3,3,0.0,False,3,INVESTIGATION
AUTO_COLLISION,REAR_COLLISION,5,633.47,3,0,5,0,1.0,False,0,STANDARD
AUTO_COLLISION,PARKING_DAMAGE,7,850.3,1,0,5,0,1.0,False,0,FAST_TRACK
AUTO_COLLISION,REAR_COLLISION,6,1205.58,1,1,4,0,1.0,False,0,STANDARD
AUTO_COLLISION,SIDE_COLLISION,5,3072.29,2,0,3,0,1.0,True,0,EXPERT_REVIEW
AUTO_COLLISION,PARKING_DAMAGE,3,2102.85,3,0,4,1,0.75,False,0,INVESTIGATION
AUTO_COLLISION,REAR_COLLISION,10,2727.22,1,0,6,2,0.6666666666666666,False,1,STANDARD
AUTO_COLLISION,FRONT_COLLISION,12,3128.81,3,0,3,0,1.0,False,0,FAST_TRACK
AUTO_COLLISION,REAR_COLLISION,8,3227.72,1,0,5,1,0.8,False,0,EXPERT_REVIEW
AUTO_COLLISION,FRONT_COLLISION,8,1721.41,1,0,5,0,1.0,False,0,FAST_TRACK
AUTO_COLLISION,PARKING_DAMAGE,9,2252.35,1,0,4,2,0.5,False,1,INVESTIGATION
AUTO_COLLISION,SIDE_COLLISION,6,6550.26,3,0,3,0,1.0,False,0,EXPERT_REVIEW
AUTO_COLLISION,FRONT_COLLISION,3,1532.95,1,0,5,0,1.0,False,0,STANDARD
AUTO_COLLISION,FRONT_COLLISION,3,1600.38,3,0,4,1,0.75,False,0,STANDARD
AUTO_COLLISION,SIDE_COLLISION,6,1725.95,1,0,6,0,1.0,False,0,STANDARD
AUTO_COLLISION,PARKING_DAMAGE,8,715.08,1,0,6,0,1.0,False,1,FAST_TRACK
AUTO_COLLISION,PARKING_DAMAGE,6,644.25,1,0,4,0,1.0,False,1,STANDARD
AUTO_COLLISION,FRONT_COLLISION,7,2019.07,4,0,4,0,1.0,False,0,FAST_TRACK
AUTO_COLLISION,SIDE_COLLISION,8,1355.67,4,0,5,1,0.8,True,1,EXPERT_REVIEW
AUTO_COLLISION,REAR_COLLISION,7,992.44,2,0,4,0,1.0,False,0,FAST_TRACK
AUTO_COLLISION,FRONT_COLLISION,3,2864.75,2,1,4,0,1.0,False,1,EXPERT_REVIEW
AUTO_COLLISION,REAR_COLLISION,10,3365.21,3,0,5,1,0.8,False,1,STANDARD
AUTO_COLLISION,REAR_COLLISION,5,1870.09,3,1,4,1,0.75,False,2,EXPERT_REVIEW
AUTO_COLLISION,REAR_COLLISION,10,716.98,2,0,3,0,1.0,False,0,STANDARD
AUTO_COLLISION,REAR_COLLISION,5,2627.56,5,0,5,0,1.0,False,0,FAST_TRACK
AUTO_COLLISION,REAR_COLLISION,5,1973.29,2,1,4,0,1.0,False,1,EXPERT_REVIEW
AUTO_COLLISION,SIDE_COLLISION,4,552.89,3,0,6,0,1.0,False,0,FAST_TRACK
AUTO_COLLISION,SIDE_COLLISION,5,4996.83,4,2,4,0,1.0,False,4,INVESTIGATION
AUTO_COLLISION,SIDE_COLLISION,3,633.57,2,0,6,0,1.0,False,0,FAST_TRACK
AUTO_COLLISION,FRONT_COLLISION,9,2092.8,1,0,3,0,1.0,False,0,STANDARD
AUTO_COLLISION,FRONT_COLLISION,9,1211.99,2,0,4,0,1.0,True,0,STANDARD
AUTO_COLLISION,REAR_COLLISION,7,2162.65,1,1,4,1,0.75,False,1,INVESTIGATION
AUTO_COLLISION,REAR_COLLISION,6,2430.59,2,0,6,0,1.0,False,0,EXPERT_REVIEW
AUTO_COLLISION,REAR_COLLISION,4,1051.13,1,1,3,0,1.0,False,0,STANDARD
AUTO_COLLISION,FRONT_COLLISION,6,3246.96,2,0,6,1,0.8333333333333334,False,0,STANDARD
AUTO_COLLISION,PARKING_DAMAGE,6,1121.08,1,0,5,0,1.0,False,0,FAST_TRACK
AUTO_COLLISION,PARKING_DAMAGE,2,777.19,5,1,6,0,1.0,False,1,INVESTIGATION
AUTO_COLLISION,REAR_COLLISION,5,3693.91,2,0,4,0,1.0,False,0,STANDARD
AUTO_COLLISION,SIDE_COLLISION,6,17646.28,5,1,4,0,1.0,False,0,STANDARD
AUTO_COLLISION,REAR_COLLISION,7,1533.35,3,0,4,0,1.0,False,0,EXPERT_REVIEW
AUTO_COLLISION,FRONT_COLLISION,5,829.63,1,0,6,0,1.0,False,0,FAST_TRACK
AUTO_COLLISION,REAR_COLLISION,13,1100.32,2,0,5,1,0.8,True,1,EXPERT_REVIEW
AUTO_COLLISION,FRONT_COLLISION,5,3882.09,4,0,5,2,0.6,False,1,INVESTIGATION
AUTO_COLLISION,SIDE_COLLISION,1,1118.16,3,0,5,1,0.8,False,0,FAST_TRACK
AUTO_COLLISION,SIDE_COLLISION,8,2198.57,2,0,6,0,1.0,False,0,FAST_TRACK
AUTO_COLLISION,PARKING_DAMAGE,6,493.09,4,0,3,2,0.3333333333333333,False,0,STANDARD
AUTO_COLLISION,SIDE_COLLISION,1,3627.08,2,1,4,1,0.75,False,1,STANDARD
AUTO_COLLISION,REAR_COLLISION,6,926.29,2,0,3,1,0.6666666666666666,False,0,EXPERT_REVIEW
AUTO_COLLISION,PARKING_DAMAGE,3,208.45,2,0,5,1,0.8,False,1,STANDARD
AUTO_COLLISION,PARKING_DAMAGE,5,1073.5,2,1,3,0,1.0,False,2,EXPERT_REVIEW
AUTO_COLLISION,SIDE_COLLISION,5,6869.38,3,2,3,0,1.0,False,0,STANDARD
AUTO_COLLISION,FRONT_COLLISION,9,629.53,4,2,6,0,1.0,False,2,STANDARD
AUTO_COLLISION,SIDE_COLLISION,13,1840.27,2,0,3,0,1.0,False,0,STANDARD
AUTO_COLLISION,FRONT_COLLISION,7,7313.8,5,0,6,1,0.8333333333333334,True,0,EXPERT_REVIEW
AUTO_COLLISION,FRONT_COLLISION,6,806.95,3,0,3,1,0.6666666666666666,False,0,STANDARD
AUTO_COLLISION,SIDE_COLLISION,9,2091.32,6,1,6,1,0.8333333333333334,False,1,EXPERT_REVIEW
AUTO_COLLISION,FRONT_COLLISION,4,701.79,4,0,3,0,1.0,True,0,EXPERT_REVIEW
AUTO_COLLISION,PARKING_DAMAGE,4,1038.17,2,0,3,0,1.0,False,0,FAST_TRACK
AUTO_COLLISION,FRONT_COLLISION,6,1619.36,3,0,6,1,0.8333333333333334,False,3,EXPERT_REVIEW
AUTO_COLLISION,FRONT_COLLISION,7,1050.44,1,0,3,1,0.6666666666666666,False,1,STANDARD
AUTO_COLLISION,SIDE_COLLISION,10,2641.52,3,0,3,0,1.0,False,0,EXPERT_REVIEW
AUTO_COLLISION,FRONT_COLLISION,3,3007.34,2,0,4,0,1.0,False,0,STANDARD
AUTO_COLLISION,REAR_COLLISION,4,1251.75,2,0,5,1,0.8,True,0,EXPERT_REVIEW
AUTO_COLLISION,FRONT_COLLISION,5,2678.8,2,0,4,1,0.75,False,0,EXPERT_REVIEW
AUTO_COLLISION,SIDE_COLLISION,9,3881.68,3,0,4,0,1.0,False,0,STANDARD
AUTO_COLLISION,FRONT_COLLISION,7,1082.07,2,0,3,1,0.6666666666666666,False,0,EXPERT_REVIEW
AUTO_COLLISION,FRONT_COLLISION,3,5195.67,2,1,4,1,0.75,False,1,STANDARD
AUTO_COLLISION,FRONT_COLLISION,5,3130.24,5,0,5,1,0.8,False,0,EXPERT_REVIEW
AUTO_COLLISION,FRONT_COLLISION,5,1360.69,1,0,3,0,1.0,False,1,STANDARD
AUTO_COLLISION,REAR_COLLISION,6,1108.98,4,0,6,0,1.0,False,0,FAST_TRACK
AUTO_COLLISION,FRONT_COLLISION,2,5756.56,4,2,6,0,1.0,False,0,FAST_TRACK
AUTO_COLLISION,PARKING_DAMAGE,3,668.26,2,0,6,0,1.0,False,0,FAST_TRACK
AUTO_COLLISION,SIDE_COLLISION,4,2009.75,3,0,6,1,0.8333333333333334,True,1,EXPERT_REVIEW
AUTO_COLLISION,FRONT_COLLISION,4,2016.19,1,0,6,1,0.8333333333333334,False,0,STANDARD
AUTO_COLLISION,REAR_COLLISION,7,940.81,3,0,6,0,1.0,False,1,STANDARD
AUTO_COLLISION,REAR_COLLISION,7,4664.2,6,0,6,1,0.8333333333333334,True,0,EXPERT_REVIEW
AUTO_COLLISION,FRONT_COLLISION,7,652.29,2,0,3,0,1.0,False,1,STANDARD
AUTO_COLLISION,SIDE_COLLISION,8,4112.05,1,1,5,1,0.8,True,0,EXPERT_REVIEW
AUTO_COLLISION,SIDE_COLLISION,10,7157.16,4,0,4,0,1.0,False,0,EXPERT_REVIEW
AUTO_COLLISION,REAR_COLLISION,5,2579.37,3,0,3,1,0.6666666666666666,False,0,STANDARD
AUTO_COLLISION,REAR_COLLISION,3,2434.96,1,0,5,0,1.0,False,0,FAST_TRACK
AUTO_COLLISION,FRONT_COLLISION,6,8532.63,5,0,4,0,1.0,True,0,EXPERT_REVIEW
AUTO_COLLISION,SIDE_COLLISION,3,2103.82,1,0,5,0,1.0,False,0,STANDARD
AUTO_COLLISION,SIDE_COLLISION,15,743.72,2,0,5,1,0.8,False,1,EXPERT_REVIEW
AUTO_COLLISION,FRONT_COLLISION,8,3206.69,3,0,3,0,1.0,False,0,STANDARD
AUTO_COLLISION,FRONT_COLLISION,5,2677.49,2,1,6,1,0.8333333333333334,False,0,INVESTIGATION
AUTO_COLLISION,SIDE_COLLISION,6,4355.77,4,0,3,1,0.6666666666666666,False,0,FAST_TRACK
AUTO_COLLISION,FRONT_COLLISION,7,2693.89,2,1,3,1,0.6666666666666666,False,2,EXPERT_REVIEW
AUTO_COLLISION,REAR_COLLISION,5,1758.37,5,0,5,0,1.0,False,0,EXPERT_REVIEW
AUTO_COLLISION,FRONT_COLLISION,7,3141.9,4,0,3,0,1.0,False,0,STANDARD
AUTO_COLLISION,PARKING_DAMAGE,7,804.68,2,0,3,0,1.0,False,0,FAST_TRACK
AUTO_COLLISION,SIDE_COLLISION,5,7411.68,5,0,3,1,0.6666666666666666,True,1,EXPERT_REVIEW
AUTO_COLLISION,REAR_COLLISION,6,3842.61,3,0,3,0,1.0,False,0,FAST_TRACK
AUTO_COLLISION,REAR_COLLISION,7,2345.21,1,1,3,1,0.6666666666666666,False,1,STANDARD
AUTO_COLLISION,SIDE_COLLISION,8,4829.66,4,1,3,0,1.0,False,1,EXPERT_REVIEW
AUTO_COLLISION,FRONT_COLLISION,10,1864.92,3,1,3,0,1.0,False,0,STANDARD
AUTO_COLLISION,REAR_COLLISION,6,448.52,5,0,6,1,0.8333333333333334,False,1,EXPERT_REVIEW
AUTO_COLLISION,FRONT_COLLISION,2,1608.34,1,1,5,1,0.8,False,0,EXPERT_REVIEW
AUTO_COLLISION,SIDE_COLLISION,8,3880.51,2,0,4,1,0.75,False,1,EXPERT_REVIEW
AUTO_COLLISION,FRONT_COLLISION,2,668.35,3,0,5,1,0.8,False,2,EXPERT_REVIEW
AUTO_COLLISION,SIDE_COLLISION,7,1403.95,1,0,5,1,0.8,False,2,STANDARD
AUTO_COLLISION,PARKING_DAMAGE,7,1399.28,1,0,3,0,1.0,False,0,EXPERT_REVIEW
AUTO_COLLISION,REAR_COLLISION,6,1858.95,1,1,6,0,1.0,False,2,STANDARD
AUTO_COLLISION,REAR_COLLISION,5,2409.47,3,0,6,0,1.0,False,0,FAST_TRACK
AUTO_COLLISION,REAR_COLLISION,8,853.17,1,0,5,1,0.8,False,0,STANDARD
AUTO_COLLISION,SIDE_COLLISION,7,1935.44,2,2,6,2,0.6666666666666666,False,1,INVESTIGATION
AUTO_COLLISION,REAR_COLLISION,5,2563.64,1,1,4,1,0.75,False,2,EXPERT_REVIEW
AUTO_COLLISION,PARKING_DAMAGE,5,580.35,1,0,3,1,0.6666666666666666,True,0,EXPERT_REVIEW
AUTO_COLLISION,FRONT_COLLISION,8,3223.1,2,1,5,1,0.8,False,0,STANDARD
AUTO_COLLISION,FRONT_COLLISION,8,3193.11,2,1,3,0,1.0,False,0,EXPERT_REVIEW
AUTO_COLLISION,REAR_COLLISION,4,346.27,3,0,5,1,0.8,False,1,STANDARD
AUTO_COLLISION,SIDE_COLLISION,5,2487.0,3,0,5,0,1.0,False,0,STANDARD
AUTO_COLLISION,SIDE_COLLISION,9,1437.45,4,0,5,0,1.0,False,0,EXPERT_REVIEW
AUTO_COLLISION,FRONT_COLLISION,9,4811.64,2,0,4,0,1.0,False,1,EXPERT_REVIEW
AUTO_COLLISION,FRONT_COLLISION,1,2990.69,3,0,4,0,1.0,False,0,STANDARD
AUTO_COLLISION,PARKING_DAMAGE,4,1140.95,1,1,5,1,0.8,False,1,EXPERT_REVIEW
AUTO_COLLISION,FRONT_COLLISION,7,1670.83,3,0,4,1,0.75,False,0,STANDARD
AUTO_COLLISION,FRONT_COLLISION,6,3203.65,2,1,3,2,0.3333333333333333,True,0,EXPERT_REVIEW
AUTO_COLLISION,SIDE_COLLISION,5,5014.32,5,4,6,1,0.8333333333333334,False,0,STANDARD
AUTO_COLLISION,PARKING_DAMAGE,4,3416.84,2,1,5,0,1.0,False,0,STANDARD
AUTO_COLLISION,REAR_COLLISION,5,2266.33,2,0,6,1,0.8333333333333334,False,0,STANDARD
AUTO_COLLISION,SIDE_COLLISION,1,4208.17,4,0,4,1,0.75,False,0,STANDARD
AUTO_COLLISION,PARKING_DAMAGE,6,952.62,1,0,5,0,1.0,False,0,FAST_TRACK
AUTO_COLLISION,REAR_COLLISION,5,3242.96,3,0,4,0,1.0,False,0,STANDARD
AUTO_COLLISION,REAR_COLLISION,5,1571.14,3,0,3,1,0.6666666666666666,False,0,STANDARD
AUTO_COLLISION,FRONT_COLLISION,5,1608.88,1,1,3,1,0.6666666666666666,False,1,STANDARD
AUTO_COLLISION,SIDE_COLLISION,1,1858.59,3,0,3,0,1.0,False,0,STANDARD
AUTO_COLLISION,SIDE_COLLISION,7,1264.29,1,0,3,0,1.0,False,0,STANDARD
AUTO_COLLISION,REAR_COLLISION,6,2745.64,1,1,4,1,0.75,False,3,STANDARD
AUTO_COLLISION,FRONT_COLLISION,8,1013.82,3,1,4,0,1.0,False,0,STANDARD
AUTO_COLLISION,REAR_COLLISION,7,1412.03,4,0,6,0,1.0,False,0,EXPERT_REVIEW
AUTO_COLLISION,REAR_COLLISION,3,1111.24,3,0,3,1,0.6666666666666666,False,1,STANDARD
AUTO_COLLISION,FRONT_COLLISION,7,2684.51,3,0,3,0,1.0,False,0,STANDARD
AUTO_COLLISION,FRONT_COLLISION,13,3754.38,4,0,4,0,1.0,False,0,EXPERT_REVIEW
AUTO_COLLISION,REAR_COLLISION,6,2027.47,2,0,5,0,1.0,True,0,EXPERT_REVIEW
AUTO_COLLISION,REAR_COLLISION,8,1870.12,1,0,5,1,0.8,False,0,FAST_TRACK
AUTO_COLLISION,REAR_COLLISION,10,9241.99,6,1,6,0,1.0,False,0,STANDARD
AUTO_COLLISION,PARKING_DAMAGE,1,1234.29,1,0,5,0,1.0,False,0,FAST_TRACK
AUTO_COLLISION,FRONT_COLLISION,6,2710.28,3,0,4,0,1.0,False,1,STANDARD
AUTO_COLLISION,FRONT_COLLISION,5,5678.73,1,0,6,0,1.0,False,1,EXPERT_REVIEW
AUTO_COLLISION,PARKING_DAMAGE,9,1135.6,3,0,6,1,0.8333333333333334,False,0,STANDARD
AUTO_COLLISION,FRONT_COLLISION,8,5999.88,2,1,3,0,1.0,False,0,STANDARD
AUTO_COLLISION,REAR_COLLISION,2,2043.38,4,1,4,0,1.0,False,2,STANDARD
AUTO_COLLISION,SIDE_COLLISION,5,4073.44,3,1,4,2,0.5,True,2,INVESTIGATION
AUTO_COLLISION,REAR_COLLISION,2,4293.4,1,1,6,3,0.5,False,1,INVESTIGATION
AUTO_COLLISION,SIDE_COLLISION,5,6997.32,5,3,6,1,0.8333333333333334,True,1,EXPERT_REVIEW
AUTO_COLLISION,FRONT_COLLISION,5,8043.2,1,0,3,1,0.6666666666666666,False,1,FAST_TRACK
AUTO_COLLISION,REAR_COLLISION,4,1324.34,2,0,5,0,1.0,False,0,STANDARD
AUTO_COLLISION,REAR_COLLISION,7,1801.66,3,0,5,0,1.0,False,0,FAST_TRACK
AUTO_COLLISION,PARKING_DAMAGE,6,723.95,2,1,3,0,1.0,False,0,STANDARD
AUTO_COLLISION,SIDE_COLLISION,7,3605.09,4,0,4,0,1.0,False,0,EXPERT_REVIEW
AUTO_COLLISION,REAR_COLLISION,7,1178.09,3,0,5,1,0.8,False,0,STANDARD
AUTO_COLLISION,REAR_COLLISION,5,612.5,2,0,5,0,1.0,False,1,INVESTIGATION
AUTO_COLLISION,SIDE_COLLISION,4,3200.97,1,0,5,0,1.0,False,1,INVESTIGATION
AUTO_COLLISION,SIDE_COLLISION,1,1861.27,3,1,5,0,1.0,False,2,EXPERT_REVIEW
AUTO_COLLISION,SIDE_COLLISION,4,1714.99,2,0,6,1,0.8333333333333334,False,1,INVESTIGATION
AUTO_COLLISION,REAR_COLLISION,8,781.28,3,0,6,2,0.6666666666666666,False,0,STANDARD
AUTO_COLLISION,PARKING_DAMAGE,5,1001.07,2,0,4,1,0.75,False,1,INVESTIGATION
AUTO_COLLISION,REAR_COLLISION,8,1032.38,2,0,5,1,0.8,False,0,FAST_TRACK
AUTO_COLLISION,REAR_COLLISION,4,980.22,1,0,6,0,1.0,False,0,STANDARD
AUTO_COLLISION,FRONT_COLLISION,7,2419.52,1,1,5,0,1.0,False,1,EXPERT_REVIEW
AUTO_COLLISION,FRONT_COLLISION,5,11636.03,4,1,3,1,0.6666666666666666,False,1,STANDARD
AUTO_COLLISION,FRONT_COLLISION,3,2540.74,2,0,4,0,1.0,False,0,STANDARD
AUTO_COLLISION,FRONT_COLLISION,4,1748.35,4,0,4,0,1.0,True,0,EXPERT_REVIEW
AUTO_COLLISION,REAR_COLLISION,8,994.85,2,0,5,0,1.0,False,0,FAST_TRACK
AUTO_COLLISION,FRONT_COLLISION,3,2300.56,1,1,6,1,0.8333333333333334,False,0,FAST_TRACK
AUTO_COLLISION,FRONT_COLLISION,7,2673.4,3,1,6,2,0.6666666666666666,False,1,EXPERT_REVIEW
AUTO_COLLISION,REAR_COLLISION,10,2284.23,2,0,6,0,1.0,False,0,STANDARD
AUTO_COLLISION,FRONT_COLLISION,5,1443.24,2,1,4,1,0.75,False,1,EXPERT_REVIEW
AUTO_COLLISION,PARKING_DAMAGE,5,656.91,3,0,4,1,0.75,False,0,STANDARD
AUTO_COLLISION,SIDE_COLLISION,4,3280.65,1,1,6,0,1.0,True,2,EXPERT_REVIEW
AUTO_COLLISION,REAR_COLLISION,3,779.53,2,1,4,1,0.75,False,0,INVESTIGATION
AUTO_COLLISION,FRONT_COLLISION,9,6310.3,4,0,3,1,0.6666666666666666,False,0,STANDARD
AUTO_COLLISION,SIDE_COLLISION,8,4678.07,2,1,5,0,1.0,True,1,STANDARD
AUTO_COLLISION,SIDE_COLLISION,8,3761.48,1,1,4,1,0.75,False,1,INVESTIGATION
AUTO_COLLISION,REAR_COLLISION,5,7016.37,3,1,4,2,0.5,True,0,EXPERT_REVIEW
AUTO_COLLISION,SIDE_COLLISION,7,1816.99,3,0,4,0,1.0,False,0,STANDARD
AUTO_COLLISION,FRONT_COLLISION,7,5715.85,2,1,6,2,0.6666666666666666,False,1,STANDARD
AUTO_COLLISION,SIDE_COLLISION,3,5367.37,2,1,4,1,0.75,False,0,EXPERT_REVIEW
AUTO_COLLISION,REAR_COLLISION,3,1403.46,3,0,6,0,1.0,False,0,FAST_TRACK
AUTO_COLLISION,REAR_COLLISION,7,1097.85,1,0,5,0,1.0,False,0,STANDARD
AUTO_COLLISION,FRONT_COLLISION,7,4536.79,2,1,6,0,1.0,False,0,STANDARD
AUTO_COLLISION,FRONT_COLLISION,4,853.86,2,0,6,0,1.0,False,1,STANDARD
AUTO_COLLISION,FRONT_COLLISION,5,1568.44,2,0,3,0,1.0,True,0,STANDARD
AUTO_COLLISION,PARKING_DAMAGE,5,597.61,2,0,3,2,0.3333333333333333,False,1,INVESTIGATION
AUTO_COLLISION,PARKING_DAMAGE,5,3021.41,1,0,6,0,1.0,False,0,FAST_TRACK
AUTO_COLLISION,FRONT_COLLISION,8,1910.26,2,1,3,1,0.6666666666666666,False,2,INVESTIGATION
AUTO_COLLISION,FRONT_COLLISION,5,3019.22,4,2,5,1,0.8,False,4,INVESTIGATION
AUTO_COLLISION,SIDE_COLLISION,7,2986.12,4,0,4,2,0.5,False,0,FAST_TRACK
AUTO_COLLISION,FRONT_COLLISION,8,995.45,1,0,3,0,1.0,False,0,STANDARD
AUTO_COLLISION,FRONT_COLLISION,11,3319.07,3,0,5,1,0.8,False,1,STANDARD
AUTO_COLLISION,FRONT_COLLISION,10,3304.0,3,0,6,1,0.8333333333333334,False,0,STANDARD
AUTO_COLLISION,SIDE_COLLISION,7,4481.27,3,0,4,0,1.0,False,0,EXPERT_REVIEW
AUTO_COLLISION,FRONT_COLLISION,8,3721.49,4,0,3,0,1.0,False,0,EXPERT_REVIEW
AUTO_COLLISION,FRONT_COLLISION,10,3338.9,2,0,5,1,0.8,False,0,STANDARD
AUTO_COLLISION,SIDE_COLLISION,9,2615.84,4,0,6,1,0.8333333333333334,True,1,EXPERT_REVIEW
AUTO_COLLISION,REAR_COLLISION,7,1799.46,2,1,5,0,1.0,False,0,FAST_TRACK
AUTO_COLLISION,FRONT_COLLISION,2,2408.86,2,0,3,1,0.6666666666666666,True,0,EXPERT_REVIEW
AUTO_COLLISION,REAR_COLLISION,5,830.02,3,0,4,1,0.75,False,0,STANDARD
AUTO_COLLISION,REAR_COLLISION,3,1072.55,2,0,4,0,1.0,False,0,STANDARD
AUTO_COLLISION,SIDE_COLLISION,6,535.7,1,0,4,0,1.0,False,0,STANDARD
AUTO_COLLISION,REAR_COLLISION,4,3939.91,4,2,5,2,0.6,False,0,INVESTIGATION
AUTO_COLLISION,FRONT_COLLISION,7,4720.37,5,0,5,0,1.0,False,0,EXPERT_REVIEW
AUTO_COLLISION,SIDE_COLLISION,4,1562.16,2,0,5,1,0.8,False,0,STANDARD
AUTO_COLLISION,REAR_COLLISION,7,1424.81,3,0,5,1,0.8,False,1,EXPERT_REVIEW
AUTO_COLLISION,REAR_COLLISION,1,1045.35,1,0,6,1,0.8333333333333334,False,0,EXPERT_REVIEW
AUTO_COLLISION,FRONT_COLLISION,9,1807.47,3,1,3,0,1.0,False,1,EXPERT_REVIEW
AUTO_COLLISION,FRONT_COLLISION,10,1992.91,2,0,4,0,1.0,False,0,FAST_TRACK
AUTO_COLLISION,FRONT_COLLISION,10,1281.6,2,0,3,1,0.6666666666666666,False,1,EXPERT_REVIEW
AUTO_COLLISION,FRONT_COLLISION,4,1477.74,1,0,5,1,0.8,False,0,STANDARD
AUTO_COLLISION,REAR_COLLISION,0,1363.44,1,0,6,0,1.0,False,1,STANDARD
AUTO_COLLISION,FRONT_COLLISION,8,1347.75,2,0,4,2,0.5,False,2,INVESTIGATION
AUTO_COLLISION,SIDE_COLLISION,3,4860.35,1,0,5,1,0.8,True,0,STANDARD
AUTO_COLLISION,FRONT_COLLISION,6,2416.4,3,0,6,0,1.0,False,0,STANDARD
AUTO_COLLISION,REAR_COLLISION,3,3050.6,6,0,5,0,1.0,False,0,INVESTIGATION
AUTO_COLLISION,SIDE_COLLISION,5,6908.17,5,0,5,0,1.0,False,0,EXPERT_REVIEW
AUTO_COLLISION,REAR_COLLISION,10,923.23,6,0,6,0,1.0,False,0,STANDARD
AUTO_COLLISION,SIDE_COLLISION,7,2506.61,2,0,4,1,0.75,False,0,FAST_TRACK
AUTO_COLLISION,FRONT_COLLISION,4,1014.8,1,0,3,1,0.6666666666666666,False,0,FAST_TRACK
AUTO_COLLISION,SIDE_COLLISION,6,2532.19,1,1,3,0,1.0,False,1,STANDARD
AUTO_COLLISION,SIDE_COLLISION,6,1755.23,1,0,5,1,0.8,False,0,STANDARD
AUTO_COLLISION,FRONT_COLLISION,8,4833.77,2,0,6,0,1.0,False,0,STANDARD
AUTO_COLLISION,FRONT_COLLISION,7,1227.38,6,0,5,0,1.0,False,0,EXPERT_REVIEW
AUTO_COLLISION,FRONT_COLLISION,7,2512.49,2,0,4,0,1.0,True,0,EXPERT_REVIEW
AUTO_COLLISION,FRONT_COLLISION,4,2098.41,2,0,4,0,1.0,False,0,FAST_TRACK
AUTO_COLLISION,SIDE_COLLISION,5,2744.9,4,0,5,0,1.0,False,1,FAST_TRACK
AUTO_COLLISION,FRONT_COLLISION,5,1039.91,2,0,4,0,1.0,False,0,FAST_TRACK
AUTO_COLLISION,FRONT_COLLISION,5,2566.42,2,0,6,0,1.0,False,0,FAST_TRACK
AUTO_COLLISION,FRONT_COLLISION,7,7902.93,3,0,4,0,1.0,True,0,STANDARD
AUTO_COLLISION,REAR_COLLISION,14,2645.0,1,0,5,0,1.0,True,0,EXPERT_REVIEW
AUTO_COLLISION,SIDE_COLLISION,4,2728.2,4,2,5,1,0.8,False,1,EXPERT_REVIEW
AUTO_COLLISION,SIDE_COLLISION,4,11890.73,5,0,5,1,0.8,False,0,STANDARD
AUTO_COLLISION,REAR_COLLISION,7,6758.57,6,1,4,0,1.0,False,0,EXPERT_REVIEW
AUTO_COLLISION,REAR_COLLISION,7,857.28,4,0,3,0,1.0,False,0,FAST_TRACK
AUTO_COLLISION,REAR_COLLISION,2,5470.32,2,0,3,0,1.0,False,0,INVESTIGATION
AUTO_COLLISION,REAR_COLLISION,4,3937.03,4,2,5,0,1.0,False,0,EXPERT_REVIEW
AUTO_COLLISION,FRONT_COLLISION,5,3007.69,3,1,5,0,1.0,False,1,EXPERT_REVIEW
AUTO_COLLISION,REAR_COLLISION,6,673.21,1,1,3,2,0.3333333333333333,False,2,STANDARD
AUTO_COLLISION,REAR_COLLISION,4,1198.66,4,0,6,0,1.0,False,0,STANDARD
AUTO_COLLISION,REAR_COLLISION,11,1118.78,2,0,4,1,0.75,False,0,STANDARD
AUTO_COLLISION,SIDE_COLLISION,5,1976.81,3,0,4,0,1.0,True,1,EXPERT_REVIEW
AUTO_COLLISION,SIDE_COLLISION,6,413.18,3,0,5,0,1.0,False,0,STANDARD
AUTO_COLLISION,FRONT_COLLISION,7,1814.13,1,0,5,0,1.0,False,0,EXPERT_REVIEW
AUTO_COLLISION,FRONT_COLLISION,10,3696.19,3,0,6,1,0.8333333333333334,False,1,EXPERT_REVIEW
AUTO_COLLISION,FRONT_COLLISION,2,3309.72,1,0,4,0,1.0,False,0,STANDARD
AUTO_COLLISION,SIDE_COLLISION,9,3913.51,4,0,5,0,1.0,True,0,EXPERT_REVIEW
AUTO_COLLISION,FRONT_COLLISION,7,7229.44,3,0,4,1,0.75,True,0,EXPERT_REVIEW
AUTO_COLLISION,SIDE_COLLISION,7,5158.75,2,1,4,2,0.5,False,1,STANDARD
AUTO_COLLISION,PARKING_DAMAGE,4,1889.78,1,0,5,0,1.0,False,0,STANDARD
AUTO_COLLISION,FRONT_COLLISION,7,773.75,2,0,3,1,0.6666666666666666,False,0,FAST_TRACK
AUTO_COLLISION,PARKING_DAMAGE,3,1838.87,3,0,6,0,1.0,False,0,FAST_TRACK
AUTO_COLLISION,SIDE_COLLISION,6,4325.32,5,1,3,2,0.3333333333333333,False,1,INVESTIGATION
AUTO_COLLISION,FRONT_COLLISION,5,775.55,2,1,5,0,1.0,True,1,EXPERT_REVIEW
AUTO_COLLISION,REAR_COLLISION,5,3188.29,1,0,4,0,1.0,False,0,FAST_TRACK
AUTO_COLLISION,SIDE_COLLISION,4,8064.94,8,0,6,0,1.0,False,0,EXPERT_REVIEW
AUTO_COLLISION,REAR_COLLISION,6,906.55,1,0,5,0,1.0,False,0,STANDARD
AUTO_COLLISION,PARKING_DAMAGE,6,1002.46,4,0,6,2,0.6666666666666666,False,0,STANDARD
AUTO_COLLISION,REAR_COLLISION,12,2582.34,2,0,4,0,1.0,False,0,FAST_TRACK
AUTO_COLLISION,REAR_COLLISION,5,8612.34,2,0,6,3,0.5,False,1,INVESTIGATION
AUTO_COLLISION,SIDE_COLLISION,2,5583.47,3,0,3,0,1.0,False,1,EXPERT_REVIEW
AUTO_COLLISION,REAR_COLLISION,9,2373.06,2,0,4,1,0.75,False,2,FAST_TRACK
AUTO_COLLISION,FRONT_COLLISION,5,750.86,2,1,3,0,1.0,False,0,STANDARD
AUTO_COLLISION,REAR_COLLISION,4,2273.49,2,1,5,0,1.0,False,1,EXPERT_REVIEW
AUTO_COLLISION,FRONT_COLLISION,9,1084.1,3,0,4,0,1.0,False,1,STANDARD
AUTO_COLLISION,PARKING_DAMAGE,5,560.31,2,0,6,0,1.0,False,0,FAST_TRACK
AUTO_COLLISION,PARKING_DAMAGE,12,594.04,2,0,5,0,1.0,False,0,FAST_TRACK
AUTO_COLLISION,SIDE_COLLISION,5,4429.47,2,0,3,0,1.0,True,0,EXPERT_REVIEW
AUTO_COLLISION,PARKING_DAMAGE,6,817.86,2,0,5,0,1.0,False,0,FAST_TRACK
AUTO_COLLISION,REAR_COLLISION,3,1698.34,2,1,4,1,0.75,False,1,INVESTIGATION
AUTO_COLLISION,FRONT_COLLISION,5,3046.63,1,0,6,1,0.8333333333333334,False,0,EXPERT_REVIEW
AUTO_COLLISION,REAR_COLLISION,8,5483.99,2,0,5,0,1.0,False,0,INVESTIGATION
AUTO_COLLISION,SIDE_COLLISION,5,1858.15,1,0,3,1,0.6666666666666666,False,0,STANDARD
AUTO_COLLISION,SIDE_COLLISION,1,9120.3,2,0,4,2,0.5,True,1,EXPERT_REVIEW
AUTO_COLLISION,FRONT_COLLISION,6,1539.21,4,0,3,0,1.0,False,0,EXPERT_REVIEW
AUTO_COLLISION,REAR_COLLISION,9,5881.07,2,0,5,0,1.0,False,0,STANDARD
AUTO_COLLISION,SIDE_COLLISION,6,3026.24,1,1,4,0,1.0,False,2,STANDARD
AUTO_COLLISION,FRONT_COLLISION,8,1401.81,1,0,6,0,1.0,True,0,EXPERT_REVIEW
AUTO_COLLISION,FRONT_COLLISION,7,2851.43,2,2,6,2,0.6666666666666666,False,1,STANDARD
AUTO_COLLISION,REAR_COLLISION,6,1177.53,2,1,4,0,1.0,False,0,FAST_TRACK
AUTO_COLLISION,PARKING_DAMAGE,6,233.26,4,0,5,0,1.0,False,0,EXPERT_REVIEW
AUTO_COLLISION,SIDE_COLLISION,4,885.25,3,0,5,0,1.0,False,0,FAST_TRACK
AUTO_COLLISION,FRONT_COLLISION,8,7091.61,3,0,4,3,0.25,False,1,INVESTIGATION
AUTO_COLLISION,REAR_COLLISION,6,890.08,3,0,6,2,0.6666666666666666,False,0,STANDARD
AUTO_COLLISION,FRONT_COLLISION,5,755.2,2,0,3,0,1.0,False,0,STANDARD
AUTO_COLLISION,PARKING_DAMAGE,6,418.15,5,0,5,0,1.0,False,2,EXPERT_REVIEW
AUTO_COLLISION,FRONT_COLLISION,7,349.29,3,0,5,1,0.8,False,0,STANDARD
AUTO_COLLISION,PARKING_DAMAGE,4,873.88,1,0,3,1,0.6666666666666666,False,0,FAST_TRACK
AUTO_COLLISION,FRONT_COLLISION,8,4664.1,3,0,5,0,1.0,True,1,EXPERT_REVIEW
AUTO_COLLISION,REAR_COLLISION,5,1534.1,3,0,6,0,1.0,False,0,STANDARD
AUTO_COLLISION,REAR_COLLISION,6,4101.56,2,2,3,0,1.0,False,0,STANDARD
AUTO_COLLISION,REAR_COLLISION,6,983.97,1,0,3,0,1.0,False,0,INVESTIGATION
AUTO_COLLISION,SIDE_COLLISION,3,3392.21,1,0,3,1,0.6666666666666666,False,1,INVESTIGATION
AUTO_COLLISION,FRONT_COLLISION,8,4318.69,4,0,6,0,1.0,False,0,STANDARD
AUTO_COLLISION,FRONT_COLLISION,9,3358.78,4,0,4,1,0.75,False,1,INVESTIGATION
AUTO_COLLISION,FRONT_COLLISION,2,12003.43,3,1,3,0,1.0,False,0,EXPERT_REVIEW
AUTO_COLLISION,REAR_COLLISION,5,3014.05,4,1,6,2,0.6666666666666666,False,1,EXPERT_REVIEW
AUTO_COLLISION,FRONT_COLLISION,9,1241.17,2,0,3,0,1.0,False,0,FAST_TRACK
AUTO_COLLISION,REAR_COLLISION,6,8442.87,1,1,5,1,0.8,True,0,EXPERT_REVIEW
AUTO_COLLISION,SIDE_COLLISION,3,14530.03,5,4,4,0,1.0,True,0,INVESTIGATION
AUTO_COLLISION,SIDE_COLLISION,6,912.08,3,0,6,0,1.0,False,0,STANDARD
AUTO_COLLISION,SIDE_COLLISION,7,7868.16,2,3,5,0,1.0,True,0,STANDARD
AUTO_COLLISION,PARKING_DAMAGE,5,669.3,1,0,4,0,1.0,False,0,FAST_TRACK
AUTO_COLLISION,FRONT_COLLISION,6,2863.17,2,1,3,0,1.0,False,0,STANDARD
AUTO_COLLISION,REAR_COLLISION,5,2156.29,4,0,3,0,1.0,False,0,STANDARD
AUTO_COLLISION,FRONT_COLLISION,6,940.14,1,0,4,0,1.0,False,0,STANDARD
AUTO_COLLISION,REAR_COLLISION,6,3466.61,2,1,5,2,0.6,False,1,STANDARD
AUTO_COLLISION,REAR_COLLISION,11,2021.0,4,0,4,0,1.0,False,0,EXPERT_REVIEW
AUTO_COLLISION,FRONT_COLLISION,4,473.21,1,0,4,0,1.0,True,0,EXPERT_REVIEW
AUTO_COLLISION,REAR_COLLISION,8,1455.59,4,1,4,0,1.0,False,0,STANDARD
AUTO_COLLISION,SIDE_COLLISION,6,2683.73,4,0,5,1,0.8,False,0,EXPERT_REVIEW
AUTO_COLLISION,FRONT_COLLISION,7,712.87,2,0,5,1,0.8,False,1,EXPERT_REVIEW
AUTO_COLLISION,SIDE_COLLISION,1,6151.7,1,0,4,0,1.0,False,0,STANDARD
AUTO_COLLISION,FRONT_COLLISION,4,2443.93,5,0,6,1,0.8333333333333334,False,1,STANDARD
AUTO_COLLISION,SIDE_COLLISION,7,3717.53,4,0,4,0,1.0,True,0,EXPERT_REVIEW
AUTO_COLLISION,REAR_COLLISION,4,1124.0,3,0,6,0,1.0,False,0,STANDARD
AUTO_COLLISION,SIDE_COLLISION,11,4911.94,2,0,3,0,1.0,True,0,EXPERT_REVIEW
AUTO_COLLISION,REAR_COLLISION,8,3314.64,3,0,4,0,1.0,True,0,STANDARD
AUTO_COLLISION,REAR_COLLISION,4,1173.63,2,0,4,0,1.0,False,0,FAST_TRACK
AUTO_COLLISION,PARKING_DAMAGE,4,349.32,3,0,4,1,0.75,False,0,STANDARD
AUTO_COLLISION,FRONT_COLLISION,11,2702.51,3,0,6,0,1.0,False,0,EXPERT_REVIEW
AUTO_COLLISION,FRONT_COLLISION,4,1531.99,1,0,5,1,0.8,False,0,FAST_TRACK
AUTO_COLLISION,REAR_COLLISION,4,4911.54,5,0,5,0,1.0,False,0,EXPERT_REVIEW
AUTO_COLLISION,FRONT_COLLISION,6,1498.89,3,1,3,0,1.0,False,0,STANDARD
AUTO_COLLISION,PARKING_DAMAGE,5,932.09,3,0,4,0,1.0,False,0,FAST_TRACK
AUTO_COLLISION,REAR_COLLISION,3,3297.0,1,0,4,0,1.0,False,0,FAST_TRACK
AUTO_COLLISION,SIDE_COLLISION,6,1099.32,2,0,5,2,0.6,False,1,EXPERT_REVIEW
AUTO_COLLISION,FRONT_COLLISION,9,2872.4,2,1,3,0,1.0,False,0,EXPERT_REVIEW
AUTO_COLLISION,FRONT_COLLISION,8,389.0,2,0,6,2,0.6666666666666666,False,1,STANDARD
AUTO_COLLISION,SIDE_COLLISION,6,4171.9,3,0,5,0,1.0,False,0,EXPERT_REVIEW
AUTO_COLLISION,FRONT_COLLISION,4,1298.79,1,0,5,0,1.0,False,0,STANDARD
AUTO_COLLISION,FRONT_COLLISION,4,2968.93,1,1,6,1,0.8333333333333334,False,2,STANDARD
AUTO_COLLISION,REAR_COLLISION,5,2706.33,3,0,5,1,0.8,False,2,EXPERT_REVIEW
AUTO_COLLISION,REAR_COLLISION,8,1143.84,4,0,3,0,1.0,False,0,EXPERT_REVIEW
AUTO_COLLISION,REAR_COLLISION,9,2386.34,3,0,5,0,1.0,False,0,STANDARD
AUTO_COLLISION,SIDE_COLLISION,7,3325.45,4,0,4,0,1.0,False,0,EXPERT_REVIEW
AUTO_COLLISION,REAR_COLLISION,13,7727.09,4,0,3,0,1.0,True,1,EXPERT_REVIEW
AUTO_COLLISION,FRONT_COLLISION,2,2177.07,3,0,5,0,1.0,False,0,FAST_TRACK
AUTO_COLLISION,REAR_COLLISION,6,1420.73,4,1,6,1,0.8333333333333334,False,3,STANDARD
AUTO_COLLISION,FRONT_COLLISION,8,1883.07,2,0,4,0,1.0,False,0,FAST_TRACK
AUTO_COLLISION,SIDE_COLLISION,6,1290.77,2,0,3,1,0.6666666666666666,True,1,EXPERT_REVIEW
AUTO_COLLISION,SIDE_COLLISION,3,6806.71,6,1,5,1,0.8,False,2,INVESTIGATION
AUTO_COLLISION,FRONT_COLLISION,6,8162.67,4,4,6,3,0.5,True,2,INVESTIGATION
AUTO_COLLISION,FRONT_COLLISION,4,3756.21,3,0,4,1,0.75,True,0,EXPERT_REVIEW
AUTO_COLLISION,PARKING_DAMAGE,8,714.92,1,0,5,1,0.8,False,1,STANDARD
AUTO_COLLISION,REAR_COLLISION,6,1432.2,3,0,6,1,0.8333333333333334,False,1,FAST_TRACK
AUTO_COLLISION,SIDE_COLLISION,4,1890.26,2,0,4,1,0.75,False,0,STANDARD
AUTO_COLLISION,FRONT_COLLISION,3,1619.46,3,0,5,0,1.0,False,0,EXPERT_REVIEW
AUTO_COLLISION,FRONT_COLLISION,4,7781.08,4,0,6,0,1.0,False,0,EXPERT_REVIEW
AUTO_COLLISION,SIDE_COLLISION,9,3636.23,2,0,6,0,1.0,False,1,STANDARD
AUTO_COLLISION,REAR_COLLISION,9,2102.66,1,0,4,0,1.0,False,1,STANDARD
AUTO_COLLISION,FRONT_COLLISION,6,1774.94,1,0,3,1,0.6666666666666666,False,0,STANDARD
AUTO_COLLISION,SIDE_COLLISION,4,8433.14,4,1,5,0,1.0,True,1,EXPERT_REVIEW
AUTO_COLLISION,SIDE_COLLISION,7,1188.86,5,0,5,3,0.4,False,1,INVESTIGATION
AUTO_COLLISION,FRONT_COLLISION,5,4425.28,2,0,4,0,1.0,True,0,EXPERT_REVIEW
AUTO_COLLISION,SIDE_COLLISION,5,3722.79,3,0,4,1,0.75,False,1,STANDARD
AUTO_COLLISION,FRONT_COLLISION,5,7893.06,6,1,3,1,0.6666666666666666,False,1,INVESTIGATION
AUTO_COLLISION,FRONT_COLLISION,6,6597.85,2,1,4,0,1.0,False,1,STANDARD
AUTO_COLLISION,FRONT_COLLISION,7,4376.41,3,0,6,1,0.8333333333333334,False,1,EXPERT_REVIEW
AUTO_COLLISION,FRONT_COLLISION,6,7547.69,5,0,4,1,0.75,False,0,INVESTIGATION
AUTO_COLLISION,FRONT_COLLISION,3,2541.25,1,0,5,0,1.0,False,0,EXPERT_REVIEW
AUTO_COLLISION,REAR_COLLISION,6,1346.87,1,0,5,0,1.0,False,0,FAST_TRACK
AUTO_COLLISION,REAR_COLLISION,7,3228.12,3,0,6,0,1.0,False,0,FAST_TRACK
AUTO_COLLISION,FRONT_COLLISION,1,2929.93,2,0,5,0,1.0,True,0,STANDARD
AUTO_COLLISION,PARKING_DAMAGE,9,736.39,2,0,5,0,1.0,False,0,FAST_TRACK
AUTO_COLLISION,FRONT_COLLISION,6,2441.01,2,0,4,0,1.0,False,0,FAST_TRACK
AUTO_COLLISION,SIDE_COLLISION,9,3568.88,3,0,3,0,1.0,False,0,EXPERT_REVIEW
AUTO_COLLISION,FRONT_COLLISION,11,2203.72,2,0,6,0,1.0,False,1,STANDARD
AUTO_COLLISION,FRONT_COLLISION,7,6718.52,3,0,3,0,1.0,True,0,EXPERT_REVIEW
AUTO_COLLISION,REAR_COLLISION,6,2560.74,2,0,3,0,1.0,False,0,FAST_TRACK
AUTO_COLLISION,REAR_COLLISION,6,2130.89,2,0,3,0,1.0,False,0,FAST_TRACK
AUTO_COLLISION,FRONT_COLLISION,7,4624.24,3,2,5,2,0.6,True,2,INVESTIGATION
AUTO_COLLISION,FRONT_COLLISION,3,884.66,2,0,6,1,0.8333333333333334,False,2,INVESTIGATION
AUTO_COLLISION,FRONT_COLLISION,4,1278.0,2,1,3,0,1.0,False,1,EXPERT_REVIEW
AUTO_COLLISION,REAR_COLLISION,7,2806.03,2,0,5,0,1.0,False,0,FAST_TRACK
AUTO_COLLISION,PARKING_DAMAGE,4,2880.59,3,0,6,4,0.3333333333333333,False,0,STANDARD
AUTO_COLLISION,PARKING_DAMAGE,8,780.64,3,0,5,0,1.0,True,0,STANDARD
AUTO_COLLISION,FRONT_COLLISION,7,1118.56,2,0,3,0,1.0,False,0,FAST_TRACK
AUTO_COLLISION,FRONT_COLLISION,4,3585.66,4,0,4,1,0.75,False,0,INVESTIGATION
AUTO_COLLISION,PARKING_DAMAGE,2,1768.02,1,0,6,1,0.8333333333333334,False,0,STANDARD
AUTO_COLLISION,FRONT_COLLISION,6,9075.6,2,0,6,1,0.8333333333333334,True,0,INVESTIGATION
AUTO_COLLISION,SIDE_COLLISION,5,2287.52,3,2,3,1,0.6666666666666666,True,0,EXPERT_REVIEW
AUTO_COLLISION,FRONT_COLLISION,4,1993.49,2,0,4,0,1.0,False,0,EXPERT_REVIEW
AUTO_COLLISION,SIDE_COLLISION,6,1007.73,4,0,6,1,0.8333333333333334,False,0,STANDARD
AUTO_COLLISION,SIDE_COLLISION,2,2923.61,1,0,3,2,0.3333333333333333,False,0,INVESTIGATION
AUTO_COLLISION,FRONT_COLLISION,7,1292.58,2,0,3,0,1.0,False,0,EXPERT_REVIEW
AUTO_COLLISION,SIDE_COLLISION,9,2539.59,2,0,4,0,1.0,False,0,STANDARD
AUTO_COLLISION,REAR_COLLISION,4,1709.76,2,0,6,1,0.8333333333333334,False,0,FAST_TRACK
AUTO_COLLISION,SIDE_COLLISION,7,2135.93,1,0,4,1,0.75,False,1,INVESTIGATION
AUTO_COLLISION,REAR_COLLISION,5,394.13,3,0,3,0,1.0,False,0,STANDARD
AUTO_COLLISION,SIDE_COLLISION,5,1128.74,1,0,4,1,0.75,True,2,STANDARD
AUTO_COLLISION,SIDE_COLLISION,2,2886.38,2,0,3,0,1.0,False,0,EXPERT_REVIEW
AUTO_COLLISION,REAR_COLLISION,6,480.59,1,0,5,0,1.0,False,0,FAST_TRACK
AUTO_COLLISION,FRONT_COLLISION,5,2092.32,4,1,5,0,1.0,False,1,INVESTIGATION
AUTO_COLLISION,PARKING_DAMAGE,5,5559.5,2,1,5,1,0.8,False,1,STANDARD
AUTO_COLLISION,REAR_COLLISION,5,3539.12,1,0,4,1,0.75,True,0,STANDARD
AUTO_COLLISION,SIDE_COLLISION,3,1422.15,1,0,4,0,1.0,False,0,FAST_TRACK
AUTO_COLLISION,PARKING_DAMAGE,6,1235.3,1,0,6,3,0.5,False,2,INVESTIGATION
AUTO_COLLISION,SIDE_COLLISION,1,2261.84,3,1,5,0,1.0,False,0,EXPERT_REVIEW
AUTO_COLLISION,FRONT_COLLISION,5,3725.84,2,0,4,0,1.0,False,0,FAST_TRACK
AUTO_COLLISION,PARKING_DAMAGE,6,1601.82,2,0,6,1,0.8333333333333334,True,0,EXPERT_REVIEW
AUTO_COLLISION,PARKING_DAMAGE,6,1109.24,1,0,6,2,0.6666666666666666,False,0,STANDARD
AUTO_COLLISION,FRONT_COLLISION,4,3001.15,1,0,4,0,1.0,False,0,EXPERT_REVIEW
AUTO_COLLISION,REAR_COLLISION,7,1188.88,1,0,3,2,0.3333333333333333,False,1,STANDARD
AUTO_COLLISION,FRONT_COLLISION,3,3944.29,3,1,4,2,0.5,False,1,INVESTIGATION
AUTO_COLLISION,REAR_COLLISION,6,2994.4,3,0,4,0,1.0,False,0,STANDARD
AUTO_COLLISION,REAR_COLLISION,6,2835.15,2,0,4,1,0.75,False,0,EXPERT_REVIEW
AUTO_COLLISION,FRONT_COLLISION,4,1863.1,2,0,6,0,1.0,False,0,EXPERT_REVIEW
AUTO_COLLISION,REAR_COLLISION,5,1145.05,2,0,4,0,1.0,False,0,STANDARD
AUTO_COLLISION,FRONT_COLLISION,4,7863.33,4,2,4,2,0.5,False,0,EXPERT_REVIEW
AUTO_COLLISION,FRONT_COLLISION,5,1456.43,3,0,5,0,1.0,False,0,FAST_TRACK
AUTO_COLLISION,SIDE_COLLISION,5,3738.08,4,0,3,1,0.6666666666666666,True,0,EXPERT_REVIEW
AUTO_COLLISION,SIDE_COLLISION,4,3056.36,2,0,3,0,1.0,False,0,STANDARD
AUTO_COLLISION,REAR_COLLISION,2,4877.8,2,0,4,0,1.0,False,0,EXPERT_REVIEW
AUTO_COLLISION,SIDE_COLLISION,8,2453.91,5,0,5,0,1.0,False,0,STANDARD
AUTO_COLLISION,FRONT_COLLISION,4,5839.03,7,1,4,0,1.0,True,1,EXPERT_REVIEW
AUTO_COLLISION,PARKING_DAMAGE,4,271.23,4,1,3,0,1.0,False,1,EXPERT_REVIEW
AUTO_COLLISION,FRONT_COLLISION,7,1708.01,2,0,5,2,0.6,False,1,STANDARD
AUTO_COLLISION,REAR_COLLISION,7,638.05,3,1,6,2,0.6666666666666666,False,3,INVESTIGATION
AUTO_COLLISION,REAR_COLLISION,9,1026.74,2,1,4,0,1.0,False,0,FAST_TRACK
AUTO_COLLISION,FRONT_COLLISION,6,2930.15,3,0,3,0,1.0,False,0,FAST_TRACK
AUTO_COLLISION,PARKING_DAMAGE,8,539.14,1,0,5,0,1.0,False,0,STANDARD
AUTO_COLLISION,FRONT_COLLISION,8,985.48,3,0,4,1,0.75,False,0,EXPERT_REVIEW
AUTO_COLLISION,REAR_COLLISION,3,1893.06,2,0,3,1,0.6666666666666666,False,0,STANDARD
AUTO_COLLISION,FRONT_COLLISION,8,4513.71,3,0,3,0,1.0,False,0,INVESTIGATION
AUTO_COLLISION,FRONT_COLLISION,5,573.63,2,0,6,0,1.0,False,0,FAST_TRACK
AUTO_COLLISION,FRONT_COLLISION,5,6527.44,2,2,3,1,0.6666666666666666,False,3,INVESTIGATION
AUTO_COLLISION,REAR_COLLISION,10,4224.73,5,1,6,1,0.8333333333333334,False,0,STANDARD
AUTO_COLLISION,SIDE_COLLISION,3,2764.81,2,1,4,0,1.0,False,2,INVESTIGATION
AUTO_COLLISION,SIDE_COLLISION,11,2003.31,3,0,6,1,0.8333333333333334,True,0,EXPERT_REVIEW
AUTO_COLLISION,SIDE_COLLISION,2,2503.0,4,0,3,0,1.0,False,0,STANDARD
AUTO_COLLISION,REAR_COLLISION,3,1865.89,2,0,3,0,1.0,True,0,EXPERT_REVIEW
AUTO_COLLISION,FRONT_COLLISION,3,1639.13,2,0,3,0,1.0,False,0,FAST_TRACK
AUTO_COLLISION,REAR_COLLISION,7,2875.29,3,0,4,0,1.0,False,0,STANDARD
AUTO_COLLISION,REAR_COLLISION,5,1738.39,4,0,5,2,0.6,False,1,STANDARD
AUTO_COLLISION,REAR_COLLISION,1,2572.29,2,0,6,1,0.8333333333333334,False,0,STANDARD
AUTO_COLLISION,REAR_COLLISION,7,1020.51,4,1,5,3,0.4,False,4,INVESTIGATION
AUTO_COLLISION,SIDE_COLLISION,6,1183.25,2,0,5,0,1.0,False,0,STANDARD
AUTO_COLLISION,FRONT_COLLISION,9,846.7,2,0,6,0,1.0,False,0,STANDARD
AUTO_COLLISION,SIDE_COLLISION,8,5088.67,3,1,5,1,0.8,False,1,STANDARD
AUTO_COLLISION,SIDE_COLLISION,7,2023.54,1,1,3,2,0.3333333333333333,False,1,INVESTIGATION
AUTO_COLLISION,REAR_COLLISION,6,1743.06,3,0,3,0,1.0,False,0,STANDARD
AUTO_COLLISION,FRONT_COLLISION,7,1123.72,1,0,3,0,1.0,False,1,STANDARD
AUTO_COLLISION,FRONT_COLLISION,4,415.27,6,0,3,0,1.0,False,0,EXPERT_REVIEW
AUTO_COLLISION,FRONT_COLLISION,6,2269.68,3,0,4,0,1.0,False,0,FAST_TRACK
AUTO_COLLISION,SIDE_COLLISION,6,6415.2,2,0,6,1,0.8333333333333334,True,0,EXPERT_REVIEW
AUTO_COLLISION,REAR_COLLISION,7,1115.08,4,0,6,0,1.0,False,0,INVESTIGATION
AUTO_COLLISION,FRONT_COLLISION,3,2790.29,2,0,6,1,0.8333333333333334,False,0,EXPERT_REVIEW
AUTO_COLLISION,FRONT_COLLISION,8,1108.2,3,0,3,1,0.6666666666666666,False,0,EXPERT_REVIEW
AUTO_COLLISION,FRONT_COLLISION,3,1304.23,4,0,3,0,1.0,False,0,EXPERT_REVIEW
AUTO_COLLISION,PARKING_DAMAGE,5,1681.08,1,0,5,1,0.8,True,1,FAST_TRACK
AUTO_COLLISION,SIDE_COLLISION,5,11558.57,2,0,3,1,0.6666666666666666,False,0,STANDARD
AUTO_COLLISION,FRONT_COLLISION,4,2877.26,2,0,6,1,0.8333333333333334,False,0,STANDARD
AUTO_COLLISION,SIDE_COLLISION,6,5432.72,5,0,6,1,0.8333333333333334,False,0,STANDARD
AUTO_COLLISION,SIDE_COLLISION,3,4232.62,5,0,4,0,1.0,True,0,EXPERT_REVIEW
AUTO_COLLISION,FRONT_COLLISION,5,2984.59,4,0,4,1,0.75,False,0,STANDARD
AUTO_COLLISION,REAR_COLLISION,7,1472.84,4,0,4,0,1.0,False,0,INVESTIGATION
AUTO_COLLISION,SIDE_COLLISION,4,1257.19,1,0,4,1,0.75,False,1,STANDARD
AUTO_COLLISION,REAR_COLLISION,8,2645.49,4,0,4,1,0.75,False,2,FAST_TRACK
AUTO_COLLISION,PARKING_DAMAGE,6,1918.86,2,0,3,0,1.0,False,0,STANDARD
AUTO_COLLISION,SIDE_COLLISION,1,1670.17,1,0,3,0,1.0,False,1,STANDARD
AUTO_COLLISION,REAR_COLLISION,5,2441.7,2,0,6,1,0.8333333333333334,False,0,STANDARD
AUTO_COLLISION,FRONT_COLLISION,7,2890.77,2,0,6,0,1.0,False,0,FAST_TRACK
AUTO_COLLISION,REAR_COLLISION,12,1491.09,3,1,4,1,0.75,False,1,INVESTIGATION
AUTO_COLLISION,SIDE_COLLISION,4,8633.19,3,3,4,0,1.0,False,1,STANDARD
AUTO_COLLISION,REAR_COLLISION,5,2110.68,2,1,5,0,1.0,False,2,STANDARD
AUTO_COLLISION,PARKING_DAMAGE,4,945.01,3,0,6,0,1.0,False,0,STANDARD
AUTO_COLLISION,REAR_COLLISION,7,2032.57,3,0,3,0,1.0,False,0,FAST_TRACK
AUTO_COLLISION,FRONT_COLLISION,5,784.05,3,0,5,0,1.0,False,1,INVESTIGATION
AUTO_COLLISION,FRONT_COLLISION,4,884.82,1,1,5,0,1.0,False,1,EXPERT_REVIEW
AUTO_COLLISION,REAR_COLLISION,8,3374.76,1,0,3,2,0.3333333333333333,False,0,FAST_TRACK
AUTO_COLLISION,FRONT_COLLISION,5,2417.45,2,0,5,0,1.0,False,0,STANDARD
AUTO_COLLISION,FRONT_COLLISION,3,1809.86,1,0,4,0,1.0,False,0,STANDARD
AUTO_COLLISION,SIDE_COLLISION,8,4413.85,3,0,4,0,1.0,True,0,EXPERT_REVIEW
AUTO_COLLISION,FRONT_COLLISION,8,2017.25,1,0,4,0,1.0,False,0,FAST_TRACK
AUTO_COLLISION,SIDE_COLLISION,9,1312.85,3,0,3,0,1.0,False,0,EXPERT_REVIEW
AUTO_COLLISION,REAR_COLLISION,9,1405.95,3,0,6,1,0.8333333333333334,False,0,EXPERT_REVIEW
AUTO_COLLISION,REAR_COLLISION,5,1074.21,1,0,4,0,1.0,False,0,EXPERT_REVIEW
AUTO_COLLISION,FRONT_COLLISION,6,5702.9,2,1,5,3,0.4,False,1,STANDARD
AUTO_COLLISION,FRONT_COLLISION,9,806.17,1,0,3,0,1.0,False,0,STANDARD
AUTO_COLLISION,REAR_COLLISION,11,1092.18,2,0,5,0,1.0,False,0,STANDARD
AUTO_COLLISION,FRONT_COLLISION,9,1737.47,2,0,5,0,1.0,False,0,FAST_TRACK
AUTO_COLLISION,FRONT_COLLISION,10,571.39,3,0,5,1,0.8,False,1,FAST_TRACK
AUTO_COLLISION,SIDE_COLLISION,5,1099.71,1,0,3,0,1.0,False,2,FAST_TRACK
AUTO_COLLISION,REAR_COLLISION,8,4388.23,2,0,6,1,0.8333333333333334,False,0,INVESTIGATION
AUTO_COLLISION,FRONT_COLLISION,10,2031.71,5,2,6,1,0.8333333333333334,False,3,INVESTIGATION
AUTO_COLLISION,REAR_COLLISION,6,3395.81,2,0,3,0,1.0,True,0,STANDARD
AUTO_COLLISION,SIDE_COLLISION,9,3557.96,1,0,3,0,1.0,False,0,STANDARD
AUTO_COLLISION,PARKING_DAMAGE,6,1366.33,2,0,4,0,1.0,False,0,FAST_TRACK
AUTO_COLLISION,REAR_COLLISION,4,1322.67,1,1,5,1,0.8,False,5,INVESTIGATION
AUTO_COLLISION,SIDE_COLLISION,5,3593.57,1,0,5,1,0.8,False,0,STANDARD
AUTO_COLLISION,SIDE_COLLISION,5,2126.75,2,0,3,1,0.6666666666666666,False,1,EXPERT_REVIEW
AUTO_COLLISION,FRONT_COLLISION,2,5144.52,5,0,6,2,0.6666666666666666,False,2,INVESTIGATION
AUTO_COLLISION,SIDE_COLLISION,5,1366.8,4,0,6,0,1.0,False,0,STANDARD
AUTO_COLLISION,PARKING_DAMAGE,10,991.7,2,0,6,1,0.8333333333333334,False,0,STANDARD
AUTO_COLLISION,FRONT_COLLISION,10,3472.3,3,0,5,0,1.0,False,0,INVESTIGATION
AUTO_COLLISION,SIDE_COLLISION,7,4997.25,2,0,6,1,0.8333333333333334,False,1,STANDARD
AUTO_COLLISION,SIDE_COLLISION,2,1515.31,3,0,6,1,0.8333333333333334,False,1,INVESTIGATION
AUTO_COLLISION,SIDE_COLLISION,5,4851.4,2,0,6,2,0.6666666666666666,False,1,STANDARD
AUTO_COLLISION,REAR_COLLISION,7,4290.18,5,0,3,0,1.0,False,0,STANDARD
AUTO_COLLISION,FRONT_COLLISION,8,2488.04,1,0,5,0,1.0,False,0,FAST_TRACK
AUTO_COLLISION,FRONT_COLLISION,12,3897.13,3,1,4,1,0.75,False,1,EXPERT_REVIEW
AUTO_COLLISION,FRONT_COLLISION,6,2709.7,2,1,5,1,0.8,False,1,INVESTIGATION
AUTO_COLLISION,REAR_COLLISION,5,2453.18,2,1,4,0,1.0,False,0,STANDARD
AUTO_COLLISION,REAR_COLLISION,8,1164.2,2,0,4,0,1.0,False,0,FAST_TRACK
AUTO_COLLISION,SIDE_COLLISION,7,1747.42,2,0,5,0,1.0,False,0,FAST_TRACK
AUTO_COLLISION,FRONT_COLLISION,3,1441.49,1,0,5,0,1.0,False,0,EXPERT_REVIEW
AUTO_COLLISION,FRONT_COLLISION,8,747.35,3,2,6,1,0.8333333333333334,False,2,INVESTIGATION
AUTO_COLLISION,REAR_COLLISION,3,2631.83,1,0,6,0,1.0,False,0,FAST_TRACK
AUTO_COLLISION,SIDE_COLLISION,9,1196.29,1,0,6,0,1.0,False,0,STANDARD
AUTO_COLLISION,REAR_COLLISION,4,2091.41,1,0,4,1,0.75,False,0,STANDARD
AUTO_COLLISION,REAR_COLLISION,5,2708.84,3,1,3,0,1.0,False,2,EXPERT_REVIEW
AUTO_COLLISION,FRONT_COLLISION,10,1090.89,2,0,6,0,1.0,False,0,FAST_TRACK
AUTO_COLLISION,FRONT_COLLISION,10,2704.83,3,0,5,0,1.0,False,0,EXPERT_REVIEW
AUTO_COLLISION,REAR_COLLISION,6,505.95,2,0,4,1,0.75,False,0,EXPERT_REVIEW
AUTO_COLLISION,REAR_COLLISION,4,1794.2,3,1,5,0,1.0,False,0,STANDARD
AUTO_COLLISION,SIDE_COLLISION,8,4269.32,4,0,4,1,0.75,True,0,EXPERT_REVIEW
AUTO_COLLISION,FRONT_COLLISION,3,886.06,2,0,4,0,1.0,False,1,STANDARD
AUTO_COLLISION,SIDE_COLLISION,3,4990.48,3,0,3,0,1.0,False,1,FAST_TRACK
AUTO_COLLISION,REAR_COLLISION,5,683.76,2,0,4,0,1.0,False,0,STANDARD
AUTO_COLLISION,SIDE_COLLISION,4,3606.82,2,0,5,0,1.0,True,0,EXPERT_REVIEW
AUTO_COLLISION,FRONT_COLLISION,3,2362.77,2,0,3,0,1.0,False,0,STANDARD
AUTO_COLLISION,REAR_COLLISION,10,1563.09,3,0,5,0,1.0,False,1,STANDARD
AUTO_COLLISION,FRONT_COLLISION,5,2172.89,2,0,4,0,1.0,False,0,FAST_TRACK
AUTO_COLLISION,REAR_COLLISION,5,1554.55,3,0,6,0,1.0,False,2,STANDARD
AUTO_COLLISION,FRONT_COLLISION,6,4873.82,3,1,5,1,0.8,False,0,STANDARD
AUTO_COLLISION,FRONT_COLLISION,10,1796.39,2,0,3,1,0.6666666666666666,False,1,EXPERT_REVIEW
AUTO_COLLISION,PARKING_DAMAGE,8,421.27,1,0,6,0,1.0,False,0,STANDARD
AUTO_COLLISION,SIDE_COLLISION,6,2083.63,1,0,4,1,0.75,False,0,EXPERT_REVIEW
AUTO_COLLISION,REAR_COLLISION,4,3626.61,5,1,4,0,1.0,False,1,STANDARD
AUTO_COLLISION,REAR_COLLISION,11,1427.18,1,0,5,0,1.0,False,1,STANDARD
AUTO_COLLISION,REAR_COLLISION,5,2070.6,4,0,6,1,0.8333333333333334,False,0,EXPERT_REVIEW
AUTO_COLLISION,PARKING_DAMAGE,7,4834.29,2,0,3,0,1.0,False,0,STANDARD
AUTO_COLLISION,REAR_COLLISION,3,2737.72,4,1,3,0,1.0,False,0,EXPERT_REVIEW
AUTO_COLLISION,FRONT_COLLISION,7,2156.22,3,0,4,0,1.0,False,0,FAST_TRACK
AUTO_COLLISION,REAR_COLLISION,2,3493.79,1,0,4,1,0.75,False,1,EXPERT_REVIEW
AUTO_COLLISION,PARKING_DAMAGE,6,2058.45,2,1,5,0,1.0,False,0,EXPERT_REVIEW
AUTO_COLLISION,SIDE_COLLISION,4,2511.54,2,0,5,0,1.0,False,0,FAST_TRACK
AUTO_COLLISION,SIDE_COLLISION,4,1851.12,4,0,4,1,0.75,False,0,INVESTIGATION
AUTO_COLLISION,FRONT_COLLISION,6,1904.27,2,1,3,0,1.0,True,0,EXPERT_REVIEW
AUTO_COLLISION,FRONT_COLLISION,3,3582.83,4,1,4,0,1.0,True,2,EXPERT_REVIEW
AUTO_COLLISION,SIDE_COLLISION,7,2009.22,4,0,5,0,1.0,True,0,EXPERT_REVIEW
AUTO_COLLISION,FRONT_COLLISION,9,677.83,1,0,3,0,1.0,False,0,STANDARD
AUTO_COLLISION,FRONT_COLLISION,2,6649.89,4,0,6,3,0.5,False,0,EXPERT_REVIEW
AUTO_COLLISION,SIDE_COLLISION,7,3317.84,2,1,6,0,1.0,False,0,STANDARD
AUTO_COLLISION,FRONT_COLLISION,7,1896.6,3,0,4,1,0.75,False,1,STANDARD
AUTO_COLLISION,REAR_COLLISION,7,4071.73,4,0,4,1,0.75,False,0,EXPERT_REVIEW
AUTO_COLLISION,REAR_COLLISION,8,2126.56,1,0,4,0,1.0,False,0,EXPERT_REVIEW
AUTO_COLLISION,SIDE_COLLISION,1,1018.27,3,0,3,0,1.0,False,0,EXPERT_REVIEW
AUTO_COLLISION,PARKING_DAMAGE,8,2405.41,2,1,4,0,1.0,False,0,STANDARD
